customer_id,customer_name,gender,age,city,signup_date,state,customer_segment
10001,Customer 10001,Male,51,Coimbatore,2024-05-27,Tamil Nadu,Loyal
10002,Customer 10002,Male,50,Bengaluru,2023-08-06,Karnataka,Regular
10003,Customer 10003,Female,35,Jaipur,2022-09-02,Rajasthan,New
10004,Customer 10004,Male,20,Kolkata,2023-07-04,West Bengal,Regular
10005,Customer 10005,Female,41,Hyderabad,2023-12-29,Telangana,Regular
10006,Customer 10006,Male,18,Jaipur,2023-10-01,Rajasthan,Loyal
10007,Customer 10007,Female,23,Mysuru,2023-08-07,Karnataka,Regular
10008,Customer 10008,Male,36,Coimbatore,2022-08-14,Tamil Nadu,VIP
10009,Customer 10009,Female,39,Noida,2024-04-06,Uttar Pradesh,Regular
10010,Customer 10010,Female,60,Nagpur,2023-03-17,Maharashtra,Regular
10011,Customer 10011,Male,25,Coimbatore,2023-02-16,Tamil Nadu,Regular
10012,Customer 10012,Female,22,Kolkata,2024-03-24,West Bengal,Regular
10013,Customer 10013,Male,26,Kolkata,2022-09-03,West Bengal,VIP
10014,Customer 10014,Female,64,Hyderabad,2023-08-06,Telangana,Loyal
10015,Customer 10015,Female,38,Mysuru,2023-05-15,Karnataka,Regular
10016,Customer 10016,Male,45,Bengaluru,2024-09-08,Karnataka,New
10017,Customer 10017,Male,63,Hyderabad,2023-07-04,Telangana,New
10018,Customer 10018,Male,21,Hyderabad,2022-04-27,Telangana,Regular
10019,Customer 10019,Male,41,Nagpur,2022-07-23,Maharashtra,Loyal
10020,Customer 10020,Male,25,Chennai,2022-12-17,Tamil Nadu,Loyal
10021,Customer 10021,Male,34,Mysuru,2022-11-15,Karnataka,Regular
10022,Customer 10022,Male,51,Pune,2024-07-28,Maharashtra,New
10023,Customer 10023,Female,37,Hyderabad,2023-05-04,Telangana,Regular
10024,Customer 10024,Male,33,Ahmedabad,2022-04-17,Gujarat,Loyal
10025,Customer 10025,Male,27,Kochi,2023-10-16,Kerala,Regular
10026,Customer 10026,Female,51,Chennai,2022-06-21,Tamil Nadu,Regular
10027,Customer 10027,Male,60,Pune,2023-06-03,Maharashtra,Regular
10028,Customer 10028,Male,27,Ahmedabad,2024-08-15,Gujarat,New
10029,Customer 10029,Male,47,Mysuru,2024-03-23,Karnataka,Regular
10030,Customer 10030,Female,47,Mumbai,2023-06-12,Maharashtra,Loyal
10031,Customer 10031,Female,42,Ahmedabad,2022-11-16,Gujarat,VIP
10032,Customer 10032,Male,63,Noida,2024-11-26,Uttar Pradesh,Regular
10033,Customer 10033,Female,60,Chennai,2023-05-14,Tamil Nadu,New
10034,Customer 10034,Female,58,Jaipur,2022-09-22,Rajasthan,Loyal
10035,Customer 10035,Female,24,Ahmedabad,2024-06-26,Gujarat,Loyal
10036,Customer 10036,Female,64,Delhi,2023-02-06,Delhi,New
10037,Customer 10037,Female,37,Mumbai,2024-09-13,Maharashtra,Loyal
10038,Customer 10038,Male,34,Kolkata,2023-08-25,West Bengal,Loyal
10039,Customer 10039,Male,20,Kolkata,2024-08-09,West Bengal,Regular
10040,Customer 10040,Male,64,Noida,2022-08-06,Uttar Pradesh,Regular
10041,Customer 10041,Female,63,Ahmedabad,2022-11-26,Gujarat,Loyal
10042,Customer 10042,Female,57,Ahmedabad,2022-07-05,Gujarat,Loyal
10043,Customer 10043,Female,53,Kochi,2022-07-28,Kerala,New
10044,Customer 10044,Other,43,Kochi,2022-10-15,Kerala,New
10045,Customer 10045,Male,27,Kochi,2022-03-29,Kerala,New
10046,Customer 10046,Female,51,Nagpur,2024-09-29,Maharashtra,Loyal
10047,Customer 10047,Female,31,Ahmedabad,2022-05-16,Gujarat,Regular
10048,Customer 10048,Female,25,Coimbatore,2022-06-07,Tamil Nadu,Regular
10049,Customer 10049,Other,44,Bengaluru,2024-03-04,Karnataka,Loyal
10050,Customer 10050,Female,27,Delhi,2024-07-08,Delhi,Regular
10051,Customer 10051,Male,32,Nagpur,2022-06-04,Maharashtra,Loyal
10052,Customer 10052,Female,54,Mysuru,2022-08-08,Karnataka,Regular
10053,Customer 10053,Male,39,Nagpur,2025-04-05,Maharashtra,Regular
10054,Customer 10054,Female,62,Coimbatore,2022-11-18,Tamil Nadu,Regular
10055,Customer 10055,Female,48,Mysuru,2023-11-22,Karnataka,VIP
10056,Customer 10056,Male,19,Delhi,2024-04-20,Delhi,Loyal
10057,Customer 10057,Female,62,Coimbatore,2023-05-27,Tamil Nadu,New
10058,Customer 10058,Male,48,Pune,2022-03-28,Maharashtra,VIP
10059,Customer 10059,Male,31,Bengaluru,2022-10-02,Karnataka,Loyal
10060,Customer 10060,Male,27,Delhi,2022-05-21,Delhi,New
10061,Customer 10061,Female,47,Ahmedabad,2023-09-17,Gujarat,New
10062,Customer 10062,Female,53,Kochi,2024-07-04,Kerala,Regular
10063,Customer 10063,Female,64,Pune,2022-12-19,Maharashtra,Regular
10064,Customer 10064,Male,57,Noida,2024-10-25,Uttar Pradesh,Regular
10065,Customer 10065,Female,32,Delhi,2023-01-17,Delhi,Regular
10066,Customer 10066,Female,31,Noida,2023-04-20,Uttar Pradesh,Regular
10067,Customer 10067,Male,48,Mysuru,2024-07-16,Karnataka,Regular
10068,Customer 10068,Male,46,Pune,2022-01-30,Maharashtra,New
10069,Customer 10069,Male,44,Bengaluru,2024-07-10,Karnataka,Regular
10070,Customer 10070,Female,38,Ahmedabad,2023-08-17,Gujarat,Regular
10071,Customer 10071,Female,26,Ahmedabad,2023-05-08,Gujarat,Regular
10072,Customer 10072,Female,37,Coimbatore,2023-05-10,Tamil Nadu,VIP
10073,Customer 10073,Male,52,Ahmedabad,2023-01-23,Gujarat,New
10074,Customer 10074,Female,32,Jaipur,2024-05-22,Rajasthan,New
10075,Customer 10075,Male,41,Hyderabad,2024-04-14,Telangana,New
10076,Customer 10076,Male,33,Nagpur,2025-06-30,Maharashtra,Regular
10077,Customer 10077,Female,53,Kochi,2023-09-22,Kerala,Loyal
10078,Customer 10078,Male,28,Mumbai,2024-07-27,Maharashtra,Regular
10079,Customer 10079,Female,25,Bengaluru,2022-01-30,Karnataka,Regular
10080,Customer 10080,Male,20,Pune,2023-09-15,Maharashtra,Regular
10081,Customer 10081,Female,36,Hyderabad,2024-03-17,Telangana,Regular
10082,Customer 10082,Male,63,Bengaluru,2022-12-08,Karnataka,Regular
10083,Customer 10083,Female,58,Pune,2024-09-27,Maharashtra,Regular
10084,Customer 10084,Male,20,Kochi,2022-09-01,Kerala,New
10085,Customer 10085,Male,53,Chennai,2022-08-09,Tamil Nadu,Loyal
10086,Customer 10086,Female,42,Chennai,2025-03-25,Tamil Nadu,Regular
10087,Customer 10087,Male,53,Noida,2023-01-08,Uttar Pradesh,Regular
10088,Customer 10088,Female,28,Bengaluru,2023-06-15,Karnataka,Regular
10089,Customer 10089,Other,33,Chennai,2022-08-03,Tamil Nadu,VIP
10090,Customer 10090,Male,34,Jaipur,2023-01-02,Rajasthan,New
10091,Customer 10091,Male,59,Pune,2022-04-24,Maharashtra,New
10092,Customer 10092,Female,41,Noida,2025-05-08,Uttar Pradesh,Regular
10093,Customer 10093,Female,34,Ahmedabad,2022-01-25,Gujarat,Regular
10094,Customer 10094,Female,37,Pune,2024-07-22,Maharashtra,Regular
10095,Customer 10095,Female,39,Noida,2025-02-18,Uttar Pradesh,VIP
10096,Customer 10096,Female,23,Kochi,2023-09-03,Kerala,Regular
10097,Customer 10097,Male,24,Bengaluru,2024-05-07,Karnataka,Loyal
10098,Customer 10098,Female,31,Kochi,2024-10-23,Kerala,Regular
10099,Customer 10099,Female,28,Hyderabad,2024-06-16,Telangana,Loyal
10100,Customer 10100,Male,29,Kochi,2024-02-12,Kerala,Regular
10101,Customer 10101,Male,63,Coimbatore,2023-03-21,Tamil Nadu,Regular
10102,Customer 10102,Male,22,Ahmedabad,2022-01-20,Gujarat,Loyal
10103,Customer 10103,Male,22,Delhi,2025-05-12,Delhi,New
10104,Customer 10104,Female,37,Kochi,2024-03-16,Kerala,VIP
10105,Customer 10105,Male,32,Hyderabad,2022-05-08,Telangana,Regular
10106,Customer 10106,Male,43,Mysuru,2022-12-24,Karnataka,VIP
10107,Customer 10107,Male,50,Jaipur,2025-04-12,Rajasthan,Regular
10108,Customer 10108,Other,47,Pune,2024-05-30,Maharashtra,Loyal
10109,Customer 10109,Female,41,Mysuru,2024-11-26,Karnataka,New
10110,Customer 10110,Male,40,Hyderabad,2024-07-05,Telangana,Regular
10111,Customer 10111,Male,26,Noida,2025-01-12,Uttar Pradesh,Loyal
10112,Customer 10112,Other,20,Delhi,2023-05-25,Delhi,Loyal
10113,Customer 10113,Female,53,Ahmedabad,2023-03-20,Gujarat,New
10114,Customer 10114,Male,24,Ahmedabad,2025-05-13,Gujarat,Regular
10115,Customer 10115,Male,39,Ahmedabad,2024-02-18,Gujarat,Regular
10116,Customer 10116,Male,31,Jaipur,2025-01-16,Rajasthan,New
10117,Customer 10117,Male,46,Delhi,2022-09-09,Delhi,Regular
10118,Customer 10118,Female,33,Jaipur,2024-11-20,Rajasthan,Loyal
10119,Customer 10119,Female,51,Jaipur,2023-02-25,Rajasthan,Regular
10120,Customer 10120,Female,27,Mumbai,2022-03-02,Maharashtra,Regular
10121,Customer 10121,Female,24,Delhi,2023-08-02,Delhi,VIP
10122,Customer 10122,Male,42,Coimbatore,2025-06-03,Tamil Nadu,New
10123,Customer 10123,Female,44,Delhi,2023-08-02,Delhi,Regular
10124,Customer 10124,Female,32,Hyderabad,2023-10-02,Telangana,Loyal
10125,Customer 10125,Male,49,Mumbai,2022-04-21,Maharashtra,Loyal
10126,Customer 10126,Male,45,Ahmedabad,2023-05-06,Gujarat,Loyal
10127,Customer 10127,Female,26,Hyderabad,2022-02-03,Telangana,Loyal
10128,Customer 10128,Male,24,Hyderabad,2022-07-31,Telangana,New
10129,Customer 10129,Male,33,Kolkata,2022-05-05,West Bengal,Regular
10130,Customer 10130,Female,43,Nagpur,2025-01-31,Maharashtra,Loyal
10131,Customer 10131,Other,52,Mumbai,2025-02-17,Maharashtra,New
10132,Customer 10132,Male,34,Hyderabad,2024-06-12,Telangana,New
10133,Customer 10133,Female,40,Nagpur,2022-11-27,Maharashtra,Loyal
10134,Customer 10134,Male,25,Nagpur,2023-02-16,Maharashtra,Loyal
10135,Customer 10135,Female,19,Mumbai,2024-07-22,Maharashtra,Regular
10136,Customer 10136,Female,48,Kolkata,2025-04-01,West Bengal,VIP
10137,Customer 10137,Female,49,Mysuru,2023-10-26,Karnataka,Loyal
10138,Customer 10138,Male,46,Noida,2024-12-24,Uttar Pradesh,VIP
10139,Customer 10139,Female,20,Coimbatore,2025-05-24,Tamil Nadu,Loyal
10140,Customer 10140,Female,25,Noida,2023-08-26,Uttar Pradesh,Regular
10141,Customer 10141,Male,19,Delhi,2022-01-26,Delhi,Loyal
10142,Customer 10142,Male,48,Ahmedabad,2023-10-31,Gujarat,Loyal
10143,Customer 10143,Male,54,Coimbatore,2023-08-07,Tamil Nadu,Loyal
10144,Customer 10144,Male,37,Delhi,2024-12-03,Delhi,Loyal
10145,Customer 10145,Female,46,Hyderabad,2025-01-18,Telangana,New
10146,Customer 10146,Male,34,Ahmedabad,2025-03-02,Gujarat,Regular
10147,Customer 10147,Male,27,Pune,2025-03-30,Maharashtra,Regular
10148,Customer 10148,Female,58,Mumbai,2023-01-15,Maharashtra,Loyal
10149,Customer 10149,Male,39,Coimbatore,2023-01-04,Tamil Nadu,Loyal
10150,Customer 10150,Female,23,Coimbatore,2025-02-08,Tamil Nadu,Regular
10151,Customer 10151,Male,60,Kochi,2025-01-05,Kerala,Regular
10152,Customer 10152,Female,51,Hyderabad,2022-07-28,Telangana,Loyal
10153,Customer 10153,Female,48,Mysuru,2024-11-02,Karnataka,Regular
10154,Customer 10154,Female,29,Nagpur,2022-01-25,Maharashtra,New
10155,Customer 10155,Male,29,Ahmedabad,2023-06-30,Gujarat,Regular
10156,Customer 10156,Female,33,Hyderabad,2025-03-09,Telangana,Loyal
10157,Customer 10157,Male,42,Chennai,2022-10-02,Tamil Nadu,Loyal
10158,Customer 10158,Male,39,Kolkata,2024-05-23,West Bengal,Regular
10159,Customer 10159,Male,44,Nagpur,2022-08-10,Maharashtra,New
10160,Customer 10160,Female,41,Mumbai,2024-11-26,Maharashtra,Regular
10161,Customer 10161,Male,29,Nagpur,2024-05-24,Maharashtra,Loyal
10162,Customer 10162,Female,35,Mysuru,2025-02-26,Karnataka,Loyal
10163,Customer 10163,Male,62,Kochi,2022-08-06,Kerala,Regular
10164,Customer 10164,Male,64,Nagpur,2025-06-25,Maharashtra,New
10165,Customer 10165,Female,33,Mumbai,2022-04-21,Maharashtra,Loyal
10166,Customer 10166,Male,21,Mysuru,2024-03-26,Karnataka,Regular
10167,Customer 10167,Female,29,Noida,2023-12-09,Uttar Pradesh,Regular
10168,Customer 10168,Male,50,Coimbatore,2022-05-27,Tamil Nadu,Loyal
10169,Customer 10169,Female,39,Kochi,2023-07-06,Kerala,VIP
10170,Customer 10170,Female,35,Coimbatore,2022-05-14,Tamil Nadu,Loyal
10171,Customer 10171,Male,50,Kolkata,2023-04-09,West Bengal,Regular
10172,Customer 10172,Male,44,Delhi,2024-05-13,Delhi,Regular
10173,Customer 10173,Female,59,Noida,2025-04-29,Uttar Pradesh,New
10174,Customer 10174,Female,36,Noida,2025-04-01,Uttar Pradesh,New
10175,Customer 10175,Male,31,Ahmedabad,2023-04-01,Gujarat,Regular
10176,Customer 10176,Male,42,Jaipur,2024-12-20,Rajasthan,New
10177,Customer 10177,Female,51,Nagpur,2024-10-25,Maharashtra,Loyal
10178,Customer 10178,Female,41,Coimbatore,2024-11-26,Tamil Nadu,New
10179,Customer 10179,Male,55,Mumbai,2023-04-05,Maharashtra,Regular
10180,Customer 10180,Male,40,Bengaluru,2025-05-25,Karnataka,Regular
10181,Customer 10181,Male,22,Jaipur,2022-05-19,Rajasthan,Regular
10182,Customer 10182,Female,61,Bengaluru,2023-09-10,Karnataka,Regular
10183,Customer 10183,Male,53,Kochi,2025-01-27,Kerala,Loyal
10184,Customer 10184,Other,41,Mysuru,2023-11-11,Karnataka,Regular
10185,Customer 10185,Male,53,Coimbatore,2024-08-18,Tamil Nadu,Loyal
10186,Customer 10186,Male,22,Coimbatore,2023-08-22,Tamil Nadu,Regular
10187,Customer 10187,Female,56,Jaipur,2023-08-19,Rajasthan,New
10188,Customer 10188,Female,23,Kolkata,2025-06-01,West Bengal,Regular
10189,Customer 10189,Female,62,Jaipur,2022-01-11,Rajasthan,Regular
10190,Customer 10190,Male,53,Bengaluru,2022-11-23,Karnataka,Loyal
10191,Customer 10191,Female,62,Jaipur,2023-01-14,Rajasthan,Loyal
10192,Customer 10192,Female,21,Coimbatore,2022-08-19,Tamil Nadu,New
10193,Customer 10193,Female,27,Kolkata,2025-03-10,West Bengal,New
10194,Customer 10194,Male,18,Nagpur,2023-09-10,Maharashtra,Regular
10195,Customer 10195,Male,38,Chennai,2024-02-04,Tamil Nadu,VIP
10196,Customer 10196,Male,57,Ahmedabad,2022-02-18,Gujarat,New
10197,Customer 10197,Female,56,Pune,2023-03-27,Maharashtra,Loyal
10198,Customer 10198,Male,54,Noida,2023-05-06,Uttar Pradesh,Regular
10199,Customer 10199,Female,20,Jaipur,2025-05-13,Rajasthan,Regular
10200,Customer 10200,Female,64,Kochi,2023-02-11,Kerala,Regular
10201,Customer 10201,Female,48,Delhi,2024-12-10,Delhi,Regular
10202,Customer 10202,Female,44,Mysuru,2022-06-24,Karnataka,Regular
10203,Customer 10203,Male,34,Chennai,2023-04-25,Tamil Nadu,New
10204,Customer 10204,Male,40,Ahmedabad,2022-08-11,Gujarat,New
10205,Customer 10205,Male,30,Ahmedabad,2022-09-26,Gujarat,New
10206,Customer 10206,Female,64,Ahmedabad,2024-03-20,Gujarat,Regular
10207,Customer 10207,Male,44,Ahmedabad,2024-06-11,Gujarat,Regular
10208,Customer 10208,Female,37,Bengaluru,2024-06-19,Karnataka,Regular
10209,Customer 10209,Male,63,Kochi,2024-07-07,Kerala,Regular
10210,Customer 10210,Male,30,Kochi,2022-11-14,Kerala,Regular
10211,Customer 10211,Male,61,Kolkata,2023-01-20,West Bengal,Regular
10212,Customer 10212,Female,41,Noida,2023-09-18,Uttar Pradesh,Regular
10213,Customer 10213,Female,58,Coimbatore,2025-05-27,Tamil Nadu,Loyal
10214,Customer 10214,Male,20,Ahmedabad,2024-12-13,Gujarat,New
10215,Customer 10215,Female,60,Delhi,2025-05-08,Delhi,VIP
10216,Customer 10216,Male,27,Coimbatore,2023-10-05,Tamil Nadu,New
10217,Customer 10217,Other,18,Kochi,2023-12-05,Kerala,VIP
10218,Customer 10218,Female,30,Mumbai,2022-11-01,Maharashtra,Loyal
10219,Customer 10219,Male,31,Mumbai,2025-06-22,Maharashtra,Loyal
10220,Customer 10220,Female,50,Delhi,2024-04-21,Delhi,Loyal
10221,Customer 10221,Male,19,Kolkata,2025-05-16,West Bengal,New
10222,Customer 10222,Female,19,Kochi,2023-05-26,Kerala,New
10223,Customer 10223,Male,56,Delhi,2022-06-12,Delhi,Regular
10224,Customer 10224,Female,58,Bengaluru,2024-01-08,Karnataka,Regular
10225,Customer 10225,Male,48,Jaipur,2022-12-07,Rajasthan,Regular
10226,Customer 10226,Female,21,Delhi,2024-07-20,Delhi,Regular
10227,Customer 10227,Female,51,Nagpur,2023-06-14,Maharashtra,New
10228,Customer 10228,Female,36,Coimbatore,2022-02-03,Tamil Nadu,Regular
10229,Customer 10229,Female,54,Chennai,2024-09-24,Tamil Nadu,Regular
10230,Customer 10230,Female,26,Hyderabad,2022-11-19,Telangana,Regular
10231,Customer 10231,Male,41,Kolkata,2025-04-19,West Bengal,VIP
10232,Customer 10232,Male,30,Delhi,2022-12-13,Delhi,Regular
10233,Customer 10233,Male,61,Kochi,2025-04-30,Kerala,Regular
10234,Customer 10234,Other,47,Mysuru,2023-12-22,Karnataka,Regular
10235,Customer 10235,Male,36,Mumbai,2025-06-23,Maharashtra,Loyal
10236,Customer 10236,Female,58,Nagpur,2022-09-02,Maharashtra,New
10237,Customer 10237,Female,27,Noida,2023-11-09,Uttar Pradesh,VIP
10238,Customer 10238,Male,59,Ahmedabad,2024-07-03,Gujarat,Regular
10239,Customer 10239,Male,61,Hyderabad,2023-12-24,Telangana,Regular
10240,Customer 10240,Male,31,Kolkata,2024-09-30,West Bengal,VIP
10241,Customer 10241,Male,57,Chennai,2022-05-13,Tamil Nadu,VIP
10242,Customer 10242,Male,37,Hyderabad,2025-05-05,Telangana,Regular
10243,Customer 10243,Male,21,Delhi,2024-06-28,Delhi,New
10244,Customer 10244,Female,55,Bengaluru,2022-02-18,Karnataka,Loyal
10245,Customer 10245,Female,61,Mumbai,2024-12-23,Maharashtra,Regular
10246,Customer 10246,Male,56,Kochi,2025-02-01,Kerala,Regular
10247,Customer 10247,Male,22,Mumbai,2022-08-01,Maharashtra,New
10248,Customer 10248,Male,59,Noida,2022-04-29,Uttar Pradesh,Regular
10249,Customer 10249,Female,49,Bengaluru,2024-05-05,Karnataka,Loyal
10250,Customer 10250,Female,23,Ahmedabad,2024-01-31,Gujarat,Regular
10251,Customer 10251,Male,31,Kochi,2023-11-10,Kerala,VIP
10252,Customer 10252,Male,23,Coimbatore,2024-06-13,Tamil Nadu,New
10253,Customer 10253,Female,31,Pune,2025-06-19,Maharashtra,New
10254,Customer 10254,Female,29,Nagpur,2022-10-07,Maharashtra,Regular
10255,Customer 10255,Male,44,Mumbai,2023-02-28,Maharashtra,Loyal
10256,Customer 10256,Female,43,Mysuru,2022-12-29,Karnataka,VIP
10257,Customer 10257,Male,29,Mumbai,2024-10-17,Maharashtra,Loyal
10258,Customer 10258,Male,25,Hyderabad,2022-11-10,Telangana,New
10259,Customer 10259,Female,27,Mumbai,2025-04-05,Maharashtra,VIP
10260,Customer 10260,Female,33,Kolkata,2024-02-09,West Bengal,Loyal
10261,Customer 10261,Male,43,Mumbai,2024-12-22,Maharashtra,New
10262,Customer 10262,Female,25,Pune,2022-09-29,Maharashtra,Regular
10263,Customer 10263,Male,58,Pune,2024-11-26,Maharashtra,Regular
10264,Customer 10264,Female,62,Ahmedabad,2024-11-05,Gujarat,Regular
10265,Customer 10265,Male,46,Chennai,2022-12-09,Tamil Nadu,VIP
10266,Customer 10266,Female,37,Coimbatore,2022-12-12,Tamil Nadu,New
10267,Customer 10267,Female,34,Mysuru,2022-08-21,Karnataka,Regular
10268,Customer 10268,Male,36,Mumbai,2024-09-16,Maharashtra,Regular
10269,Customer 10269,Female,34,Mumbai,2023-07-30,Maharashtra,Regular
10270,Customer 10270,Female,56,Nagpur,2023-02-20,Maharashtra,Loyal
10271,Customer 10271,Female,18,Kochi,2024-06-23,Kerala,Regular
10272,Customer 10272,Male,46,Pune,2022-09-24,Maharashtra,Regular
10273,Customer 10273,Female,31,Mysuru,2024-09-23,Karnataka,VIP
10274,Customer 10274,Female,34,Ahmedabad,2024-01-14,Gujarat,Loyal
10275,Customer 10275,Male,30,Noida,2024-06-29,Uttar Pradesh,Regular
10276,Customer 10276,Female,46,Chennai,2023-03-19,Tamil Nadu,Regular
10277,Customer 10277,Male,51,Coimbatore,2023-07-14,Tamil Nadu,Regular
10278,Customer 10278,Male,44,Bengaluru,2022-03-17,Karnataka,Loyal
10279,Customer 10279,Female,63,Coimbatore,2022-09-04,Tamil Nadu,Loyal
10280,Customer 10280,Female,50,Kolkata,2023-08-03,West Bengal,Regular
10281,Customer 10281,Female,46,Hyderabad,2022-11-09,Telangana,Loyal
10282,Customer 10282,Male,54,Kolkata,2023-07-30,West Bengal,New
10283,Customer 10283,Female,56,Mumbai,2022-12-09,Maharashtra,New
10284,Customer 10284,Male,36,Chennai,2023-12-16,Tamil Nadu,Regular
10285,Customer 10285,Male,63,Hyderabad,2025-04-20,Telangana,Regular
10286,Customer 10286,Male,41,Mysuru,2024-09-10,Karnataka,New
10287,Customer 10287,Female,31,Bengaluru,2023-12-27,Karnataka,Loyal
10288,Customer 10288,Female,64,Pune,2023-09-24,Maharashtra,Regular
10289,Customer 10289,Female,54,Chennai,2023-02-03,Tamil Nadu,Loyal
10290,Customer 10290,Female,22,Chennai,2025-06-18,Tamil Nadu,Loyal
10291,Customer 10291,Male,41,Kolkata,2023-12-15,West Bengal,Loyal
10292,Customer 10292,Female,51,Mumbai,2024-07-12,Maharashtra,Regular
10293,Customer 10293,Male,48,Delhi,2022-10-19,Delhi,Regular
10294,Customer 10294,Female,47,Ahmedabad,2022-02-23,Gujarat,Regular
10295,Customer 10295,Male,26,Kolkata,2025-03-14,West Bengal,Regular
10296,Customer 10296,Female,44,Chennai,2024-09-09,Tamil Nadu,Loyal
10297,Customer 10297,Female,45,Jaipur,2023-04-22,Rajasthan,Regular
10298,Customer 10298,Female,59,Nagpur,2022-01-22,Maharashtra,Regular
10299,Customer 10299,Male,43,Bengaluru,2025-06-13,Karnataka,Regular
10300,Customer 10300,Male,35,Ahmedabad,2024-11-18,Gujarat,VIP
10301,Customer 10301,Female,53,Kolkata,2023-11-26,West Bengal,New
10302,Customer 10302,Male,25,Bengaluru,2022-06-09,Karnataka,New
10303,Customer 10303,Female,35,Nagpur,2024-06-28,Maharashtra,Loyal
10304,Customer 10304,Female,37,Noida,2023-06-14,Uttar Pradesh,New
10305,Customer 10305,Male,49,Nagpur,2022-04-11,Maharashtra,New
10306,Customer 10306,Female,46,Nagpur,2025-04-11,Maharashtra,Regular
10307,Customer 10307,Female,35,Bengaluru,2022-12-09,Karnataka,Regular
10308,Customer 10308,Male,24,Coimbatore,2023-08-02,Tamil Nadu,Regular
10309,Customer 10309,Female,18,Bengaluru,2025-04-29,Karnataka,Regular
10310,Customer 10310,Male,45,Delhi,2024-02-29,Delhi,Loyal
10311,Customer 10311,Female,50,Mumbai,2024-04-24,Maharashtra,Loyal
10312,Customer 10312,Female,21,Hyderabad,2022-05-05,Telangana,VIP
10313,Customer 10313,Female,37,Coimbatore,2024-06-08,Tamil Nadu,Regular
10314,Customer 10314,Female,53,Pune,2023-10-31,Maharashtra,New
10315,Customer 10315,Male,48,Hyderabad,2023-05-18,Telangana,VIP
10316,Customer 10316,Female,55,Mumbai,2022-06-22,Maharashtra,New
10317,Customer 10317,Male,45,Kolkata,2024-06-05,West Bengal,Loyal
10318,Customer 10318,Female,20,Ahmedabad,2022-04-30,Gujarat,New
10319,Customer 10319,Female,23,Delhi,2022-09-30,Delhi,Loyal
10320,Customer 10320,Male,62,Delhi,2024-07-01,Delhi,VIP
10321,Customer 10321,Male,40,Pune,2024-05-25,Maharashtra,Regular
10322,Customer 10322,Female,24,Coimbatore,2024-05-07,Tamil Nadu,Regular
10323,Customer 10323,Female,53,Kochi,2022-09-18,Kerala,Regular
10324,Customer 10324,Male,18,Noida,2025-02-21,Uttar Pradesh,Regular
10325,Customer 10325,Male,23,Nagpur,2022-10-05,Maharashtra,New
10326,Customer 10326,Male,41,Coimbatore,2022-04-03,Tamil Nadu,Loyal
10327,Customer 10327,Female,54,Ahmedabad,2024-08-16,Gujarat,Regular
10328,Customer 10328,Male,62,Noida,2024-04-02,Uttar Pradesh,Regular
10329,Customer 10329,Female,53,Delhi,2022-05-08,Delhi,Regular
10330,Customer 10330,Male,41,Bengaluru,2023-06-16,Karnataka,Regular
10331,Customer 10331,Female,55,Ahmedabad,2024-02-12,Gujarat,New
10332,Customer 10332,Male,62,Mumbai,2022-06-16,Maharashtra,Loyal
10333,Customer 10333,Female,46,Pune,2024-04-10,Maharashtra,Loyal
10334,Customer 10334,Male,54,Mumbai,2022-08-24,Maharashtra,Regular
10335,Customer 10335,Female,62,Kochi,2024-11-21,Kerala,New
10336,Customer 10336,Male,49,Ahmedabad,2025-06-08,Gujarat,Loyal
10337,Customer 10337,Female,42,Mysuru,2022-07-10,Karnataka,New
10338,Customer 10338,Female,27,Mysuru,2023-10-19,Karnataka,New
10339,Customer 10339,Male,52,Kolkata,2023-09-05,West Bengal,Regular
10340,Customer 10340,Female,42,Coimbatore,2022-09-12,Tamil Nadu,Regular
10341,Customer 10341,Female,44,Delhi,2024-08-30,Delhi,New
10342,Customer 10342,Male,62,Delhi,2024-12-15,Delhi,VIP
10343,Customer 10343,Male,49,Nagpur,2023-10-11,Maharashtra,Regular
10344,Customer 10344,Male,29,Nagpur,2022-04-16,Maharashtra,Loyal
10345,Customer 10345,Female,21,Nagpur,2022-07-11,Maharashtra,New
10346,Customer 10346,Female,59,Bengaluru,2024-09-29,Karnataka,Loyal
10347,Customer 10347,Male,43,Hyderabad,2022-06-24,Telangana,Regular
10348,Customer 10348,Female,20,Chennai,2023-09-27,Tamil Nadu,New
10349,Customer 10349,Female,34,Hyderabad,2022-03-26,Telangana,Loyal
10350,Customer 10350,Female,26,Mumbai,2024-08-05,Maharashtra,Loyal
10351,Customer 10351,Female,46,Hyderabad,2023-12-29,Telangana,New
10352,Customer 10352,Female,18,Bengaluru,2025-05-24,Karnataka,Loyal
10353,Customer 10353,Female,35,Kolkata,2024-11-03,West Bengal,Regular
10354,Customer 10354,Male,58,Mumbai,2024-11-26,Maharashtra,Loyal
10355,Customer 10355,Female,37,Hyderabad,2024-11-16,Telangana,Loyal
10356,Customer 10356,Female,58,Bengaluru,2022-03-11,Karnataka,New
10357,Customer 10357,Male,51,Chennai,2022-06-03,Tamil Nadu,New
10358,Customer 10358,Female,45,Hyderabad,2024-02-04,Telangana,Regular
10359,Customer 10359,Female,52,Bengaluru,2022-09-28,Karnataka,VIP
10360,Customer 10360,Female,33,Kochi,2023-06-25,Kerala,Regular
10361,Customer 10361,Male,38,Nagpur,2025-01-02,Maharashtra,Regular
10362,Customer 10362,Male,30,Kochi,2023-07-25,Kerala,New
10363,Customer 10363,Female,52,Delhi,2022-05-29,Delhi,Loyal
10364,Customer 10364,Female,59,Nagpur,2022-01-10,Maharashtra,Regular
10365,Customer 10365,Male,49,Delhi,2023-10-06,Delhi,Loyal
10366,Customer 10366,Female,55,Jaipur,2022-03-03,Rajasthan,Loyal
10367,Customer 10367,Male,23,Pune,2024-02-13,Maharashtra,New
10368,Customer 10368,Male,55,Kochi,2025-06-09,Kerala,Regular
10369,Customer 10369,Male,55,Pune,2023-06-12,Maharashtra,VIP
10370,Customer 10370,Male,30,Pune,2023-03-21,Maharashtra,New
10371,Customer 10371,Female,63,Chennai,2025-01-11,Tamil Nadu,Loyal
10372,Customer 10372,Male,56,Nagpur,2022-01-17,Maharashtra,Loyal
10373,Customer 10373,Male,30,Jaipur,2023-01-04,Rajasthan,Loyal
10374,Customer 10374,Male,64,Delhi,2023-11-15,Delhi,Regular
10375,Customer 10375,Male,29,Bengaluru,2024-06-26,Karnataka,Regular
10376,Customer 10376,Male,50,Mumbai,2023-08-06,Maharashtra,Loyal
10377,Customer 10377,Male,45,Bengaluru,2022-09-12,Karnataka,New
10378,Customer 10378,Female,20,Mumbai,2023-04-01,Maharashtra,Loyal
10379,Customer 10379,Female,35,Kochi,2023-10-05,Kerala,Regular
10380,Customer 10380,Male,43,Mysuru,2023-07-15,Karnataka,Regular
10381,Customer 10381,Male,57,Bengaluru,2023-06-17,Karnataka,Regular
10382,Customer 10382,Female,19,Hyderabad,2022-11-16,Telangana,VIP
10383,Customer 10383,Male,21,Hyderabad,2022-08-08,Telangana,Regular
10384,Customer 10384,Male,45,Coimbatore,2023-11-30,Tamil Nadu,Regular
10385,Customer 10385,Male,45,Nagpur,2022-02-01,Maharashtra,VIP
10386,Customer 10386,Male,42,Mumbai,2023-12-16,Maharashtra,Loyal
10387,Customer 10387,Female,43,Mumbai,2024-01-24,Maharashtra,VIP
10388,Customer 10388,Male,62,Ahmedabad,2024-11-05,Gujarat,New
10389,Customer 10389,Female,64,Kolkata,2023-02-13,West Bengal,Loyal
10390,Customer 10390,Male,19,Nagpur,2024-04-07,Maharashtra,Regular
10391,Customer 10391,Male,59,Chennai,2022-06-22,Tamil Nadu,Loyal
10392,Customer 10392,Female,51,Coimbatore,2025-04-17,Tamil Nadu,Loyal
10393,Customer 10393,Male,47,Chennai,2024-07-24,Tamil Nadu,Regular
10394,Customer 10394,Female,38,Kochi,2025-02-01,Kerala,Regular
10395,Customer 10395,Male,61,Kochi,2023-12-08,Kerala,Loyal
10396,Customer 10396,Female,54,Chennai,2024-09-02,Tamil Nadu,New
10397,Customer 10397,Male,61,Chennai,2024-02-22,Tamil Nadu,Loyal
10398,Customer 10398,Female,40,Jaipur,2025-04-19,Rajasthan,New
10399,Customer 10399,Male,50,Nagpur,2022-05-12,Maharashtra,Loyal
10400,Customer 10400,Female,19,Chennai,2023-10-25,Tamil Nadu,Regular
10401,Customer 10401,Male,44,Hyderabad,2025-03-24,Telangana,Regular
10402,Customer 10402,Female,39,Kolkata,2022-12-25,West Bengal,New
10403,Customer 10403,Male,51,Kolkata,2025-06-12,West Bengal,Regular
10404,Customer 10404,Female,33,Pune,2024-01-30,Maharashtra,Regular
10405,Customer 10405,Male,37,Mysuru,2022-06-14,Karnataka,Regular
10406,Customer 10406,Male,43,Kochi,2023-12-18,Kerala,New
10407,Customer 10407,Female,33,Mumbai,2023-03-03,Maharashtra,Loyal
10408,Customer 10408,Male,23,Ahmedabad,2023-11-08,Gujarat,New
10409,Customer 10409,Male,62,Mumbai,2023-05-03,Maharashtra,Loyal
10410,Customer 10410,Female,61,Mysuru,2022-08-01,Karnataka,Regular
10411,Customer 10411,Female,40,Ahmedabad,2024-02-05,Gujarat,Regular
10412,Customer 10412,Male,59,Jaipur,2022-06-06,Rajasthan,Regular
10413,Customer 10413,Female,54,Nagpur,2025-01-03,Maharashtra,Regular
10414,Customer 10414,Female,25,Bengaluru,2023-03-11,Karnataka,Regular
10415,Customer 10415,Male,23,Nagpur,2025-04-16,Maharashtra,New
10416,Customer 10416,Female,54,Mumbai,2024-04-21,Maharashtra,Regular
10417,Customer 10417,Female,39,Mumbai,2023-10-07,Maharashtra,New
10418,Customer 10418,Other,23,Ahmedabad,2022-11-08,Gujarat,New
10419,Customer 10419,Male,49,Ahmedabad,2022-05-07,Gujarat,New
10420,Customer 10420,Female,34,Kochi,2023-01-12,Kerala,Regular
10421,Customer 10421,Male,55,Jaipur,2022-08-13,Rajasthan,Loyal
10422,Customer 10422,Male,34,Kochi,2024-11-06,Kerala,Regular
10423,Customer 10423,Male,54,Mysuru,2023-05-12,Karnataka,Regular
10424,Customer 10424,Other,40,Chennai,2023-04-18,Tamil Nadu,New
10425,Customer 10425,Female,30,Nagpur,2025-03-06,Maharashtra,Regular
10426,Customer 10426,Female,49,Ahmedabad,2023-04-20,Gujarat,Regular
10427,Customer 10427,Female,39,Delhi,2022-08-05,Delhi,Loyal
10428,Customer 10428,Male,24,Mysuru,2022-07-15,Karnataka,Loyal
10429,Customer 10429,Male,39,Hyderabad,2022-07-20,Telangana,Regular
10430,Customer 10430,Male,38,Jaipur,2023-01-01,Rajasthan,Regular
10431,Customer 10431,Male,23,Mumbai,2023-12-20,Maharashtra,Regular
10432,Customer 10432,Female,31,Kochi,2023-02-04,Kerala,Regular
10433,Customer 10433,Female,33,Mysuru,2023-08-13,Karnataka,Loyal
10434,Customer 10434,Male,20,Nagpur,2022-08-02,Maharashtra,Loyal
10435,Customer 10435,Male,26,Ahmedabad,2022-12-07,Gujarat,Regular
10436,Customer 10436,Male,64,Mumbai,2024-08-16,Maharashtra,VIP
10437,Customer 10437,Male,38,Bengaluru,2022-04-29,Karnataka,Regular
10438,Customer 10438,Female,47,Jaipur,2024-04-15,Rajasthan,Regular
10439,Customer 10439,Female,47,Mysuru,2024-04-21,Karnataka,New
10440,Customer 10440,Female,59,Coimbatore,2024-05-16,Tamil Nadu,Regular
10441,Customer 10441,Male,59,Mumbai,2025-04-17,Maharashtra,Loyal
10442,Customer 10442,Male,49,Nagpur,2024-08-02,Maharashtra,Loyal
10443,Customer 10443,Male,40,Pune,2023-02-06,Maharashtra,Regular
10444,Customer 10444,Female,20,Delhi,2024-06-01,Delhi,Regular
10445,Customer 10445,Female,18,Noida,2023-07-20,Uttar Pradesh,Loyal
10446,Customer 10446,Male,20,Chennai,2025-01-07,Tamil Nadu,Loyal
10447,Customer 10447,Female,54,Noida,2023-02-28,Uttar Pradesh,Regular
10448,Customer 10448,Male,24,Nagpur,2022-04-28,Maharashtra,Regular
10449,Customer 10449,Female,20,Hyderabad,2023-01-03,Telangana,Loyal
10450,Customer 10450,Female,53,Kochi,2025-02-03,Kerala,Loyal
10451,Customer 10451,Female,20,Hyderabad,2025-02-02,Telangana,Loyal
10452,Customer 10452,Female,21,Pune,2023-09-22,Maharashtra,New
10453,Customer 10453,Male,48,Chennai,2022-05-28,Tamil Nadu,New
10454,Customer 10454,Male,19,Coimbatore,2022-05-30,Tamil Nadu,Loyal
10455,Customer 10455,Male,31,Pune,2024-03-26,Maharashtra,Loyal
10456,Customer 10456,Male,54,Kolkata,2022-09-13,West Bengal,Regular
10457,Customer 10457,Female,48,Noida,2022-03-23,Uttar Pradesh,Regular
10458,Customer 10458,Female,19,Pune,2022-01-16,Maharashtra,Loyal
10459,Customer 10459,Male,48,Noida,2024-06-19,Uttar Pradesh,Loyal
10460,Customer 10460,Female,64,Mumbai,2022-07-12,Maharashtra,Loyal
10461,Customer 10461,Male,60,Hyderabad,2023-12-24,Telangana,Regular
10462,Customer 10462,Male,39,Mumbai,2025-01-02,Maharashtra,Loyal
10463,Customer 10463,Male,27,Delhi,2024-12-20,Delhi,New
10464,Customer 10464,Male,47,Kolkata,2024-08-30,West Bengal,Loyal
10465,Customer 10465,Male,50,Chennai,2024-08-08,Tamil Nadu,New
10466,Customer 10466,Male,36,Coimbatore,2023-06-20,Tamil Nadu,Loyal
10467,Customer 10467,Male,63,Jaipur,2022-12-09,Rajasthan,Regular
10468,Customer 10468,Other,42,Noida,2023-01-30,Uttar Pradesh,Loyal
10469,Customer 10469,Male,63,Coimbatore,2024-07-31,Tamil Nadu,Regular
10470,Customer 10470,Male,18,Noida,2022-09-15,Uttar Pradesh,New
10471,Customer 10471,Male,49,Nagpur,2025-05-06,Maharashtra,Loyal
10472,Customer 10472,Female,42,Pune,2022-02-22,Maharashtra,Regular
10473,Customer 10473,Male,58,Delhi,2023-10-13,Delhi,Regular
10474,Customer 10474,Female,34,Hyderabad,2022-09-28,Telangana,VIP
10475,Customer 10475,Female,31,Jaipur,2022-07-20,Rajasthan,Regular
10476,Customer 10476,Female,62,Ahmedabad,2023-01-31,Gujarat,Loyal
10477,Customer 10477,Female,30,Noida,2023-01-13,Uttar Pradesh,Regular
10478,Customer 10478,Male,55,Coimbatore,2023-11-07,Tamil Nadu,Loyal
10479,Customer 10479,Male,56,Delhi,2023-06-19,Delhi,Loyal
10480,Customer 10480,Male,19,Bengaluru,2024-07-11,Karnataka,Loyal
10481,Customer 10481,Female,49,Jaipur,2025-01-16,Rajasthan,VIP
10482,Customer 10482,Male,49,Bengaluru,2023-02-02,Karnataka,Regular
10483,Customer 10483,Male,57,Mumbai,2025-04-20,Maharashtra,Loyal
10484,Customer 10484,Female,23,Hyderabad,2024-05-16,Telangana,Loyal
10485,Customer 10485,Male,42,Kochi,2023-07-15,Kerala,Regular
10486,Customer 10486,Female,20,Kochi,2022-07-09,Kerala,Regular
10487,Customer 10487,Female,35,Ahmedabad,2022-07-24,Gujarat,VIP
10488,Customer 10488,Male,55,Nagpur,2024-08-25,Maharashtra,New
10489,Customer 10489,Male,60,Coimbatore,2022-02-13,Tamil Nadu,Regular
10490,Customer 10490,Male,20,Ahmedabad,2024-09-30,Gujarat,Regular
10491,Customer 10491,Female,22,Pune,2024-10-15,Maharashtra,New
10492,Customer 10492,Female,41,Pune,2023-10-02,Maharashtra,Loyal
10493,Customer 10493,Female,51,Coimbatore,2024-09-20,Tamil Nadu,Regular
10494,Customer 10494,Female,64,Chennai,2023-12-02,Tamil Nadu,Regular
10495,Customer 10495,Female,56,Nagpur,2023-12-14,Maharashtra,Loyal
10496,Customer 10496,Male,41,Delhi,2023-09-29,Delhi,Regular
10497,Customer 10497,Male,53,Noida,2024-03-14,Uttar Pradesh,Loyal
10498,Customer 10498,Female,45,Kochi,2022-11-07,Kerala,Loyal
10499,Customer 10499,Male,51,Jaipur,2024-05-27,Rajasthan,Loyal
10500,Customer 10500,Male,33,Chennai,2024-05-06,Tamil Nadu,Loyal
10501,Customer 10501,Female,53,Noida,2022-10-01,Uttar Pradesh,New
10502,Customer 10502,Male,24,Noida,2023-06-15,Uttar Pradesh,New
10503,Customer 10503,Female,35,Chennai,2022-01-17,Tamil Nadu,Regular
10504,Customer 10504,Female,23,Mumbai,2023-12-19,Maharashtra,New
10505,Customer 10505,Male,45,Bengaluru,2024-11-19,Karnataka,Regular
10506,Customer 10506,Female,56,Noida,2023-04-15,Uttar Pradesh,Regular
10507,Customer 10507,Male,51,Chennai,2024-03-21,Tamil Nadu,Regular
10508,Customer 10508,Male,58,Chennai,2023-07-09,Tamil Nadu,Regular
10509,Customer 10509,Male,46,Kolkata,2022-04-03,West Bengal,Regular
10510,Customer 10510,Male,21,Ahmedabad,2024-05-31,Gujarat,Regular
10511,Customer 10511,Female,31,Mysuru,2023-08-01,Karnataka,New
10512,Customer 10512,Male,22,Mumbai,2023-09-23,Maharashtra,Regular
10513,Customer 10513,Male,42,Hyderabad,2024-03-31,Telangana,Loyal
10514,Customer 10514,Male,56,Mysuru,2023-08-07,Karnataka,Loyal
10515,Customer 10515,Female,25,Ahmedabad,2024-04-25,Gujarat,Loyal
10516,Customer 10516,Female,32,Ahmedabad,2025-03-31,Gujarat,Loyal
10517,Customer 10517,Male,36,Ahmedabad,2024-04-21,Gujarat,Loyal
10518,Customer 10518,Male,28,Mysuru,2022-11-24,Karnataka,New
10519,Customer 10519,Male,37,Coimbatore,2023-12-31,Tamil Nadu,New
10520,Customer 10520,Male,53,Bengaluru,2022-09-11,Karnataka,Loyal
10521,Customer 10521,Female,35,Chennai,2023-07-25,Tamil Nadu,Regular
10522,Customer 10522,Female,31,Jaipur,2023-06-28,Rajasthan,Regular
10523,Customer 10523,Male,55,Bengaluru,2024-04-30,Karnataka,New
10524,Customer 10524,Male,42,Kochi,2022-04-30,Kerala,New
10525,Customer 10525,Male,33,Nagpur,2024-09-01,Maharashtra,Loyal
10526,Customer 10526,Female,35,Coimbatore,2024-04-01,Tamil Nadu,Regular
10527,Customer 10527,Male,18,Hyderabad,2023-05-29,Telangana,Regular
10528,Customer 10528,Other,57,Bengaluru,2024-09-05,Karnataka,New
10529,Customer 10529,Female,18,Jaipur,2022-04-07,Rajasthan,Loyal
10530,Customer 10530,Male,18,Pune,2024-05-20,Maharashtra,Loyal
10531,Customer 10531,Female,38,Ahmedabad,2022-09-14,Gujarat,Regular
10532,Customer 10532,Female,42,Noida,2022-05-08,Uttar Pradesh,Loyal
10533,Customer 10533,Female,44,Kochi,2025-03-25,Kerala,Regular
10534,Customer 10534,Male,27,Nagpur,2022-02-26,Maharashtra,Loyal
10535,Customer 10535,Male,29,Mumbai,2023-08-05,Maharashtra,Loyal
10536,Customer 10536,Female,45,Hyderabad,2023-07-10,Telangana,VIP
10537,Customer 10537,Female,49,Nagpur,2023-12-25,Maharashtra,Regular
10538,Customer 10538,Female,50,Ahmedabad,2023-10-15,Gujarat,New
10539,Customer 10539,Female,25,Noida,2025-01-04,Uttar Pradesh,Regular
10540,Customer 10540,Female,59,Coimbatore,2022-06-07,Tamil Nadu,New
10541,Customer 10541,Female,43,Noida,2022-03-26,Uttar Pradesh,New
10542,Customer 10542,Male,59,Mysuru,2022-11-18,Karnataka,Regular
10543,Customer 10543,Female,58,Noida,2022-11-05,Uttar Pradesh,Regular
10544,Customer 10544,Female,19,Mysuru,2022-10-11,Karnataka,Loyal
10545,Customer 10545,Female,52,Kochi,2024-12-01,Kerala,New
10546,Customer 10546,Female,51,Coimbatore,2024-09-29,Tamil Nadu,VIP
10547,Customer 10547,Male,23,Delhi,2022-05-14,Delhi,Loyal
10548,Customer 10548,Female,48,Ahmedabad,2023-09-06,Gujarat,Loyal
10549,Customer 10549,Female,40,Mysuru,2023-10-11,Karnataka,Loyal
10550,Customer 10550,Male,29,Mumbai,2025-05-30,Maharashtra,Loyal
10551,Customer 10551,Male,45,Noida,2022-08-17,Uttar Pradesh,Loyal
10552,Customer 10552,Male,32,Noida,2024-09-24,Uttar Pradesh,Regular
10553,Customer 10553,Male,36,Mumbai,2022-04-29,Maharashtra,Regular
10554,Customer 10554,Male,29,Pune,2024-07-26,Maharashtra,VIP
10555,Customer 10555,Male,19,Kochi,2022-11-20,Kerala,Regular
10556,Customer 10556,Female,28,Chennai,2024-07-09,Tamil Nadu,New
10557,Customer 10557,Female,61,Delhi,2022-06-08,Delhi,Loyal
10558,Customer 10558,Female,54,Hyderabad,2022-08-27,Telangana,Regular
10559,Customer 10559,Female,55,Jaipur,2023-01-31,Rajasthan,Loyal
10560,Customer 10560,Male,42,Mysuru,2022-11-16,Karnataka,New
10561,Customer 10561,Male,60,Mumbai,2025-04-27,Maharashtra,Regular
10562,Customer 10562,Female,38,Jaipur,2022-11-05,Rajasthan,Regular
10563,Customer 10563,Male,59,Coimbatore,2022-09-06,Tamil Nadu,Loyal
10564,Customer 10564,Female,53,Mysuru,2023-06-22,Karnataka,New
10565,Customer 10565,Female,26,Chennai,2023-12-02,Tamil Nadu,Loyal
10566,Customer 10566,Female,29,Jaipur,2023-01-29,Rajasthan,New
10567,Customer 10567,Other,27,Coimbatore,2023-10-14,Tamil Nadu,New
10568,Customer 10568,Male,63,Nagpur,2024-10-14,Maharashtra,Regular
10569,Customer 10569,Male,22,Ahmedabad,2023-02-10,Gujarat,Regular
10570,Customer 10570,Female,50,Noida,2024-09-26,Uttar Pradesh,Regular
10571,Customer 10571,Male,22,Nagpur,2025-04-19,Maharashtra,New
10572,Customer 10572,Female,33,Mysuru,2022-01-21,Karnataka,Regular
10573,Customer 10573,Male,54,Chennai,2022-06-04,Tamil Nadu,Regular
10574,Customer 10574,Female,54,Delhi,2024-05-16,Delhi,Loyal
10575,Customer 10575,Female,46,Jaipur,2023-07-13,Rajasthan,New
10576,Customer 10576,Female,35,Kochi,2022-07-13,Kerala,Regular
10577,Customer 10577,Male,46,Ahmedabad,2025-06-01,Gujarat,Regular
10578,Customer 10578,Male,23,Mysuru,2023-02-03,Karnataka,Loyal
10579,Customer 10579,Female,35,Mumbai,2022-10-07,Maharashtra,Loyal
10580,Customer 10580,Male,49,Kochi,2024-09-06,Kerala,Loyal
10581,Customer 10581,Female,59,Kochi,2024-10-30,Kerala,New
10582,Customer 10582,Female,64,Kochi,2023-04-17,Kerala,Loyal
10583,Customer 10583,Female,48,Bengaluru,2022-06-01,Karnataka,Loyal
10584,Customer 10584,Female,28,Mysuru,2025-02-21,Karnataka,Loyal
10585,Customer 10585,Male,43,Ahmedabad,2024-03-12,Gujarat,Regular
10586,Customer 10586,Female,45,Noida,2023-07-07,Uttar Pradesh,Loyal
10587,Customer 10587,Female,44,Noida,2023-12-31,Uttar Pradesh,Regular
10588,Customer 10588,Male,36,Mysuru,2023-05-28,Karnataka,Regular
10589,Customer 10589,Female,62,Coimbatore,2024-10-09,Tamil Nadu,Regular
10590,Customer 10590,Male,44,Bengaluru,2022-06-20,Karnataka,Regular
10591,Customer 10591,Male,37,Mumbai,2024-04-29,Maharashtra,Regular
10592,Customer 10592,Male,20,Kochi,2024-03-04,Kerala,Regular
10593,Customer 10593,Female,33,Kochi,2022-05-05,Kerala,Loyal
10594,Customer 10594,Male,56,Mysuru,2022-06-24,Karnataka,Regular
10595,Customer 10595,Female,61,Coimbatore,2023-05-19,Tamil Nadu,Loyal
10596,Customer 10596,Female,46,Noida,2023-12-12,Uttar Pradesh,Regular
10597,Customer 10597,Male,32,Noida,2022-04-16,Uttar Pradesh,VIP
10598,Customer 10598,Male,47,Chennai,2023-06-12,Tamil Nadu,Loyal
10599,Customer 10599,Female,57,Mysuru,2022-02-07,Karnataka,New
10600,Customer 10600,Male,18,Bengaluru,2023-01-30,Karnataka,Loyal
10601,Customer 10601,Female,46,Pune,2024-07-09,Maharashtra,New
10602,Customer 10602,Male,47,Bengaluru,2023-04-22,Karnataka,New
10603,Customer 10603,Male,57,Noida,2023-12-23,Uttar Pradesh,Regular
10604,Customer 10604,Female,63,Noida,2022-11-11,Uttar Pradesh,Regular
10605,Customer 10605,Male,49,Nagpur,2022-12-31,Maharashtra,New
10606,Customer 10606,Male,27,Noida,2022-06-30,Uttar Pradesh,Regular
10607,Customer 10607,Male,44,Mumbai,2024-01-04,Maharashtra,VIP
10608,Customer 10608,Male,25,Hyderabad,2024-05-25,Telangana,Regular
10609,Customer 10609,Female,53,Mysuru,2024-09-20,Karnataka,New
10610,Customer 10610,Female,59,Jaipur,2023-10-23,Rajasthan,VIP
10611,Customer 10611,Male,52,Bengaluru,2022-09-01,Karnataka,Regular
10612,Customer 10612,Female,53,Hyderabad,2022-11-09,Telangana,Loyal
10613,Customer 10613,Female,53,Coimbatore,2022-03-17,Tamil Nadu,Regular
10614,Customer 10614,Male,42,Pune,2022-09-19,Maharashtra,Regular
10615,Customer 10615,Male,37,Mumbai,2022-08-19,Maharashtra,Regular
10616,Customer 10616,Female,62,Ahmedabad,2023-12-04,Gujarat,VIP
10617,Customer 10617,Female,34,Kolkata,2023-10-08,West Bengal,Regular
10618,Customer 10618,Female,40,Bengaluru,2024-01-27,Karnataka,Regular
10619,Customer 10619,Female,42,Hyderabad,2024-04-21,Telangana,VIP
10620,Customer 10620,Male,48,Ahmedabad,2024-05-28,Gujarat,VIP
10621,Customer 10621,Female,23,Pune,2023-05-31,Maharashtra,New
10622,Customer 10622,Female,52,Nagpur,2023-03-18,Maharashtra,Loyal
10623,Customer 10623,Female,21,Ahmedabad,2023-08-06,Gujarat,Regular
10624,Customer 10624,Male,57,Mumbai,2022-09-19,Maharashtra,Regular
10625,Customer 10625,Male,37,Mumbai,2024-01-19,Maharashtra,Regular
10626,Customer 10626,Male,58,Jaipur,2024-03-29,Rajasthan,Regular
10627,Customer 10627,Female,18,Nagpur,2024-09-28,Maharashtra,New
10628,Customer 10628,Male,62,Kolkata,2024-05-16,West Bengal,Regular
10629,Customer 10629,Male,43,Mysuru,2023-08-31,Karnataka,Regular
10630,Customer 10630,Male,51,Ahmedabad,2024-06-28,Gujarat,New
10631,Customer 10631,Male,27,Nagpur,2025-06-04,Maharashtra,Regular
10632,Customer 10632,Female,40,Mumbai,2023-06-07,Maharashtra,VIP
10633,Customer 10633,Female,41,Mumbai,2025-04-27,Maharashtra,Loyal
10634,Customer 10634,Female,30,Hyderabad,2025-05-17,Telangana,Regular
10635,Customer 10635,Male,46,Noida,2024-11-02,Uttar Pradesh,Loyal
10636,Customer 10636,Female,63,Kolkata,2022-06-11,West Bengal,Regular
10637,Customer 10637,Male,44,Ahmedabad,2022-01-05,Gujarat,New
10638,Customer 10638,Male,48,Jaipur,2022-07-21,Rajasthan,Regular
10639,Customer 10639,Male,60,Jaipur,2023-02-20,Rajasthan,New
10640,Customer 10640,Male,27,Ahmedabad,2024-11-01,Gujarat,Loyal
10641,Customer 10641,Male,48,Kochi,2024-08-05,Kerala,VIP
10642,Customer 10642,Female,56,Pune,2024-01-22,Maharashtra,Regular
10643,Customer 10643,Female,27,Jaipur,2024-08-07,Rajasthan,Regular
10644,Customer 10644,Female,41,Nagpur,2023-01-08,Maharashtra,Regular
10645,Customer 10645,Male,50,Pune,2025-06-02,Maharashtra,Regular
10646,Customer 10646,Male,31,Nagpur,2025-04-20,Maharashtra,Loyal
10647,Customer 10647,Male,52,Coimbatore,2023-03-07,Tamil Nadu,Regular
10648,Customer 10648,Other,62,Mumbai,2023-11-21,Maharashtra,New
10649,Customer 10649,Female,51,Noida,2022-04-28,Uttar Pradesh,Loyal
10650,Customer 10650,Female,34,Hyderabad,2023-08-11,Telangana,New
10651,Customer 10651,Male,38,Jaipur,2024-12-05,Rajasthan,VIP
10652,Customer 10652,Female,49,Noida,2022-08-15,Uttar Pradesh,Regular
10653,Customer 10653,Male,20,Noida,2025-06-17,Uttar Pradesh,Regular
10654,Customer 10654,Female,32,Noida,2022-12-14,Uttar Pradesh,New
10655,Customer 10655,Female,25,Kochi,2022-05-21,Kerala,Regular
10656,Customer 10656,Female,49,Pune,2022-07-23,Maharashtra,Loyal
10657,Customer 10657,Female,55,Nagpur,2024-09-30,Maharashtra,Regular
10658,Customer 10658,Male,43,Delhi,2024-05-10,Delhi,Loyal
10659,Customer 10659,Female,47,Coimbatore,2024-04-24,Tamil Nadu,Regular
10660,Customer 10660,Female,26,Bengaluru,2024-09-21,Karnataka,Loyal
10661,Customer 10661,Male,49,Noida,2022-11-09,Uttar Pradesh,VIP
10662,Customer 10662,Male,28,Mysuru,2022-05-17,Karnataka,Regular
10663,Customer 10663,Male,39,Pune,2022-12-17,Maharashtra,Regular
10664,Customer 10664,Male,51,Jaipur,2025-03-30,Rajasthan,Loyal
10665,Customer 10665,Male,58,Kolkata,2022-06-22,West Bengal,Regular
10666,Customer 10666,Female,35,Jaipur,2025-02-27,Rajasthan,Loyal
10667,Customer 10667,Male,36,Hyderabad,2022-03-20,Telangana,Regular
10668,Customer 10668,Male,35,Bengaluru,2024-09-05,Karnataka,Loyal
10669,Customer 10669,Female,54,Delhi,2023-07-23,Delhi,New
10670,Customer 10670,Female,35,Mysuru,2024-05-12,Karnataka,Loyal
10671,Customer 10671,Female,29,Jaipur,2022-02-26,Rajasthan,Regular
10672,Customer 10672,Male,21,Delhi,2022-12-29,Delhi,Loyal
10673,Customer 10673,Female,64,Bengaluru,2022-05-14,Karnataka,Regular
10674,Customer 10674,Female,60,Noida,2022-01-14,Uttar Pradesh,Regular
10675,Customer 10675,Male,44,Mysuru,2022-10-10,Karnataka,VIP
10676,Customer 10676,Male,22,Delhi,2024-03-16,Delhi,Loyal
10677,Customer 10677,Female,23,Hyderabad,2022-05-07,Telangana,VIP
10678,Customer 10678,Female,30,Nagpur,2022-08-06,Maharashtra,Regular
10679,Customer 10679,Female,40,Mumbai,2024-01-15,Maharashtra,Regular
10680,Customer 10680,Female,59,Nagpur,2023-11-11,Maharashtra,Regular
10681,Customer 10681,Female,42,Bengaluru,2024-09-23,Karnataka,Loyal
10682,Customer 10682,Female,63,Pune,2022-09-17,Maharashtra,New
10683,Customer 10683,Male,21,Mumbai,2025-05-26,Maharashtra,Regular
10684,Customer 10684,Male,49,Coimbatore,2022-04-09,Tamil Nadu,Loyal
10685,Customer 10685,Male,61,Hyderabad,2022-07-01,Telangana,Regular
10686,Customer 10686,Female,32,Coimbatore,2022-06-18,Tamil Nadu,VIP
10687,Customer 10687,Female,43,Kochi,2022-08-21,Kerala,Regular
10688,Customer 10688,Female,59,Mysuru,2024-08-13,Karnataka,VIP
10689,Customer 10689,Male,28,Ahmedabad,2025-01-21,Gujarat,Loyal
10690,Customer 10690,Female,26,Mumbai,2023-04-17,Maharashtra,Loyal
10691,Customer 10691,Male,28,Coimbatore,2025-01-13,Tamil Nadu,Regular
10692,Customer 10692,Male,19,Jaipur,2023-11-10,Rajasthan,Loyal
10693,Customer 10693,Female,62,Coimbatore,2023-01-16,Tamil Nadu,Regular
10694,Customer 10694,Female,44,Delhi,2025-06-09,Delhi,Loyal
10695,Customer 10695,Other,43,Nagpur,2022-09-08,Maharashtra,New
10696,Customer 10696,Male,25,Delhi,2025-01-13,Delhi,Regular
10697,Customer 10697,Female,38,Kochi,2022-11-15,Kerala,Loyal
10698,Customer 10698,Male,38,Mumbai,2022-07-12,Maharashtra,New
10699,Customer 10699,Male,25,Mumbai,2024-07-25,Maharashtra,Loyal
10700,Customer 10700,Female,18,Kochi,2023-08-24,Kerala,New
10701,Customer 10701,Female,55,Bengaluru,2023-08-30,Karnataka,Loyal
10702,Customer 10702,Female,30,Delhi,2024-02-04,Delhi,VIP
10703,Customer 10703,Male,26,Chennai,2024-06-03,Tamil Nadu,Regular
10704,Customer 10704,Female,45,Jaipur,2024-09-17,Rajasthan,New
10705,Customer 10705,Male,23,Kolkata,2023-05-21,West Bengal,Loyal
10706,Customer 10706,Female,64,Nagpur,2022-03-06,Maharashtra,New
10707,Customer 10707,Male,40,Mumbai,2022-08-10,Maharashtra,Regular
10708,Customer 10708,Male,53,Bengaluru,2023-04-11,Karnataka,Regular
10709,Customer 10709,Female,34,Ahmedabad,2022-03-13,Gujarat,Regular
10710,Customer 10710,Female,26,Jaipur,2024-06-06,Rajasthan,New
10711,Customer 10711,Male,29,Delhi,2023-04-19,Delhi,New
10712,Customer 10712,Male,39,Nagpur,2023-10-17,Maharashtra,New
10713,Customer 10713,Female,29,Ahmedabad,2022-01-19,Gujarat,Regular
10714,Customer 10714,Male,23,Delhi,2023-06-06,Delhi,Regular
10715,Customer 10715,Male,61,Coimbatore,2024-02-23,Tamil Nadu,Regular
10716,Customer 10716,Male,26,Ahmedabad,2023-02-19,Gujarat,Regular
10717,Customer 10717,Male,54,Kochi,2022-12-30,Kerala,Loyal
10718,Customer 10718,Female,20,Bengaluru,2023-06-12,Karnataka,Regular
10719,Customer 10719,Female,51,Nagpur,2025-01-08,Maharashtra,Loyal
10720,Customer 10720,Female,25,Noida,2024-03-06,Uttar Pradesh,Loyal
10721,Customer 10721,Other,27,Mysuru,2025-04-28,Karnataka,New
10722,Customer 10722,Male,64,Mysuru,2025-03-17,Karnataka,Regular
10723,Customer 10723,Male,58,Nagpur,2023-03-19,Maharashtra,Regular
10724,Customer 10724,Male,59,Ahmedabad,2022-09-22,Gujarat,Loyal
10725,Customer 10725,Male,60,Delhi,2023-10-12,Delhi,Regular
10726,Customer 10726,Male,26,Bengaluru,2023-05-24,Karnataka,VIP
10727,Customer 10727,Female,31,Kolkata,2023-04-11,West Bengal,Loyal
10728,Customer 10728,Female,54,Mysuru,2022-12-31,Karnataka,Regular
10729,Customer 10729,Male,44,Bengaluru,2023-05-08,Karnataka,New
10730,Customer 10730,Female,58,Mysuru,2023-06-26,Karnataka,New
10731,Customer 10731,Female,49,Coimbatore,2025-04-06,Tamil Nadu,Regular
10732,Customer 10732,Female,21,Delhi,2025-01-19,Delhi,Regular
10733,Customer 10733,Female,19,Coimbatore,2023-12-24,Tamil Nadu,Loyal
10734,Customer 10734,Female,50,Jaipur,2024-04-21,Rajasthan,Loyal
10735,Customer 10735,Female,38,Mysuru,2022-10-27,Karnataka,Regular
10736,Customer 10736,Female,18,Noida,2022-06-23,Uttar Pradesh,Regular
10737,Customer 10737,Female,61,Noida,2023-10-08,Uttar Pradesh,New
10738,Customer 10738,Male,28,Coimbatore,2022-01-24,Tamil Nadu,Regular
10739,Customer 10739,Male,18,Kochi,2025-05-09,Kerala,Loyal
10740,Customer 10740,Female,63,Noida,2024-01-01,Uttar Pradesh,Regular
10741,Customer 10741,Male,28,Mysuru,2022-01-07,Karnataka,Loyal
10742,Customer 10742,Male,24,Nagpur,2024-10-26,Maharashtra,VIP
10743,Customer 10743,Female,19,Coimbatore,2025-03-30,Tamil Nadu,Regular
10744,Customer 10744,Male,32,Jaipur,2024-05-27,Rajasthan,New
10745,Customer 10745,Female,25,Kolkata,2025-06-25,West Bengal,Regular
10746,Customer 10746,Female,64,Kolkata,2022-06-15,West Bengal,New
10747,Customer 10747,Female,43,Pune,2023-03-04,Maharashtra,Regular
10748,Customer 10748,Male,57,Ahmedabad,2022-05-25,Gujarat,Loyal
10749,Customer 10749,Male,59,Delhi,2024-07-21,Delhi,Regular
10750,Customer 10750,Female,52,Noida,2023-05-24,Uttar Pradesh,Loyal
10751,Customer 10751,Female,63,Noida,2024-06-25,Uttar Pradesh,Loyal
10752,Customer 10752,Other,58,Ahmedabad,2025-05-28,Gujarat,Loyal
10753,Customer 10753,Male,58,Mumbai,2023-10-07,Maharashtra,Regular
10754,Customer 10754,Male,38,Jaipur,2022-03-17,Rajasthan,Loyal
10755,Customer 10755,Female,55,Chennai,2024-04-03,Tamil Nadu,Loyal
10756,Customer 10756,Male,25,Coimbatore,2024-11-27,Tamil Nadu,Regular
10757,Customer 10757,Female,60,Kochi,2023-07-20,Kerala,VIP
10758,Customer 10758,Male,49,Jaipur,2025-06-23,Rajasthan,VIP
10759,Customer 10759,Male,25,Hyderabad,2025-03-09,Telangana,Regular
10760,Customer 10760,Male,61,Noida,2023-09-09,Uttar Pradesh,Loyal
10761,Customer 10761,Male,27,Delhi,2023-01-16,Delhi,Regular
10762,Customer 10762,Female,40,Pune,2024-04-27,Maharashtra,Regular
10763,Customer 10763,Female,21,Kolkata,2025-04-23,West Bengal,New
10764,Customer 10764,Male,55,Noida,2022-10-30,Uttar Pradesh,Regular
10765,Customer 10765,Female,47,Pune,2024-01-26,Maharashtra,Regular
10766,Customer 10766,Male,58,Mysuru,2022-06-13,Karnataka,Regular
10767,Customer 10767,Female,40,Jaipur,2025-05-11,Rajasthan,Loyal
10768,Customer 10768,Male,22,Mysuru,2025-05-18,Karnataka,New
10769,Customer 10769,Female,38,Chennai,2022-04-11,Tamil Nadu,New
10770,Customer 10770,Female,23,Nagpur,2024-06-16,Maharashtra,Regular
10771,Customer 10771,Female,34,Hyderabad,2024-02-22,Telangana,Regular
10772,Customer 10772,Female,42,Jaipur,2023-01-03,Rajasthan,Regular
10773,Customer 10773,Female,41,Mumbai,2025-06-16,Maharashtra,Regular
10774,Customer 10774,Female,39,Chennai,2023-12-28,Tamil Nadu,Regular
10775,Customer 10775,Female,30,Bengaluru,2023-01-07,Karnataka,New
10776,Customer 10776,Female,34,Mumbai,2024-05-11,Maharashtra,Regular
10777,Customer 10777,Female,31,Coimbatore,2022-10-07,Tamil Nadu,Loyal
10778,Customer 10778,Male,51,Delhi,2022-11-12,Delhi,Regular
10779,Customer 10779,Female,43,Jaipur,2025-01-05,Rajasthan,Loyal
10780,Customer 10780,Male,36,Bengaluru,2024-03-26,Karnataka,New
10781,Customer 10781,Female,43,Bengaluru,2022-05-31,Karnataka,Regular
10782,Customer 10782,Male,20,Chennai,2024-10-05,Tamil Nadu,Regular
10783,Customer 10783,Female,19,Ahmedabad,2023-10-31,Gujarat,VIP
10784,Customer 10784,Male,45,Nagpur,2023-02-11,Maharashtra,Regular
10785,Customer 10785,Male,19,Jaipur,2022-10-14,Rajasthan,Loyal
10786,Customer 10786,Female,39,Ahmedabad,2024-07-05,Gujarat,Regular
10787,Customer 10787,Female,24,Chennai,2023-05-07,Tamil Nadu,New
10788,Customer 10788,Male,21,Coimbatore,2024-10-29,Tamil Nadu,VIP
10789,Customer 10789,Male,55,Kolkata,2025-03-01,West Bengal,Regular
10790,Customer 10790,Female,56,Noida,2025-01-05,Uttar Pradesh,New
10791,Customer 10791,Female,37,Noida,2024-01-08,Uttar Pradesh,Regular
10792,Customer 10792,Male,23,Nagpur,2022-05-11,Maharashtra,Regular
10793,Customer 10793,Male,26,Coimbatore,2024-09-23,Tamil Nadu,New
10794,Customer 10794,Male,48,Kochi,2025-01-18,Kerala,Regular
10795,Customer 10795,Female,43,Nagpur,2023-05-13,Maharashtra,Regular
10796,Customer 10796,Male,53,Jaipur,2023-09-14,Rajasthan,Regular
10797,Customer 10797,Male,43,Jaipur,2024-06-07,Rajasthan,New
10798,Customer 10798,Male,45,Pune,2022-12-20,Maharashtra,VIP
10799,Customer 10799,Male,22,Ahmedabad,2022-09-28,Gujarat,New
10800,Customer 10800,Female,27,Kochi,2023-03-08,Kerala,Loyal
10801,Customer 10801,Male,35,Noida,2024-01-09,Uttar Pradesh,Loyal
10802,Customer 10802,Male,32,Bengaluru,2023-04-17,Karnataka,New
10803,Customer 10803,Male,50,Ahmedabad,2023-05-23,Gujarat,New
10804,Customer 10804,Male,22,Hyderabad,2022-02-24,Telangana,New
10805,Customer 10805,Male,54,Jaipur,2022-02-06,Rajasthan,Regular
10806,Customer 10806,Female,57,Delhi,2024-06-18,Delhi,New
10807,Customer 10807,Female,39,Coimbatore,2022-02-24,Tamil Nadu,Loyal
10808,Customer 10808,Female,39,Mumbai,2023-06-08,Maharashtra,Regular
10809,Customer 10809,Female,39,Nagpur,2024-07-03,Maharashtra,Regular
10810,Customer 10810,Female,32,Jaipur,2023-04-08,Rajasthan,New
10811,Customer 10811,Male,34,Ahmedabad,2023-11-28,Gujarat,Loyal
10812,Customer 10812,Female,62,Kochi,2023-12-17,Kerala,New
10813,Customer 10813,Female,45,Delhi,2025-05-19,Delhi,Regular
10814,Customer 10814,Female,39,Ahmedabad,2025-06-03,Gujarat,New
10815,Customer 10815,Female,38,Mumbai,2024-10-27,Maharashtra,New
10816,Customer 10816,Male,59,Delhi,2024-01-02,Delhi,Loyal
10817,Customer 10817,Female,34,Hyderabad,2024-09-15,Telangana,Loyal
10818,Customer 10818,Female,22,Mumbai,2022-07-31,Maharashtra,Loyal
10819,Customer 10819,Other,35,Chennai,2025-04-27,Tamil Nadu,Regular
10820,Customer 10820,Male,34,Mysuru,2025-01-03,Karnataka,VIP
10821,Customer 10821,Male,21,Chennai,2024-01-24,Tamil Nadu,Regular
10822,Customer 10822,Male,24,Noida,2025-02-11,Uttar Pradesh,Regular
10823,Customer 10823,Female,42,Ahmedabad,2025-03-20,Gujarat,Regular
10824,Customer 10824,Male,54,Jaipur,2023-03-12,Rajasthan,New
10825,Customer 10825,Male,57,Jaipur,2022-03-25,Rajasthan,Regular
10826,Customer 10826,Other,57,Jaipur,2025-05-20,Rajasthan,Regular
10827,Customer 10827,Male,60,Mysuru,2024-02-18,Karnataka,Regular
10828,Customer 10828,Female,26,Chennai,2024-04-13,Tamil Nadu,Regular
10829,Customer 10829,Male,36,Mysuru,2023-04-06,Karnataka,Loyal
10830,Customer 10830,Female,26,Kolkata,2022-06-26,West Bengal,VIP
10831,Customer 10831,Female,40,Ahmedabad,2022-11-08,Gujarat,Regular
10832,Customer 10832,Female,48,Mysuru,2025-03-28,Karnataka,Loyal
10833,Customer 10833,Female,49,Bengaluru,2022-07-05,Karnataka,Loyal
10834,Customer 10834,Male,48,Nagpur,2022-09-03,Maharashtra,VIP
10835,Customer 10835,Male,34,Nagpur,2024-10-13,Maharashtra,Regular
10836,Customer 10836,Male,56,Bengaluru,2023-01-19,Karnataka,Loyal
10837,Customer 10837,Female,39,Delhi,2024-12-01,Delhi,Regular
10838,Customer 10838,Female,52,Pune,2022-10-12,Maharashtra,Regular
10839,Customer 10839,Male,47,Delhi,2024-09-06,Delhi,Loyal
10840,Customer 10840,Female,57,Mumbai,2024-09-14,Maharashtra,Loyal
10841,Customer 10841,Male,54,Kochi,2022-10-27,Kerala,Regular
10842,Customer 10842,Female,43,Mumbai,2024-06-19,Maharashtra,Loyal
10843,Customer 10843,Female,23,Mysuru,2024-05-23,Karnataka,Regular
10844,Customer 10844,Male,51,Chennai,2023-05-01,Tamil Nadu,Regular
10845,Customer 10845,Female,49,Chennai,2023-03-12,Tamil Nadu,Regular
10846,Customer 10846,Male,42,Nagpur,2024-03-16,Maharashtra,Loyal
10847,Customer 10847,Female,30,Coimbatore,2022-06-30,Tamil Nadu,VIP
10848,Customer 10848,Female,55,Delhi,2024-06-01,Delhi,Loyal
10849,Customer 10849,Male,55,Kolkata,2024-05-26,West Bengal,New
10850,Customer 10850,Male,19,Ahmedabad,2023-11-25,Gujarat,New
10851,Customer 10851,Male,22,Noida,2022-12-06,Uttar Pradesh,New
10852,Customer 10852,Female,28,Hyderabad,2023-05-06,Telangana,New
10853,Customer 10853,Female,28,Chennai,2023-05-10,Tamil Nadu,Regular
10854,Customer 10854,Male,41,Ahmedabad,2023-12-31,Gujarat,Regular
10855,Customer 10855,Female,31,Hyderabad,2025-04-01,Telangana,New
10856,Customer 10856,Female,62,Ahmedabad,2023-04-01,Gujarat,Loyal
10857,Customer 10857,Male,47,Mysuru,2025-01-20,Karnataka,Regular
10858,Customer 10858,Male,57,Hyderabad,2022-04-15,Telangana,Loyal
10859,Customer 10859,Female,64,Noida,2023-12-20,Uttar Pradesh,Regular
10860,Customer 10860,Female,61,Ahmedabad,2023-03-15,Gujarat,Regular
10861,Customer 10861,Male,52,Bengaluru,2023-10-13,Karnataka,Regular
10862,Customer 10862,Male,38,Noida,2023-05-24,Uttar Pradesh,Regular
10863,Customer 10863,Male,22,Hyderabad,2022-09-08,Telangana,Regular
10864,Customer 10864,Female,55,Noida,2024-08-22,Uttar Pradesh,Regular
10865,Customer 10865,Male,19,Ahmedabad,2025-04-29,Gujarat,Loyal
10866,Customer 10866,Male,57,Pune,2022-02-16,Maharashtra,Loyal
10867,Customer 10867,Female,54,Ahmedabad,2024-05-28,Gujarat,Regular
10868,Customer 10868,Female,51,Ahmedabad,2025-06-28,Gujarat,Regular
10869,Customer 10869,Male,28,Mysuru,2024-10-14,Karnataka,VIP
10870,Customer 10870,Male,53,Delhi,2024-02-14,Delhi,Loyal
10871,Customer 10871,Female,28,Bengaluru,2024-06-03,Karnataka,Regular
10872,Customer 10872,Male,26,Kolkata,2022-03-05,West Bengal,Loyal
10873,Customer 10873,Male,23,Chennai,2022-11-16,Tamil Nadu,New
10874,Customer 10874,Female,51,Mumbai,2024-05-09,Maharashtra,New
10875,Customer 10875,Male,64,Delhi,2024-02-19,Delhi,New
10876,Customer 10876,Female,54,Mumbai,2022-01-29,Maharashtra,New
10877,Customer 10877,Female,49,Mysuru,2023-03-13,Karnataka,Regular
10878,Customer 10878,Male,29,Bengaluru,2024-02-02,Karnataka,New
10879,Customer 10879,Male,62,Jaipur,2024-01-06,Rajasthan,Loyal
10880,Customer 10880,Female,49,Ahmedabad,2024-12-06,Gujarat,Regular
10881,Customer 10881,Female,34,Jaipur,2023-03-27,Rajasthan,Regular
10882,Customer 10882,Female,21,Jaipur,2023-09-25,Rajasthan,New
10883,Customer 10883,Female,59,Kochi,2025-01-02,Kerala,Regular
10884,Customer 10884,Male,50,Nagpur,2024-12-12,Maharashtra,New
10885,Customer 10885,Female,60,Jaipur,2022-08-21,Rajasthan,Loyal
10886,Customer 10886,Male,60,Chennai,2022-07-19,Tamil Nadu,Loyal
10887,Customer 10887,Male,26,Pune,2023-11-05,Maharashtra,Regular
10888,Customer 10888,Male,51,Nagpur,2023-07-03,Maharashtra,New
10889,Customer 10889,Male,56,Mysuru,2024-07-25,Karnataka,Loyal
10890,Customer 10890,Female,47,Delhi,2022-04-07,Delhi,Regular
10891,Customer 10891,Male,37,Pune,2022-02-18,Maharashtra,Regular
10892,Customer 10892,Male,56,Noida,2024-06-14,Uttar Pradesh,Regular
10893,Customer 10893,Male,40,Hyderabad,2023-06-06,Telangana,Loyal
10894,Customer 10894,Female,58,Kochi,2022-02-09,Kerala,Regular
10895,Customer 10895,Female,61,Pune,2024-07-02,Maharashtra,Loyal
10896,Customer 10896,Male,52,Kolkata,2025-03-22,West Bengal,New
10897,Customer 10897,Male,40,Jaipur,2025-02-03,Rajasthan,New
10898,Customer 10898,Male,56,Mysuru,2023-07-07,Karnataka,Loyal
10899,Customer 10899,Female,40,Coimbatore,2023-11-07,Tamil Nadu,New
10900,Customer 10900,Female,54,Hyderabad,2024-02-09,Telangana,Regular
10901,Customer 10901,Female,40,Mumbai,2022-07-30,Maharashtra,New
10902,Customer 10902,Female,56,Chennai,2025-05-10,Tamil Nadu,Regular
10903,Customer 10903,Male,45,Mumbai,2023-03-09,Maharashtra,Regular
10904,Customer 10904,Female,36,Pune,2023-12-08,Maharashtra,Loyal
10905,Customer 10905,Female,47,Mumbai,2023-07-19,Maharashtra,Loyal
10906,Customer 10906,Male,38,Kolkata,2022-05-27,West Bengal,VIP
10907,Customer 10907,Male,41,Mysuru,2022-10-09,Karnataka,Loyal
10908,Customer 10908,Female,38,Noida,2024-01-25,Uttar Pradesh,Loyal
10909,Customer 10909,Female,43,Delhi,2024-12-10,Delhi,Loyal
10910,Customer 10910,Male,53,Chennai,2023-05-10,Tamil Nadu,Loyal
10911,Customer 10911,Female,43,Kolkata,2023-02-13,West Bengal,Regular
10912,Customer 10912,Female,50,Kolkata,2022-09-30,West Bengal,Regular
10913,Customer 10913,Male,53,Mumbai,2023-04-03,Maharashtra,Loyal
10914,Customer 10914,Male,21,Jaipur,2025-02-17,Rajasthan,Regular
10915,Customer 10915,Male,26,Mumbai,2022-02-15,Maharashtra,Loyal
10916,Customer 10916,Female,25,Pune,2025-06-20,Maharashtra,Regular
10917,Customer 10917,Male,19,Delhi,2022-11-07,Delhi,Regular
10918,Customer 10918,Male,46,Nagpur,2023-07-16,Maharashtra,Loyal
10919,Customer 10919,Female,40,Mumbai,2022-11-27,Maharashtra,Regular
10920,Customer 10920,Female,23,Mysuru,2022-01-11,Karnataka,VIP
10921,Customer 10921,Male,60,Coimbatore,2024-06-26,Tamil Nadu,VIP
10922,Customer 10922,Male,53,Chennai,2024-12-07,Tamil Nadu,Loyal
10923,Customer 10923,Male,63,Ahmedabad,2022-01-08,Gujarat,New
10924,Customer 10924,Female,38,Mumbai,2024-09-10,Maharashtra,Regular
10925,Customer 10925,Female,39,Mysuru,2023-07-20,Karnataka,Regular
10926,Customer 10926,Male,26,Mysuru,2022-09-30,Karnataka,Loyal
10927,Customer 10927,Female,51,Chennai,2024-07-29,Tamil Nadu,New
10928,Customer 10928,Female,43,Nagpur,2024-06-19,Maharashtra,New
10929,Customer 10929,Female,18,Mysuru,2022-05-11,Karnataka,New
10930,Customer 10930,Female,53,Coimbatore,2023-12-25,Tamil Nadu,Regular
10931,Customer 10931,Male,61,Mysuru,2023-09-26,Karnataka,Loyal
10932,Customer 10932,Male,22,Mysuru,2022-04-24,Karnataka,New
10933,Customer 10933,Female,58,Mysuru,2023-06-16,Karnataka,Regular
10934,Customer 10934,Female,39,Noida,2024-11-10,Uttar Pradesh,Loyal
10935,Customer 10935,Female,21,Noida,2022-02-02,Uttar Pradesh,Loyal
10936,Customer 10936,Male,19,Nagpur,2022-05-13,Maharashtra,Loyal
10937,Customer 10937,Female,33,Mumbai,2024-07-08,Maharashtra,Loyal
10938,Customer 10938,Female,33,Mysuru,2024-09-01,Karnataka,New
10939,Customer 10939,Male,39,Kochi,2022-01-26,Kerala,Regular
10940,Customer 10940,Male,60,Delhi,2023-08-24,Delhi,VIP
10941,Customer 10941,Female,18,Kochi,2025-01-20,Kerala,VIP
10942,Customer 10942,Female,32,Mumbai,2023-06-29,Maharashtra,Regular
10943,Customer 10943,Female,41,Nagpur,2025-06-15,Maharashtra,Loyal
10944,Customer 10944,Female,21,Jaipur,2022-01-18,Rajasthan,VIP
10945,Customer 10945,Male,35,Jaipur,2024-07-22,Rajasthan,Regular
10946,Customer 10946,Male,34,Bengaluru,2022-10-16,Karnataka,New
10947,Customer 10947,Female,24,Kochi,2024-11-16,Kerala,Loyal
10948,Customer 10948,Female,62,Mumbai,2024-03-27,Maharashtra,VIP
10949,Customer 10949,Female,27,Mumbai,2022-04-18,Maharashtra,Loyal
10950,Customer 10950,Female,18,Hyderabad,2024-08-30,Telangana,Loyal
10951,Customer 10951,Male,19,Pune,2024-08-05,Maharashtra,Regular
10952,Customer 10952,Female,39,Ahmedabad,2024-01-08,Gujarat,New
10953,Customer 10953,Male,49,Hyderabad,2022-11-20,Telangana,New
10954,Customer 10954,Male,46,Coimbatore,2024-05-16,Tamil Nadu,VIP
10955,Customer 10955,Male,52,Noida,2024-01-05,Uttar Pradesh,Regular
10956,Customer 10956,Male,34,Noida,2024-03-03,Uttar Pradesh,New
10957,Customer 10957,Male,29,Pune,2025-02-01,Maharashtra,VIP
10958,Customer 10958,Male,41,Chennai,2022-10-16,Tamil Nadu,Regular
10959,Customer 10959,Male,47,Chennai,2024-11-26,Tamil Nadu,Loyal
10960,Customer 10960,Male,61,Nagpur,2024-06-10,Maharashtra,Regular
10961,Customer 10961,Female,47,Kolkata,2022-02-12,West Bengal,New
10962,Customer 10962,Male,37,Pune,2025-02-23,Maharashtra,Regular
10963,Customer 10963,Male,59,Ahmedabad,2022-01-09,Gujarat,VIP
10964,Customer 10964,Female,24,Mumbai,2025-02-28,Maharashtra,New
10965,Customer 10965,Female,59,Chennai,2022-07-03,Tamil Nadu,Loyal
10966,Customer 10966,Female,55,Ahmedabad,2024-06-13,Gujarat,Regular
10967,Customer 10967,Male,24,Mysuru,2024-12-12,Karnataka,Regular
10968,Customer 10968,Female,47,Kochi,2024-05-19,Kerala,Regular
10969,Customer 10969,Male,29,Kochi,2023-06-17,Kerala,Loyal
10970,Customer 10970,Male,48,Kolkata,2025-05-16,West Bengal,Regular
10971,Customer 10971,Male,35,Delhi,2024-09-26,Delhi,Regular
10972,Customer 10972,Female,63,Mumbai,2023-10-25,Maharashtra,Loyal
10973,Customer 10973,Male,60,Coimbatore,2024-08-11,Tamil Nadu,New
10974,Customer 10974,Male,19,Mysuru,2022-03-10,Karnataka,New
10975,Customer 10975,Male,50,Mysuru,2022-10-28,Karnataka,New
10976,Customer 10976,Female,28,Kochi,2022-01-27,Kerala,Loyal
10977,Customer 10977,Female,51,Pune,2024-07-18,Maharashtra,Regular
10978,Customer 10978,Male,33,Kolkata,2023-10-16,West Bengal,Loyal
10979,Customer 10979,Female,52,Nagpur,2023-07-07,Maharashtra,Regular
10980,Customer 10980,Female,50,Coimbatore,2022-04-16,Tamil Nadu,Regular
10981,Customer 10981,Female,38,Chennai,2023-08-09,Tamil Nadu,Loyal
10982,Customer 10982,Male,37,Ahmedabad,2023-07-26,Gujarat,Regular
10983,Customer 10983,Female,25,Pune,2024-03-20,Maharashtra,VIP
10984,Customer 10984,Male,43,Chennai,2023-09-26,Tamil Nadu,Regular
10985,Customer 10985,Female,50,Pune,2024-10-31,Maharashtra,New
10986,Customer 10986,Male,43,Pune,2024-07-19,Maharashtra,Regular
10987,Customer 10987,Male,54,Pune,2023-10-21,Maharashtra,New
10988,Customer 10988,Male,47,Kochi,2025-05-24,Kerala,New
10989,Customer 10989,Female,48,Kolkata,2024-06-04,West Bengal,Regular
10990,Customer 10990,Male,50,Nagpur,2022-11-17,Maharashtra,Regular
10991,Customer 10991,Female,28,Pune,2023-04-05,Maharashtra,New
10992,Customer 10992,Male,58,Bengaluru,2023-08-02,Karnataka,Regular
10993,Customer 10993,Female,22,Delhi,2024-05-26,Delhi,Regular
10994,Customer 10994,Female,19,Chennai,2024-01-24,Tamil Nadu,Regular
10995,Customer 10995,Female,30,Mumbai,2022-06-09,Maharashtra,New
10996,Customer 10996,Female,35,Hyderabad,2023-04-09,Telangana,Regular
10997,Customer 10997,Female,43,Ahmedabad,2024-09-24,Gujarat,Loyal
10998,Customer 10998,Male,42,Kochi,2022-08-29,Kerala,Loyal
10999,Customer 10999,Female,61,Coimbatore,2024-07-24,Tamil Nadu,Regular
11000,Customer 11000,Male,31,Noida,2024-08-21,Uttar Pradesh,New
11001,Customer 11001,Female,22,Nagpur,2024-08-16,Maharashtra,Regular
11002,Customer 11002,Female,59,Mumbai,2024-05-14,Maharashtra,Loyal
11003,Customer 11003,Male,19,Mysuru,2025-04-05,Karnataka,Regular
11004,Customer 11004,Male,21,Jaipur,2023-10-12,Rajasthan,New
11005,Customer 11005,Male,29,Bengaluru,2022-11-23,Karnataka,New
11006,Customer 11006,Female,28,Noida,2024-05-14,Uttar Pradesh,VIP
11007,Customer 11007,Female,21,Hyderabad,2023-06-13,Telangana,Loyal
11008,Customer 11008,Female,60,Mumbai,2024-05-28,Maharashtra,Regular
11009,Customer 11009,Female,26,Noida,2022-11-30,Uttar Pradesh,Regular
11010,Customer 11010,Female,27,Mumbai,2024-10-23,Maharashtra,Loyal
11011,Customer 11011,Male,44,Ahmedabad,2025-06-20,Gujarat,New
11012,Customer 11012,Male,23,Bengaluru,2024-12-10,Karnataka,Regular
11013,Customer 11013,Female,32,Hyderabad,2024-05-31,Telangana,Loyal
11014,Customer 11014,Female,59,Mysuru,2022-12-16,Karnataka,Regular
11015,Customer 11015,Female,48,Pune,2022-06-23,Maharashtra,New
11016,Customer 11016,Male,39,Chennai,2022-04-26,Tamil Nadu,Regular
11017,Customer 11017,Male,23,Mysuru,2022-12-27,Karnataka,Loyal
11018,Customer 11018,Male,50,Pune,2022-03-17,Maharashtra,Regular
11019,Customer 11019,Male,46,Jaipur,2024-01-26,Rajasthan,Loyal
11020,Customer 11020,Male,38,Kochi,2025-01-09,Kerala,Regular
11021,Customer 11021,Female,47,Kolkata,2025-06-06,West Bengal,VIP
11022,Customer 11022,Male,38,Kolkata,2022-03-13,West Bengal,Loyal
11023,Customer 11023,Female,53,Kolkata,2025-05-26,West Bengal,Regular
11024,Customer 11024,Male,39,Nagpur,2023-03-28,Maharashtra,Regular
11025,Customer 11025,Female,63,Delhi,2024-06-29,Delhi,Regular
11026,Customer 11026,Male,37,Coimbatore,2023-01-02,Tamil Nadu,Loyal
11027,Customer 11027,Male,39,Coimbatore,2024-04-05,Tamil Nadu,Regular
11028,Customer 11028,Male,57,Kolkata,2023-11-01,West Bengal,Loyal
11029,Customer 11029,Female,28,Chennai,2024-11-13,Tamil Nadu,New
11030,Customer 11030,Female,64,Hyderabad,2022-04-20,Telangana,Regular
11031,Customer 11031,Male,48,Bengaluru,2022-02-21,Karnataka,Loyal
11032,Customer 11032,Male,57,Hyderabad,2023-04-12,Telangana,Regular
11033,Customer 11033,Female,30,Bengaluru,2024-03-28,Karnataka,Regular
11034,Customer 11034,Male,35,Hyderabad,2024-02-26,Telangana,VIP
11035,Customer 11035,Male,39,Delhi,2023-07-10,Delhi,Regular
11036,Customer 11036,Female,34,Nagpur,2024-07-17,Maharashtra,VIP
11037,Customer 11037,Female,55,Nagpur,2022-09-16,Maharashtra,Loyal
11038,Customer 11038,Male,42,Kolkata,2022-03-06,West Bengal,Loyal
11039,Customer 11039,Male,49,Jaipur,2022-06-12,Rajasthan,Regular
11040,Customer 11040,Female,32,Pune,2025-04-02,Maharashtra,New
11041,Customer 11041,Male,30,Jaipur,2022-02-08,Rajasthan,Regular
11042,Customer 11042,Male,43,Noida,2023-10-27,Uttar Pradesh,Regular
11043,Customer 11043,Female,28,Nagpur,2022-11-16,Maharashtra,VIP
11044,Customer 11044,Female,30,Nagpur,2022-12-26,Maharashtra,Regular
11045,Customer 11045,Male,50,Mysuru,2022-09-26,Karnataka,Regular
11046,Customer 11046,Other,54,Mysuru,2022-11-20,Karnataka,Regular
11047,Customer 11047,Female,55,Pune,2022-11-22,Maharashtra,Regular
11048,Customer 11048,Male,18,Ahmedabad,2022-09-14,Gujarat,New
11049,Customer 11049,Other,56,Noida,2022-07-19,Uttar Pradesh,New
11050,Customer 11050,Male,44,Jaipur,2023-09-02,Rajasthan,Loyal
11051,Customer 11051,Male,53,Chennai,2025-02-01,Tamil Nadu,Regular
11052,Customer 11052,Female,49,Mysuru,2024-06-23,Karnataka,New
11053,Customer 11053,Male,58,Chennai,2022-06-13,Tamil Nadu,Regular
11054,Customer 11054,Male,32,Mumbai,2025-02-10,Maharashtra,Regular
11055,Customer 11055,Male,48,Mysuru,2023-09-07,Karnataka,Regular
11056,Customer 11056,Male,23,Delhi,2022-04-16,Delhi,VIP
11057,Customer 11057,Female,42,Ahmedabad,2023-11-30,Gujarat,Regular
11058,Customer 11058,Female,35,Noida,2022-12-30,Uttar Pradesh,New
11059,Customer 11059,Other,39,Kochi,2024-11-10,Kerala,VIP
11060,Customer 11060,Male,48,Pune,2023-10-22,Maharashtra,Loyal
11061,Customer 11061,Male,53,Mumbai,2025-02-26,Maharashtra,Regular
11062,Customer 11062,Male,26,Kochi,2023-11-30,Kerala,Regular
11063,Customer 11063,Male,63,Noida,2025-05-07,Uttar Pradesh,Loyal
11064,Customer 11064,Male,20,Jaipur,2024-01-17,Rajasthan,Regular
11065,Customer 11065,Female,50,Kolkata,2024-08-18,West Bengal,Regular
11066,Customer 11066,Female,44,Delhi,2025-06-03,Delhi,Regular
11067,Customer 11067,Female,60,Noida,2024-07-18,Uttar Pradesh,Regular
11068,Customer 11068,Male,18,Delhi,2022-07-28,Delhi,Regular
11069,Customer 11069,Female,61,Delhi,2025-06-22,Delhi,Regular
11070,Customer 11070,Male,26,Chennai,2024-12-25,Tamil Nadu,New
11071,Customer 11071,Male,22,Hyderabad,2025-03-22,Telangana,Loyal
11072,Customer 11072,Female,32,Kochi,2023-05-06,Kerala,New
11073,Customer 11073,Female,26,Kolkata,2023-12-04,West Bengal,Regular
11074,Customer 11074,Male,62,Jaipur,2025-05-26,Rajasthan,Regular
11075,Customer 11075,Male,45,Mumbai,2023-05-17,Maharashtra,Loyal
11076,Customer 11076,Male,30,Noida,2023-10-28,Uttar Pradesh,Regular
11077,Customer 11077,Female,41,Bengaluru,2022-08-09,Karnataka,Loyal
11078,Customer 11078,Male,62,Mumbai,2023-03-11,Maharashtra,New
11079,Customer 11079,Other,27,Hyderabad,2022-10-07,Telangana,Loyal
11080,Customer 11080,Male,59,Mumbai,2025-01-20,Maharashtra,Loyal
11081,Customer 11081,Male,39,Nagpur,2023-06-08,Maharashtra,Loyal
11082,Customer 11082,Male,56,Jaipur,2025-03-08,Rajasthan,Regular
11083,Customer 11083,Female,39,Bengaluru,2023-10-29,Karnataka,Regular
11084,Customer 11084,Male,54,Hyderabad,2024-11-12,Telangana,New
11085,Customer 11085,Female,56,Chennai,2024-01-02,Tamil Nadu,Regular
11086,Customer 11086,Female,37,Kochi,2022-12-14,Kerala,Regular
11087,Customer 11087,Female,27,Noida,2025-06-14,Uttar Pradesh,New
11088,Customer 11088,Female,27,Ahmedabad,2024-02-04,Gujarat,VIP
11089,Customer 11089,Female,43,Coimbatore,2024-07-22,Tamil Nadu,Loyal
11090,Customer 11090,Female,42,Kochi,2022-07-02,Kerala,New
11091,Customer 11091,Female,45,Hyderabad,2023-05-23,Telangana,Regular
11092,Customer 11092,Male,30,Pune,2022-07-17,Maharashtra,Loyal
11093,Customer 11093,Male,32,Jaipur,2025-02-20,Rajasthan,Regular
11094,Customer 11094,Male,23,Noida,2023-01-16,Uttar Pradesh,Regular
11095,Customer 11095,Male,29,Kochi,2024-04-04,Kerala,Regular
11096,Customer 11096,Male,36,Kolkata,2024-10-26,West Bengal,New
11097,Customer 11097,Female,49,Hyderabad,2022-07-11,Telangana,Regular
11098,Customer 11098,Male,28,Nagpur,2023-06-09,Maharashtra,VIP
11099,Customer 11099,Male,55,Coimbatore,2024-11-25,Tamil Nadu,Regular
11100,Customer 11100,Female,50,Nagpur,2024-12-29,Maharashtra,Regular
11101,Customer 11101,Male,19,Coimbatore,2022-10-16,Tamil Nadu,Regular
11102,Customer 11102,Male,32,Kochi,2022-04-15,Kerala,Loyal
11103,Customer 11103,Male,53,Kolkata,2022-11-09,West Bengal,Loyal
11104,Customer 11104,Male,22,Ahmedabad,2024-12-14,Gujarat,New
11105,Customer 11105,Male,32,Jaipur,2025-02-04,Rajasthan,Loyal
11106,Customer 11106,Female,60,Pune,2022-11-03,Maharashtra,New
11107,Customer 11107,Female,27,Noida,2024-03-31,Uttar Pradesh,New
11108,Customer 11108,Male,34,Chennai,2022-02-05,Tamil Nadu,Loyal
11109,Customer 11109,Male,51,Nagpur,2025-03-02,Maharashtra,Regular
11110,Customer 11110,Male,41,Nagpur,2024-06-05,Maharashtra,Regular
11111,Customer 11111,Female,27,Delhi,2024-11-14,Delhi,Loyal
11112,Customer 11112,Male,47,Coimbatore,2024-11-26,Tamil Nadu,New
11113,Customer 11113,Male,20,Mysuru,2024-11-08,Karnataka,Regular
11114,Customer 11114,Female,54,Ahmedabad,2022-02-04,Gujarat,Regular
11115,Customer 11115,Male,20,Noida,2023-04-12,Uttar Pradesh,Regular
11116,Customer 11116,Male,57,Coimbatore,2024-06-15,Tamil Nadu,New
11117,Customer 11117,Male,22,Delhi,2022-07-18,Delhi,New
11118,Customer 11118,Female,45,Mumbai,2024-02-07,Maharashtra,Loyal
11119,Customer 11119,Female,61,Coimbatore,2025-05-19,Tamil Nadu,Loyal
11120,Customer 11120,Female,31,Chennai,2022-08-29,Tamil Nadu,New
11121,Customer 11121,Male,56,Noida,2025-04-08,Uttar Pradesh,Regular
11122,Customer 11122,Female,28,Kochi,2022-10-21,Kerala,Loyal
11123,Customer 11123,Female,25,Ahmedabad,2024-07-10,Gujarat,VIP
11124,Customer 11124,Female,54,Delhi,2025-02-24,Delhi,Regular
11125,Customer 11125,Male,25,Mumbai,2023-04-13,Maharashtra,Loyal
11126,Customer 11126,Female,29,Jaipur,2023-01-02,Rajasthan,Regular
11127,Customer 11127,Male,32,Bengaluru,2024-11-10,Karnataka,VIP
11128,Customer 11128,Male,36,Delhi,2022-11-12,Delhi,New
11129,Customer 11129,Female,63,Bengaluru,2024-01-28,Karnataka,VIP
11130,Customer 11130,Male,45,Noida,2025-01-18,Uttar Pradesh,Regular
11131,Customer 11131,Female,24,Nagpur,2023-03-27,Maharashtra,VIP
11132,Customer 11132,Male,57,Delhi,2024-02-17,Delhi,Regular
11133,Customer 11133,Female,24,Jaipur,2024-06-26,Rajasthan,Regular
11134,Customer 11134,Female,47,Pune,2025-03-19,Maharashtra,Loyal
11135,Customer 11135,Female,35,Bengaluru,2023-03-22,Karnataka,Loyal
11136,Customer 11136,Male,41,Chennai,2024-08-14,Tamil Nadu,Regular
11137,Customer 11137,Male,23,Pune,2022-03-21,Maharashtra,Regular
11138,Customer 11138,Female,21,Hyderabad,2024-11-06,Telangana,Loyal
11139,Customer 11139,Male,20,Hyderabad,2022-05-18,Telangana,VIP
11140,Customer 11140,Female,64,Mumbai,2023-10-14,Maharashtra,New
11141,Customer 11141,Female,23,Ahmedabad,2024-04-30,Gujarat,Regular
11142,Customer 11142,Male,43,Nagpur,2023-07-06,Maharashtra,Loyal
11143,Customer 11143,Male,61,Noida,2022-03-15,Uttar Pradesh,Loyal
11144,Customer 11144,Male,55,Delhi,2025-01-02,Delhi,Loyal
11145,Customer 11145,Female,28,Mysuru,2022-02-19,Karnataka,Loyal
11146,Customer 11146,Male,46,Chennai,2024-10-30,Tamil Nadu,Loyal
11147,Customer 11147,Male,37,Bengaluru,2025-01-31,Karnataka,Loyal
11148,Customer 11148,Male,27,Noida,2023-01-23,Uttar Pradesh,VIP
11149,Customer 11149,Female,43,Pune,2023-01-20,Maharashtra,Loyal
11150,Customer 11150,Male,44,Kolkata,2022-10-26,West Bengal,Loyal
11151,Customer 11151,Male,31,Hyderabad,2022-12-05,Telangana,New
11152,Customer 11152,Female,53,Kolkata,2023-04-19,West Bengal,Regular
11153,Customer 11153,Female,29,Jaipur,2023-09-08,Rajasthan,Regular
11154,Customer 11154,Female,40,Chennai,2024-08-19,Tamil Nadu,Loyal
11155,Customer 11155,Male,38,Mysuru,2024-03-02,Karnataka,Regular
11156,Customer 11156,Male,25,Delhi,2025-03-11,Delhi,New
11157,Customer 11157,Female,56,Mumbai,2025-04-08,Maharashtra,Regular
11158,Customer 11158,Male,26,Mysuru,2022-01-13,Karnataka,Loyal
11159,Customer 11159,Female,41,Chennai,2023-03-25,Tamil Nadu,Loyal
11160,Customer 11160,Female,48,Mysuru,2022-06-23,Karnataka,Loyal
11161,Customer 11161,Male,42,Chennai,2025-03-01,Tamil Nadu,Regular
11162,Customer 11162,Female,34,Chennai,2023-08-18,Tamil Nadu,Regular
11163,Customer 11163,Female,59,Coimbatore,2024-07-20,Tamil Nadu,Regular
11164,Customer 11164,Male,46,Bengaluru,2022-09-26,Karnataka,Regular
11165,Customer 11165,Female,20,Kochi,2025-06-28,Kerala,Loyal
11166,Customer 11166,Male,38,Kolkata,2023-09-10,West Bengal,Regular
11167,Customer 11167,Male,25,Kochi,2024-02-12,Kerala,New
11168,Customer 11168,Male,31,Kochi,2024-05-14,Kerala,Regular
11169,Customer 11169,Female,56,Kochi,2023-06-10,Kerala,Regular
11170,Customer 11170,Female,33,Hyderabad,2024-06-06,Telangana,New
11171,Customer 11171,Female,35,Coimbatore,2023-11-03,Tamil Nadu,Regular
11172,Customer 11172,Male,48,Delhi,2022-06-27,Delhi,Regular
11173,Customer 11173,Female,28,Coimbatore,2022-09-16,Tamil Nadu,Regular
11174,Customer 11174,Male,55,Nagpur,2022-09-17,Maharashtra,Regular
11175,Customer 11175,Female,37,Nagpur,2025-03-04,Maharashtra,Regular
11176,Customer 11176,Male,63,Hyderabad,2023-10-05,Telangana,VIP
11177,Customer 11177,Male,62,Mysuru,2022-03-22,Karnataka,Regular
11178,Customer 11178,Male,21,Bengaluru,2024-12-18,Karnataka,Regular
11179,Customer 11179,Female,37,Hyderabad,2025-01-02,Telangana,Loyal
11180,Customer 11180,Male,48,Chennai,2025-06-16,Tamil Nadu,Regular
11181,Customer 11181,Female,37,Pune,2022-05-09,Maharashtra,New
11182,Customer 11182,Male,28,Bengaluru,2023-02-16,Karnataka,Regular
11183,Customer 11183,Male,18,Ahmedabad,2022-11-11,Gujarat,Regular
11184,Customer 11184,Male,61,Kolkata,2025-03-07,West Bengal,Regular
11185,Customer 11185,Female,35,Bengaluru,2023-03-31,Karnataka,New
11186,Customer 11186,Female,56,Chennai,2023-09-07,Tamil Nadu,Loyal
11187,Customer 11187,Male,61,Chennai,2024-06-17,Tamil Nadu,New
11188,Customer 11188,Male,50,Mumbai,2024-06-21,Maharashtra,Loyal
11189,Customer 11189,Male,53,Kochi,2024-10-29,Kerala,VIP
11190,Customer 11190,Female,35,Hyderabad,2022-08-20,Telangana,VIP
11191,Customer 11191,Male,64,Chennai,2023-09-03,Tamil Nadu,Loyal
11192,Customer 11192,Female,48,Nagpur,2023-12-31,Maharashtra,New
11193,Customer 11193,Female,52,Kochi,2024-08-22,Kerala,Loyal
11194,Customer 11194,Male,56,Delhi,2024-05-31,Delhi,Regular
11195,Customer 11195,Female,55,Pune,2022-11-14,Maharashtra,Loyal
11196,Customer 11196,Female,32,Kolkata,2023-06-06,West Bengal,Regular
11197,Customer 11197,Female,64,Hyderabad,2025-01-15,Telangana,Regular
11198,Customer 11198,Male,23,Noida,2023-12-17,Uttar Pradesh,Loyal
11199,Customer 11199,Male,25,Nagpur,2025-06-18,Maharashtra,New
11200,Customer 11200,Male,57,Jaipur,2024-12-15,Rajasthan,New
11201,Customer 11201,Male,39,Ahmedabad,2025-02-07,Gujarat,Regular
11202,Customer 11202,Male,18,Mysuru,2024-12-08,Karnataka,Loyal
11203,Customer 11203,Male,30,Chennai,2024-11-05,Tamil Nadu,Regular
11204,Customer 11204,Female,41,Noida,2025-01-01,Uttar Pradesh,Loyal
11205,Customer 11205,Male,38,Chennai,2024-06-02,Tamil Nadu,Loyal
11206,Customer 11206,Male,62,Bengaluru,2022-07-21,Karnataka,New
11207,Customer 11207,Male,60,Nagpur,2022-04-03,Maharashtra,Regular
11208,Customer 11208,Female,21,Bengaluru,2024-11-22,Karnataka,Loyal
11209,Customer 11209,Female,24,Mumbai,2023-02-23,Maharashtra,Regular
11210,Customer 11210,Male,29,Bengaluru,2025-05-11,Karnataka,Regular
11211,Customer 11211,Male,30,Mumbai,2023-07-05,Maharashtra,New
11212,Customer 11212,Female,61,Ahmedabad,2023-09-18,Gujarat,New
11213,Customer 11213,Male,33,Mumbai,2024-04-24,Maharashtra,New
11214,Customer 11214,Male,23,Noida,2024-05-31,Uttar Pradesh,Regular
11215,Customer 11215,Male,31,Kochi,2023-12-21,Kerala,New
11216,Customer 11216,Male,48,Chennai,2024-08-01,Tamil Nadu,Regular
11217,Customer 11217,Male,53,Mysuru,2023-01-29,Karnataka,New
11218,Customer 11218,Female,54,Kochi,2024-03-19,Kerala,Loyal
11219,Customer 11219,Female,58,Kolkata,2024-05-21,West Bengal,Loyal
11220,Customer 11220,Male,52,Bengaluru,2025-05-19,Karnataka,Regular
11221,Customer 11221,Female,27,Jaipur,2024-05-16,Rajasthan,Regular
11222,Customer 11222,Male,34,Kolkata,2023-07-25,West Bengal,VIP
11223,Customer 11223,Male,59,Nagpur,2025-03-25,Maharashtra,Regular
11224,Customer 11224,Female,47,Mumbai,2023-09-26,Maharashtra,VIP
11225,Customer 11225,Female,61,Chennai,2023-09-24,Tamil Nadu,New
11226,Customer 11226,Male,24,Pune,2024-03-19,Maharashtra,Loyal
11227,Customer 11227,Male,35,Hyderabad,2022-11-18,Telangana,Regular
11228,Customer 11228,Female,36,Noida,2023-07-28,Uttar Pradesh,New
11229,Customer 11229,Female,32,Mysuru,2024-11-29,Karnataka,VIP
11230,Customer 11230,Female,56,Coimbatore,2024-11-29,Tamil Nadu,VIP
11231,Customer 11231,Male,61,Noida,2024-05-19,Uttar Pradesh,Regular
11232,Customer 11232,Male,39,Ahmedabad,2025-04-28,Gujarat,VIP
11233,Customer 11233,Male,56,Pune,2024-01-16,Maharashtra,New
11234,Customer 11234,Male,59,Jaipur,2024-11-04,Rajasthan,Loyal
11235,Customer 11235,Female,47,Hyderabad,2025-02-21,Telangana,New
11236,Customer 11236,Male,37,Pune,2024-07-25,Maharashtra,Regular
11237,Customer 11237,Male,49,Bengaluru,2024-08-16,Karnataka,Loyal
11238,Customer 11238,Female,59,Mumbai,2022-02-17,Maharashtra,Regular
11239,Customer 11239,Female,42,Mysuru,2022-07-08,Karnataka,New
11240,Customer 11240,Male,40,Delhi,2022-10-31,Delhi,Regular
11241,Customer 11241,Female,22,Mumbai,2025-02-02,Maharashtra,Regular
11242,Customer 11242,Female,58,Delhi,2023-01-04,Delhi,Loyal
11243,Customer 11243,Female,47,Kolkata,2023-04-05,West Bengal,New
11244,Customer 11244,Male,56,Hyderabad,2022-09-04,Telangana,Loyal
11245,Customer 11245,Female,44,Chennai,2022-09-21,Tamil Nadu,Regular
11246,Customer 11246,Female,59,Coimbatore,2025-05-14,Tamil Nadu,Regular
11247,Customer 11247,Male,54,Nagpur,2023-06-14,Maharashtra,Regular
11248,Customer 11248,Male,24,Kochi,2024-01-20,Kerala,Regular
11249,Customer 11249,Female,22,Mumbai,2023-02-11,Maharashtra,New
11250,Customer 11250,Male,32,Mysuru,2023-03-29,Karnataka,Regular
11251,Customer 11251,Female,59,Kochi,2024-03-24,Kerala,Regular
11252,Customer 11252,Male,25,Ahmedabad,2023-08-01,Gujarat,Loyal
11253,Customer 11253,Male,26,Ahmedabad,2024-08-22,Gujarat,New
11254,Customer 11254,Male,28,Pune,2025-03-19,Maharashtra,Loyal
11255,Customer 11255,Female,39,Kochi,2025-05-01,Kerala,New
11256,Customer 11256,Male,51,Mysuru,2022-05-27,Karnataka,New
11257,Customer 11257,Female,52,Hyderabad,2023-02-10,Telangana,Regular
11258,Customer 11258,Female,30,Kolkata,2022-07-02,West Bengal,New
11259,Customer 11259,Female,28,Delhi,2025-02-03,Delhi,Regular
11260,Customer 11260,Female,49,Pune,2022-08-24,Maharashtra,VIP
11261,Customer 11261,Female,59,Ahmedabad,2023-09-30,Gujarat,New
11262,Customer 11262,Male,32,Nagpur,2024-08-15,Maharashtra,Regular
11263,Customer 11263,Female,55,Nagpur,2022-06-28,Maharashtra,Regular
11264,Customer 11264,Female,18,Mumbai,2023-03-08,Maharashtra,Regular
11265,Customer 11265,Male,63,Hyderabad,2023-06-09,Telangana,Regular
11266,Customer 11266,Male,41,Chennai,2024-01-13,Tamil Nadu,Loyal
11267,Customer 11267,Female,60,Ahmedabad,2022-11-19,Gujarat,New
11268,Customer 11268,Male,57,Jaipur,2023-02-03,Rajasthan,Loyal
11269,Customer 11269,Female,39,Hyderabad,2022-12-03,Telangana,Regular
11270,Customer 11270,Male,20,Kolkata,2022-04-29,West Bengal,Regular
11271,Customer 11271,Male,31,Delhi,2023-02-17,Delhi,Regular
11272,Customer 11272,Female,19,Mysuru,2023-08-03,Karnataka,Regular
11273,Customer 11273,Male,49,Kochi,2022-11-01,Kerala,New
11274,Customer 11274,Male,55,Ahmedabad,2022-07-15,Gujarat,New
11275,Customer 11275,Female,50,Kochi,2022-11-29,Kerala,Regular
11276,Customer 11276,Male,63,Nagpur,2024-11-09,Maharashtra,Loyal
11277,Customer 11277,Female,59,Mysuru,2023-09-15,Karnataka,New
11278,Customer 11278,Female,23,Mysuru,2023-10-20,Karnataka,Loyal
11279,Customer 11279,Female,58,Mysuru,2023-12-05,Karnataka,Regular
11280,Customer 11280,Male,56,Nagpur,2024-06-01,Maharashtra,Loyal
11281,Customer 11281,Male,42,Kolkata,2025-06-06,West Bengal,Regular
11282,Customer 11282,Female,51,Kochi,2023-06-08,Kerala,New
11283,Customer 11283,Female,28,Noida,2022-08-05,Uttar Pradesh,VIP
11284,Customer 11284,Female,63,Kochi,2024-09-16,Kerala,New
11285,Customer 11285,Female,54,Bengaluru,2023-01-10,Karnataka,Regular
11286,Customer 11286,Male,58,Delhi,2022-02-05,Delhi,Regular
11287,Customer 11287,Male,24,Jaipur,2024-02-15,Rajasthan,Regular
11288,Customer 11288,Male,63,Noida,2022-01-28,Uttar Pradesh,VIP
11289,Customer 11289,Male,39,Delhi,2022-03-27,Delhi,Loyal
11290,Customer 11290,Male,56,Pune,2022-07-07,Maharashtra,Loyal
11291,Customer 11291,Female,27,Hyderabad,2022-11-01,Telangana,VIP
11292,Customer 11292,Male,38,Hyderabad,2024-02-05,Telangana,Regular
11293,Customer 11293,Male,23,Coimbatore,2022-03-21,Tamil Nadu,New
11294,Customer 11294,Male,18,Hyderabad,2022-07-05,Telangana,Loyal
11295,Customer 11295,Female,51,Kochi,2024-10-25,Kerala,Regular
11296,Customer 11296,Female,31,Nagpur,2023-07-12,Maharashtra,New
11297,Customer 11297,Female,53,Jaipur,2023-05-24,Rajasthan,Regular
11298,Customer 11298,Female,44,Chennai,2024-08-28,Tamil Nadu,Loyal
11299,Customer 11299,Male,26,Mumbai,2024-10-22,Maharashtra,New
11300,Customer 11300,Female,23,Coimbatore,2022-08-05,Tamil Nadu,Loyal
11301,Customer 11301,Male,48,Mumbai,2022-09-14,Maharashtra,Regular
11302,Customer 11302,Male,34,Delhi,2022-11-20,Delhi,New
11303,Customer 11303,Female,60,Mumbai,2022-07-16,Maharashtra,Loyal
11304,Customer 11304,Female,53,Mumbai,2023-05-19,Maharashtra,VIP
11305,Customer 11305,Male,38,Coimbatore,2023-11-25,Tamil Nadu,Regular
11306,Customer 11306,Male,44,Pune,2024-08-16,Maharashtra,Regular
11307,Customer 11307,Female,58,Kochi,2022-01-18,Kerala,Regular
11308,Customer 11308,Male,45,Mysuru,2022-04-17,Karnataka,Loyal
11309,Customer 11309,Male,33,Hyderabad,2022-05-05,Telangana,New
11310,Customer 11310,Male,52,Hyderabad,2023-04-28,Telangana,Regular
11311,Customer 11311,Male,53,Nagpur,2024-10-24,Maharashtra,Loyal
11312,Customer 11312,Female,52,Coimbatore,2023-09-19,Tamil Nadu,Regular
11313,Customer 11313,Male,62,Nagpur,2022-12-17,Maharashtra,Regular
11314,Customer 11314,Male,36,Chennai,2022-12-17,Tamil Nadu,Loyal
11315,Customer 11315,Female,38,Chennai,2023-10-11,Tamil Nadu,Loyal
11316,Customer 11316,Female,50,Nagpur,2024-06-19,Maharashtra,VIP
11317,Customer 11317,Male,40,Coimbatore,2022-08-16,Tamil Nadu,Regular
11318,Customer 11318,Male,23,Nagpur,2022-01-16,Maharashtra,Loyal
11319,Customer 11319,Male,49,Hyderabad,2023-03-01,Telangana,Loyal
11320,Customer 11320,Female,39,Noida,2023-04-09,Uttar Pradesh,New
11321,Customer 11321,Female,20,Bengaluru,2023-12-25,Karnataka,Regular
11322,Customer 11322,Female,52,Jaipur,2025-06-23,Rajasthan,New
11323,Customer 11323,Female,33,Mumbai,2024-03-04,Maharashtra,Loyal
11324,Customer 11324,Female,59,Bengaluru,2022-06-26,Karnataka,Loyal
11325,Customer 11325,Female,42,Kochi,2023-06-27,Kerala,Loyal
11326,Customer 11326,Female,34,Coimbatore,2023-05-24,Tamil Nadu,New
11327,Customer 11327,Male,56,Kolkata,2023-07-18,West Bengal,Regular
11328,Customer 11328,Other,30,Bengaluru,2022-08-21,Karnataka,New
11329,Customer 11329,Male,45,Jaipur,2024-11-27,Rajasthan,VIP
11330,Customer 11330,Male,28,Chennai,2023-05-06,Tamil Nadu,Loyal
11331,Customer 11331,Female,27,Delhi,2024-10-13,Delhi,New
11332,Customer 11332,Male,56,Mumbai,2023-03-20,Maharashtra,New
11333,Customer 11333,Female,41,Jaipur,2022-01-20,Rajasthan,Loyal
11334,Customer 11334,Female,55,Mysuru,2022-04-21,Karnataka,Regular
11335,Customer 11335,Male,41,Kolkata,2023-05-02,West Bengal,Loyal
11336,Customer 11336,Female,50,Coimbatore,2022-03-30,Tamil Nadu,Regular
11337,Customer 11337,Male,34,Mumbai,2025-02-15,Maharashtra,Loyal
11338,Customer 11338,Male,61,Kochi,2023-03-10,Kerala,New
11339,Customer 11339,Female,53,Bengaluru,2025-06-16,Karnataka,Regular
11340,Customer 11340,Female,52,Chennai,2022-03-13,Tamil Nadu,VIP
11341,Customer 11341,Female,23,Pune,2024-04-01,Maharashtra,Regular
11342,Customer 11342,Male,33,Noida,2024-03-26,Uttar Pradesh,New
11343,Customer 11343,Female,62,Mysuru,2023-02-08,Karnataka,VIP
11344,Customer 11344,Male,45,Kolkata,2022-09-08,West Bengal,New
11345,Customer 11345,Female,58,Noida,2024-05-18,Uttar Pradesh,Loyal
11346,Customer 11346,Male,49,Mumbai,2025-05-03,Maharashtra,Regular
11347,Customer 11347,Female,43,Chennai,2024-05-17,Tamil Nadu,Regular
11348,Customer 11348,Male,28,Chennai,2025-05-30,Tamil Nadu,New
11349,Customer 11349,Male,42,Jaipur,2025-04-20,Rajasthan,New
11350,Customer 11350,Male,48,Bengaluru,2024-06-14,Karnataka,Loyal
11351,Customer 11351,Female,38,Jaipur,2022-09-13,Rajasthan,Loyal
11352,Customer 11352,Female,62,Hyderabad,2025-01-16,Telangana,Regular
11353,Customer 11353,Female,20,Bengaluru,2024-05-22,Karnataka,New
11354,Customer 11354,Male,29,Hyderabad,2023-05-07,Telangana,Loyal
11355,Customer 11355,Female,57,Jaipur,2022-12-02,Rajasthan,Regular
11356,Customer 11356,Male,63,Hyderabad,2023-09-25,Telangana,Regular
11357,Customer 11357,Female,58,Mysuru,2022-12-28,Karnataka,Regular
11358,Customer 11358,Male,42,Jaipur,2024-11-19,Rajasthan,Regular
11359,Customer 11359,Female,34,Bengaluru,2024-07-07,Karnataka,Regular
11360,Customer 11360,Female,55,Ahmedabad,2024-06-12,Gujarat,Regular
11361,Customer 11361,Female,53,Jaipur,2023-09-29,Rajasthan,Regular
11362,Customer 11362,Female,53,Pune,2025-05-31,Maharashtra,Loyal
11363,Customer 11363,Female,36,Kolkata,2024-01-17,West Bengal,Regular
11364,Customer 11364,Female,61,Nagpur,2025-02-21,Maharashtra,Regular
11365,Customer 11365,Male,19,Nagpur,2023-11-14,Maharashtra,Regular
11366,Customer 11366,Female,34,Bengaluru,2024-09-29,Karnataka,Loyal
11367,Customer 11367,Male,47,Bengaluru,2024-10-03,Karnataka,New
11368,Customer 11368,Female,64,Noida,2023-11-24,Uttar Pradesh,New
11369,Customer 11369,Male,27,Kolkata,2022-08-03,West Bengal,Loyal
11370,Customer 11370,Male,52,Kolkata,2022-04-28,West Bengal,New
11371,Customer 11371,Male,53,Mysuru,2022-08-15,Karnataka,Regular
11372,Customer 11372,Male,50,Bengaluru,2024-06-09,Karnataka,VIP
11373,Customer 11373,Female,18,Kolkata,2023-03-20,West Bengal,Regular
11374,Customer 11374,Male,35,Kochi,2023-07-03,Kerala,New
11375,Customer 11375,Female,21,Noida,2024-04-08,Uttar Pradesh,Regular
11376,Customer 11376,Male,64,Hyderabad,2022-01-12,Telangana,Loyal
11377,Customer 11377,Female,44,Chennai,2025-02-19,Tamil Nadu,Regular
11378,Customer 11378,Female,42,Chennai,2023-05-04,Tamil Nadu,Loyal
11379,Customer 11379,Female,45,Hyderabad,2025-06-28,Telangana,Loyal
11380,Customer 11380,Female,39,Coimbatore,2023-08-02,Tamil Nadu,Regular
11381,Customer 11381,Male,59,Noida,2024-01-12,Uttar Pradesh,Loyal
11382,Customer 11382,Female,42,Kochi,2022-06-17,Kerala,Regular
11383,Customer 11383,Male,34,Kolkata,2024-08-18,West Bengal,Regular
11384,Customer 11384,Male,61,Ahmedabad,2025-06-23,Gujarat,Loyal
11385,Customer 11385,Female,29,Noida,2022-07-19,Uttar Pradesh,New
11386,Customer 11386,Male,33,Jaipur,2024-05-13,Rajasthan,Regular
11387,Customer 11387,Female,54,Hyderabad,2024-01-24,Telangana,Loyal
11388,Customer 11388,Female,33,Kochi,2024-11-02,Kerala,Loyal
11389,Customer 11389,Male,34,Pune,2024-02-13,Maharashtra,Regular
11390,Customer 11390,Male,48,Delhi,2022-04-07,Delhi,Loyal
11391,Customer 11391,Male,32,Mumbai,2022-03-12,Maharashtra,Regular
11392,Customer 11392,Female,30,Hyderabad,2024-09-19,Telangana,Loyal
11393,Customer 11393,Female,57,Ahmedabad,2022-12-23,Gujarat,Loyal
11394,Customer 11394,Male,44,Kolkata,2024-03-22,West Bengal,Regular
11395,Customer 11395,Male,38,Ahmedabad,2023-06-28,Gujarat,Regular
11396,Customer 11396,Female,19,Ahmedabad,2025-06-27,Gujarat,Loyal
11397,Customer 11397,Female,25,Bengaluru,2022-09-11,Karnataka,Loyal
11398,Customer 11398,Male,59,Bengaluru,2025-04-20,Karnataka,New
11399,Customer 11399,Male,24,Mysuru,2024-09-14,Karnataka,Regular
11400,Customer 11400,Female,27,Hyderabad,2025-04-04,Telangana,New
11401,Customer 11401,Male,21,Mysuru,2022-01-04,Karnataka,Regular
11402,Customer 11402,Male,60,Hyderabad,2022-05-25,Telangana,Loyal
11403,Customer 11403,Female,58,Noida,2022-06-14,Uttar Pradesh,New
11404,Customer 11404,Female,53,Mumbai,2022-12-10,Maharashtra,Loyal
11405,Customer 11405,Male,52,Ahmedabad,2025-02-02,Gujarat,Loyal
11406,Customer 11406,Male,60,Noida,2025-04-07,Uttar Pradesh,VIP
11407,Customer 11407,Male,20,Delhi,2023-06-04,Delhi,Regular
11408,Customer 11408,Male,35,Chennai,2024-07-14,Tamil Nadu,Loyal
11409,Customer 11409,Female,63,Nagpur,2023-09-01,Maharashtra,Loyal
11410,Customer 11410,Male,60,Jaipur,2023-05-27,Rajasthan,New
11411,Customer 11411,Female,41,Kochi,2023-02-13,Kerala,Regular
11412,Customer 11412,Female,49,Hyderabad,2023-03-12,Telangana,Loyal
11413,Customer 11413,Male,51,Delhi,2023-06-26,Delhi,Regular
11414,Customer 11414,Male,19,Chennai,2023-09-05,Tamil Nadu,VIP
11415,Customer 11415,Female,19,Kolkata,2024-06-18,West Bengal,Regular
11416,Customer 11416,Female,27,Coimbatore,2024-12-22,Tamil Nadu,New
11417,Customer 11417,Female,40,Mumbai,2024-11-21,Maharashtra,Regular
11418,Customer 11418,Male,32,Kochi,2025-05-19,Kerala,Regular
11419,Customer 11419,Female,29,Mysuru,2023-07-17,Karnataka,Regular
11420,Customer 11420,Female,60,Mysuru,2023-07-29,Karnataka,Regular
11421,Customer 11421,Female,34,Noida,2025-01-08,Uttar Pradesh,Regular
11422,Customer 11422,Male,35,Kochi,2024-10-18,Kerala,Regular
11423,Customer 11423,Female,31,Bengaluru,2022-12-09,Karnataka,New
11424,Customer 11424,Female,34,Chennai,2025-06-09,Tamil Nadu,Loyal
11425,Customer 11425,Male,32,Coimbatore,2023-09-05,Tamil Nadu,Regular
11426,Customer 11426,Male,29,Delhi,2022-05-09,Delhi,Loyal
11427,Customer 11427,Male,33,Mumbai,2024-11-08,Maharashtra,Loyal
11428,Customer 11428,Male,49,Chennai,2022-12-23,Tamil Nadu,Regular
11429,Customer 11429,Male,40,Coimbatore,2024-08-16,Tamil Nadu,New
11430,Customer 11430,Female,55,Nagpur,2022-03-22,Maharashtra,Loyal
11431,Customer 11431,Male,51,Hyderabad,2023-10-28,Telangana,Loyal
11432,Customer 11432,Male,51,Mysuru,2024-02-20,Karnataka,New
11433,Customer 11433,Female,33,Delhi,2025-02-15,Delhi,Loyal
11434,Customer 11434,Male,51,Mysuru,2024-03-01,Karnataka,New
11435,Customer 11435,Male,57,Delhi,2023-05-07,Delhi,New
11436,Customer 11436,Female,24,Noida,2022-08-13,Uttar Pradesh,Regular
11437,Customer 11437,Female,50,Bengaluru,2024-09-13,Karnataka,New
11438,Customer 11438,Female,21,Delhi,2023-02-23,Delhi,VIP
11439,Customer 11439,Female,60,Mysuru,2024-02-19,Karnataka,Loyal
11440,Customer 11440,Male,24,Noida,2022-05-17,Uttar Pradesh,Regular
11441,Customer 11441,Female,35,Delhi,2022-08-14,Delhi,New
11442,Customer 11442,Male,21,Nagpur,2025-06-06,Maharashtra,Regular
11443,Customer 11443,Female,28,Bengaluru,2022-11-19,Karnataka,Regular
11444,Customer 11444,Male,60,Delhi,2025-02-05,Delhi,Regular
11445,Customer 11445,Female,37,Noida,2024-03-22,Uttar Pradesh,New
11446,Customer 11446,Female,28,Kolkata,2023-03-21,West Bengal,Regular
11447,Customer 11447,Female,32,Chennai,2022-01-07,Tamil Nadu,Regular
11448,Customer 11448,Male,63,Pune,2022-05-08,Maharashtra,VIP
11449,Customer 11449,Male,34,Coimbatore,2022-09-24,Tamil Nadu,VIP
11450,Customer 11450,Female,51,Pune,2023-11-16,Maharashtra,Regular
11451,Customer 11451,Female,29,Kolkata,2024-07-16,West Bengal,Regular
11452,Customer 11452,Male,59,Pune,2022-08-02,Maharashtra,New
11453,Customer 11453,Female,45,Kolkata,2022-09-04,West Bengal,Regular
11454,Customer 11454,Female,52,Mumbai,2023-02-25,Maharashtra,Loyal
11455,Customer 11455,Male,25,Kolkata,2024-11-30,West Bengal,Loyal
11456,Customer 11456,Female,44,Kolkata,2023-12-18,West Bengal,New
11457,Customer 11457,Female,39,Ahmedabad,2022-05-23,Gujarat,Regular
11458,Customer 11458,Male,41,Kolkata,2022-05-21,West Bengal,VIP
11459,Customer 11459,Male,19,Nagpur,2023-07-19,Maharashtra,Regular
11460,Customer 11460,Female,48,Chennai,2022-04-17,Tamil Nadu,New
11461,Customer 11461,Female,39,Hyderabad,2022-02-02,Telangana,VIP
11462,Customer 11462,Male,18,Delhi,2025-05-08,Delhi,Regular
11463,Customer 11463,Female,31,Coimbatore,2022-04-29,Tamil Nadu,Regular
11464,Customer 11464,Female,42,Bengaluru,2022-08-17,Karnataka,Regular
11465,Customer 11465,Female,53,Chennai,2023-11-19,Tamil Nadu,Loyal
11466,Customer 11466,Male,53,Mysuru,2025-04-23,Karnataka,Loyal
11467,Customer 11467,Female,58,Hyderabad,2024-04-09,Telangana,Regular
11468,Customer 11468,Male,20,Mumbai,2024-10-07,Maharashtra,New
11469,Customer 11469,Male,22,Mumbai,2024-04-29,Maharashtra,Regular
11470,Customer 11470,Male,18,Jaipur,2025-05-23,Rajasthan,New
11471,Customer 11471,Male,36,Kolkata,2024-01-03,West Bengal,New
11472,Customer 11472,Female,50,Chennai,2025-02-27,Tamil Nadu,Regular
11473,Customer 11473,Male,59,Noida,2024-04-24,Uttar Pradesh,New
11474,Customer 11474,Female,47,Ahmedabad,2022-09-29,Gujarat,VIP
11475,Customer 11475,Male,29,Pune,2023-09-27,Maharashtra,New
11476,Customer 11476,Male,27,Mysuru,2024-10-28,Karnataka,Regular
11477,Customer 11477,Other,51,Mumbai,2023-02-07,Maharashtra,New
11478,Customer 11478,Female,33,Coimbatore,2024-07-16,Tamil Nadu,Loyal
11479,Customer 11479,Male,57,Mumbai,2023-09-19,Maharashtra,New
11480,Customer 11480,Female,63,Bengaluru,2023-09-09,Karnataka,Regular
11481,Customer 11481,Male,46,Delhi,2024-09-07,Delhi,Loyal
11482,Customer 11482,Male,32,Mumbai,2023-06-21,Maharashtra,VIP
11483,Customer 11483,Female,28,Bengaluru,2024-12-12,Karnataka,Loyal
11484,Customer 11484,Female,61,Chennai,2022-09-04,Tamil Nadu,New
11485,Customer 11485,Male,51,Chennai,2022-12-03,Tamil Nadu,New
11486,Customer 11486,Female,53,Ahmedabad,2022-02-02,Gujarat,Loyal
11487,Customer 11487,Female,47,Jaipur,2024-03-09,Rajasthan,Regular
11488,Customer 11488,Male,52,Hyderabad,2023-07-02,Telangana,Regular
11489,Customer 11489,Female,26,Mumbai,2024-06-09,Maharashtra,VIP
11490,Customer 11490,Female,35,Coimbatore,2025-06-16,Tamil Nadu,Loyal
11491,Customer 11491,Female,36,Mumbai,2023-12-30,Maharashtra,Loyal
11492,Customer 11492,Male,56,Jaipur,2025-04-15,Rajasthan,Loyal
11493,Customer 11493,Female,21,Kochi,2022-02-13,Kerala,Regular
11494,Customer 11494,Male,23,Coimbatore,2022-10-31,Tamil Nadu,Loyal
11495,Customer 11495,Female,50,Nagpur,2022-09-26,Maharashtra,Regular
11496,Customer 11496,Female,49,Kolkata,2023-11-14,West Bengal,VIP
11497,Customer 11497,Male,33,Hyderabad,2023-02-04,Telangana,Regular
11498,Customer 11498,Female,28,Nagpur,2023-08-26,Maharashtra,Regular
11499,Customer 11499,Female,39,Kochi,2024-07-10,Kerala,Regular
11500,Customer 11500,Female,53,Kochi,2024-08-28,Kerala,New
11501,Customer 11501,Male,40,Jaipur,2023-03-07,Rajasthan,Regular
11502,Customer 11502,Male,43,Mumbai,2023-02-25,Maharashtra,Regular
11503,Customer 11503,Female,48,Jaipur,2022-05-11,Rajasthan,Regular
11504,Customer 11504,Male,46,Jaipur,2025-06-02,Rajasthan,Regular
11505,Customer 11505,Female,22,Kochi,2025-03-12,Kerala,Regular
11506,Customer 11506,Male,55,Hyderabad,2023-08-01,Telangana,New
11507,Customer 11507,Male,42,Nagpur,2023-06-24,Maharashtra,Regular
11508,Customer 11508,Male,51,Pune,2022-05-05,Maharashtra,Loyal
11509,Customer 11509,Male,29,Mumbai,2025-05-20,Maharashtra,Regular
11510,Customer 11510,Female,39,Kochi,2024-07-22,Kerala,Regular
11511,Customer 11511,Male,26,Nagpur,2023-08-15,Maharashtra,Regular
11512,Customer 11512,Male,37,Pune,2025-06-15,Maharashtra,Loyal
11513,Customer 11513,Male,46,Pune,2023-10-06,Maharashtra,Loyal
11514,Customer 11514,Female,61,Chennai,2022-11-24,Tamil Nadu,New
11515,Customer 11515,Male,46,Ahmedabad,2024-03-22,Gujarat,Loyal
11516,Customer 11516,Female,62,Mumbai,2025-02-16,Maharashtra,Loyal
11517,Customer 11517,Female,44,Pune,2022-02-15,Maharashtra,Loyal
11518,Customer 11518,Female,34,Kochi,2022-03-25,Kerala,Regular
11519,Customer 11519,Female,22,Chennai,2024-03-04,Tamil Nadu,Loyal
11520,Customer 11520,Female,62,Nagpur,2022-12-18,Maharashtra,Regular
11521,Customer 11521,Female,30,Bengaluru,2024-11-02,Karnataka,Loyal
11522,Customer 11522,Male,59,Mumbai,2023-09-29,Maharashtra,Loyal
11523,Customer 11523,Male,32,Hyderabad,2025-04-10,Telangana,Loyal
11524,Customer 11524,Male,32,Jaipur,2022-08-22,Rajasthan,Regular
11525,Customer 11525,Female,35,Coimbatore,2025-04-19,Tamil Nadu,Loyal
11526,Customer 11526,Female,19,Coimbatore,2024-12-10,Tamil Nadu,New
11527,Customer 11527,Female,40,Nagpur,2024-02-20,Maharashtra,New
11528,Customer 11528,Male,60,Noida,2023-11-12,Uttar Pradesh,Regular
11529,Customer 11529,Female,30,Noida,2024-07-21,Uttar Pradesh,Loyal
11530,Customer 11530,Male,60,Nagpur,2024-05-10,Maharashtra,New
11531,Customer 11531,Male,21,Kochi,2025-05-15,Kerala,Regular
11532,Customer 11532,Male,64,Pune,2022-05-28,Maharashtra,New
11533,Customer 11533,Male,42,Ahmedabad,2022-10-27,Gujarat,Regular
11534,Customer 11534,Female,28,Mumbai,2023-07-03,Maharashtra,Loyal
11535,Customer 11535,Male,59,Coimbatore,2024-09-04,Tamil Nadu,Loyal
11536,Customer 11536,Male,29,Coimbatore,2023-01-18,Tamil Nadu,Regular
11537,Customer 11537,Female,30,Ahmedabad,2024-03-10,Gujarat,VIP
11538,Customer 11538,Female,26,Pune,2023-06-18,Maharashtra,Loyal
11539,Customer 11539,Female,62,Coimbatore,2025-06-10,Tamil Nadu,Loyal
11540,Customer 11540,Male,55,Jaipur,2025-02-26,Rajasthan,Loyal
11541,Customer 11541,Female,23,Hyderabad,2023-07-24,Telangana,VIP
11542,Customer 11542,Female,60,Mumbai,2024-07-19,Maharashtra,Loyal
11543,Customer 11543,Male,60,Delhi,2022-08-25,Delhi,Regular
11544,Customer 11544,Female,27,Coimbatore,2024-08-23,Tamil Nadu,Regular
11545,Customer 11545,Male,40,Nagpur,2023-12-02,Maharashtra,Loyal
11546,Customer 11546,Male,32,Hyderabad,2024-01-24,Telangana,Regular
11547,Customer 11547,Female,62,Coimbatore,2023-07-29,Tamil Nadu,Regular
11548,Customer 11548,Female,40,Kolkata,2025-06-18,West Bengal,Regular
11549,Customer 11549,Male,57,Jaipur,2024-08-14,Rajasthan,Regular
11550,Customer 11550,Female,54,Hyderabad,2024-10-13,Telangana,Regular
11551,Customer 11551,Female,51,Chennai,2024-02-10,Tamil Nadu,Loyal
11552,Customer 11552,Female,33,Delhi,2022-08-11,Delhi,Loyal
11553,Customer 11553,Male,62,Mysuru,2025-01-27,Karnataka,New
11554,Customer 11554,Female,58,Nagpur,2023-07-11,Maharashtra,Regular
11555,Customer 11555,Male,64,Nagpur,2024-06-29,Maharashtra,New
11556,Customer 11556,Female,49,Mumbai,2022-09-30,Maharashtra,New
11557,Customer 11557,Male,55,Ahmedabad,2023-03-06,Gujarat,Regular
11558,Customer 11558,Male,57,Hyderabad,2023-06-07,Telangana,Loyal
11559,Customer 11559,Female,63,Pune,2024-08-17,Maharashtra,Loyal
11560,Customer 11560,Male,22,Nagpur,2024-06-28,Maharashtra,Regular
11561,Customer 11561,Male,34,Hyderabad,2023-03-27,Telangana,Regular
11562,Customer 11562,Male,39,Kochi,2024-10-08,Kerala,Loyal
11563,Customer 11563,Female,56,Hyderabad,2022-02-11,Telangana,VIP
11564,Customer 11564,Male,58,Kochi,2022-04-04,Kerala,Loyal
11565,Customer 11565,Female,35,Kolkata,2023-05-01,West Bengal,New
11566,Customer 11566,Male,45,Bengaluru,2023-06-01,Karnataka,Regular
11567,Customer 11567,Male,30,Bengaluru,2025-03-19,Karnataka,New
11568,Customer 11568,Male,59,Mysuru,2023-12-18,Karnataka,Regular
11569,Customer 11569,Male,18,Chennai,2023-05-14,Tamil Nadu,Loyal
11570,Customer 11570,Male,36,Mysuru,2023-01-06,Karnataka,Regular
11571,Customer 11571,Male,51,Kochi,2024-09-07,Kerala,Loyal
11572,Customer 11572,Female,21,Coimbatore,2023-11-30,Tamil Nadu,Regular
11573,Customer 11573,Female,60,Pune,2023-04-30,Maharashtra,VIP
11574,Customer 11574,Male,20,Coimbatore,2023-10-27,Tamil Nadu,New
11575,Customer 11575,Male,58,Noida,2023-09-20,Uttar Pradesh,New
11576,Customer 11576,Female,27,Coimbatore,2024-01-02,Tamil Nadu,Regular
11577,Customer 11577,Male,45,Mumbai,2022-07-11,Maharashtra,New
11578,Customer 11578,Male,51,Coimbatore,2024-04-15,Tamil Nadu,Loyal
11579,Customer 11579,Female,56,Mysuru,2025-05-29,Karnataka,New
11580,Customer 11580,Female,64,Nagpur,2024-12-06,Maharashtra,Loyal
11581,Customer 11581,Female,36,Jaipur,2022-05-07,Rajasthan,New
11582,Customer 11582,Male,59,Nagpur,2023-12-28,Maharashtra,Regular
11583,Customer 11583,Male,63,Bengaluru,2024-10-27,Karnataka,Loyal
11584,Customer 11584,Female,53,Jaipur,2023-11-27,Rajasthan,VIP
11585,Customer 11585,Male,60,Ahmedabad,2025-02-13,Gujarat,Regular
11586,Customer 11586,Female,20,Pune,2023-07-18,Maharashtra,VIP
11587,Customer 11587,Female,40,Pune,2023-01-01,Maharashtra,Regular
11588,Customer 11588,Male,34,Mumbai,2024-12-05,Maharashtra,Regular
11589,Customer 11589,Female,24,Mysuru,2023-01-28,Karnataka,Loyal
11590,Customer 11590,Female,43,Bengaluru,2024-08-11,Karnataka,Regular
11591,Customer 11591,Female,60,Kolkata,2022-01-23,West Bengal,Regular
11592,Customer 11592,Male,35,Noida,2025-02-28,Uttar Pradesh,Loyal
11593,Customer 11593,Male,63,Pune,2025-02-24,Maharashtra,Regular
11594,Customer 11594,Female,63,Nagpur,2023-03-21,Maharashtra,New
11595,Customer 11595,Male,23,Coimbatore,2024-02-16,Tamil Nadu,New
11596,Customer 11596,Female,48,Coimbatore,2023-12-09,Tamil Nadu,Loyal
11597,Customer 11597,Male,46,Ahmedabad,2023-03-09,Gujarat,Loyal
11598,Customer 11598,Male,26,Bengaluru,2023-04-18,Karnataka,Regular
11599,Customer 11599,Male,52,Mysuru,2022-02-17,Karnataka,Loyal
11600,Customer 11600,Female,34,Mysuru,2025-01-10,Karnataka,Regular
11601,Customer 11601,Male,29,Chennai,2025-02-06,Tamil Nadu,Loyal
11602,Customer 11602,Male,53,Kochi,2022-09-20,Kerala,Loyal
11603,Customer 11603,Male,41,Delhi,2024-11-20,Delhi,Loyal
11604,Customer 11604,Female,27,Pune,2022-12-24,Maharashtra,Regular
11605,Customer 11605,Male,47,Mysuru,2023-07-22,Karnataka,Loyal
11606,Customer 11606,Female,46,Ahmedabad,2023-04-25,Gujarat,Regular
11607,Customer 11607,Female,56,Nagpur,2024-05-16,Maharashtra,Regular
11608,Customer 11608,Male,27,Bengaluru,2025-04-27,Karnataka,Regular
11609,Customer 11609,Female,56,Noida,2024-10-25,Uttar Pradesh,Regular
11610,Customer 11610,Male,45,Chennai,2023-12-09,Tamil Nadu,Regular
11611,Customer 11611,Female,35,Ahmedabad,2023-03-02,Gujarat,New
11612,Customer 11612,Female,58,Hyderabad,2024-11-16,Telangana,Regular
11613,Customer 11613,Male,34,Mumbai,2022-05-07,Maharashtra,Loyal
11614,Customer 11614,Male,28,Noida,2022-05-15,Uttar Pradesh,New
11615,Customer 11615,Male,18,Kochi,2022-11-27,Kerala,New
11616,Customer 11616,Other,34,Hyderabad,2023-01-27,Telangana,Regular
11617,Customer 11617,Male,53,Kolkata,2022-01-08,West Bengal,Loyal
11618,Customer 11618,Female,53,Kochi,2023-09-05,Kerala,New
11619,Customer 11619,Male,63,Coimbatore,2025-05-07,Tamil Nadu,New
11620,Customer 11620,Female,26,Mumbai,2023-08-21,Maharashtra,Regular
11621,Customer 11621,Male,62,Pune,2023-01-21,Maharashtra,Loyal
11622,Customer 11622,Female,45,Nagpur,2023-04-17,Maharashtra,New
11623,Customer 11623,Male,50,Mumbai,2022-06-28,Maharashtra,Regular
11624,Customer 11624,Female,20,Kochi,2023-03-26,Kerala,Loyal
11625,Customer 11625,Male,25,Delhi,2025-06-17,Delhi,New
11626,Customer 11626,Male,23,Hyderabad,2024-03-25,Telangana,Regular
11627,Customer 11627,Male,23,Pune,2025-04-21,Maharashtra,Regular
11628,Customer 11628,Female,46,Jaipur,2022-12-24,Rajasthan,VIP
11629,Customer 11629,Male,54,Delhi,2023-01-11,Delhi,Regular
11630,Customer 11630,Female,29,Coimbatore,2023-12-03,Tamil Nadu,Regular
11631,Customer 11631,Male,26,Delhi,2024-04-17,Delhi,Regular
11632,Customer 11632,Female,58,Chennai,2023-06-22,Tamil Nadu,Loyal
11633,Customer 11633,Female,36,Chennai,2024-02-21,Tamil Nadu,New
11634,Customer 11634,Female,34,Kolkata,2022-03-23,West Bengal,Regular
11635,Customer 11635,Male,61,Kochi,2022-07-04,Kerala,Loyal
11636,Customer 11636,Male,49,Bengaluru,2022-10-15,Karnataka,VIP
11637,Customer 11637,Male,52,Noida,2024-12-21,Uttar Pradesh,Loyal
11638,Customer 11638,Male,31,Noida,2024-06-01,Uttar Pradesh,Regular
11639,Customer 11639,Female,33,Jaipur,2023-05-22,Rajasthan,Regular
11640,Customer 11640,Female,38,Jaipur,2022-01-30,Rajasthan,Regular
11641,Customer 11641,Female,29,Pune,2024-07-24,Maharashtra,Regular
11642,Customer 11642,Male,41,Coimbatore,2022-01-31,Tamil Nadu,Loyal
11643,Customer 11643,Female,51,Mysuru,2025-04-11,Karnataka,Loyal
11644,Customer 11644,Male,25,Kolkata,2025-02-25,West Bengal,Regular
11645,Customer 11645,Female,61,Chennai,2022-03-27,Tamil Nadu,Loyal
11646,Customer 11646,Male,38,Pune,2022-01-28,Maharashtra,Loyal
11647,Customer 11647,Male,25,Mysuru,2022-05-02,Karnataka,Loyal
11648,Customer 11648,Male,45,Noida,2025-06-28,Uttar Pradesh,Loyal
11649,Customer 11649,Female,33,Bengaluru,2023-07-27,Karnataka,Regular
11650,Customer 11650,Female,27,Delhi,2023-02-07,Delhi,Regular
11651,Customer 11651,Male,32,Chennai,2023-11-14,Tamil Nadu,New
11652,Customer 11652,Male,21,Pune,2022-09-29,Maharashtra,New
11653,Customer 11653,Female,43,Mumbai,2024-04-16,Maharashtra,Regular
11654,Customer 11654,Female,32,Mysuru,2022-04-23,Karnataka,New
11655,Customer 11655,Male,53,Delhi,2022-01-19,Delhi,Regular
11656,Customer 11656,Female,49,Chennai,2023-08-28,Tamil Nadu,Regular
11657,Customer 11657,Other,60,Noida,2023-04-10,Uttar Pradesh,Regular
11658,Customer 11658,Female,55,Ahmedabad,2023-11-22,Gujarat,New
11659,Customer 11659,Male,21,Coimbatore,2024-10-07,Tamil Nadu,New
11660,Customer 11660,Female,58,Mysuru,2025-04-29,Karnataka,New
11661,Customer 11661,Female,26,Noida,2024-10-10,Uttar Pradesh,New
11662,Customer 11662,Male,52,Chennai,2022-06-12,Tamil Nadu,VIP
11663,Customer 11663,Female,45,Mysuru,2023-11-30,Karnataka,Regular
11664,Customer 11664,Female,54,Kolkata,2022-10-22,West Bengal,Regular
11665,Customer 11665,Male,64,Delhi,2023-08-02,Delhi,New
11666,Customer 11666,Male,26,Chennai,2025-01-01,Tamil Nadu,Regular
11667,Customer 11667,Female,19,Kolkata,2023-12-02,West Bengal,Loyal
11668,Customer 11668,Female,20,Hyderabad,2022-10-29,Telangana,New
11669,Customer 11669,Male,61,Pune,2022-05-04,Maharashtra,Loyal
11670,Customer 11670,Female,22,Ahmedabad,2023-10-31,Gujarat,Loyal
11671,Customer 11671,Female,27,Jaipur,2022-07-14,Rajasthan,Regular
11672,Customer 11672,Female,45,Delhi,2024-04-21,Delhi,Regular
11673,Customer 11673,Male,32,Mysuru,2022-12-17,Karnataka,Regular
11674,Customer 11674,Female,31,Coimbatore,2023-05-04,Tamil Nadu,Regular
11675,Customer 11675,Male,63,Noida,2022-07-19,Uttar Pradesh,Loyal
11676,Customer 11676,Male,40,Jaipur,2024-06-02,Rajasthan,New
11677,Customer 11677,Female,30,Mumbai,2023-05-23,Maharashtra,Regular
11678,Customer 11678,Male,33,Noida,2024-06-16,Uttar Pradesh,Regular
11679,Customer 11679,Female,47,Mysuru,2023-03-22,Karnataka,Regular
11680,Customer 11680,Male,57,Ahmedabad,2022-03-21,Gujarat,Loyal
11681,Customer 11681,Male,25,Kochi,2024-01-15,Kerala,Regular
11682,Customer 11682,Male,34,Noida,2023-11-29,Uttar Pradesh,New
11683,Customer 11683,Other,47,Kochi,2024-07-19,Kerala,Regular
11684,Customer 11684,Female,34,Pune,2023-10-16,Maharashtra,New
11685,Customer 11685,Female,52,Ahmedabad,2024-06-20,Gujarat,New
11686,Customer 11686,Male,18,Chennai,2022-09-29,Tamil Nadu,Regular
11687,Customer 11687,Male,41,Kolkata,2022-05-04,West Bengal,Regular
11688,Customer 11688,Female,42,Mumbai,2025-05-31,Maharashtra,Regular
11689,Customer 11689,Male,19,Nagpur,2023-11-17,Maharashtra,Regular
11690,Customer 11690,Male,42,Mysuru,2023-10-14,Karnataka,New
11691,Customer 11691,Female,31,Bengaluru,2022-10-24,Karnataka,Regular
11692,Customer 11692,Male,56,Nagpur,2025-02-16,Maharashtra,New
11693,Customer 11693,Female,50,Noida,2024-02-26,Uttar Pradesh,VIP
11694,Customer 11694,Female,34,Jaipur,2025-01-04,Rajasthan,Regular
11695,Customer 11695,Male,48,Mysuru,2023-09-13,Karnataka,Loyal
11696,Customer 11696,Male,27,Kolkata,2024-08-30,West Bengal,Loyal
11697,Customer 11697,Male,23,Hyderabad,2024-05-30,Telangana,Regular
11698,Customer 11698,Female,56,Kolkata,2022-12-17,West Bengal,Loyal
11699,Customer 11699,Female,42,Bengaluru,2022-09-12,Karnataka,Loyal
11700,Customer 11700,Male,55,Mumbai,2023-11-10,Maharashtra,Regular
11701,Customer 11701,Male,54,Kolkata,2022-01-29,West Bengal,VIP
11702,Customer 11702,Female,47,Coimbatore,2023-04-12,Tamil Nadu,New
11703,Customer 11703,Female,51,Hyderabad,2024-11-24,Telangana,Regular
11704,Customer 11704,Male,35,Nagpur,2024-01-19,Maharashtra,Loyal
11705,Customer 11705,Male,41,Chennai,2023-08-25,Tamil Nadu,New
11706,Customer 11706,Male,44,Pune,2025-05-11,Maharashtra,Loyal
11707,Customer 11707,Female,44,Coimbatore,2024-01-10,Tamil Nadu,Loyal
11708,Customer 11708,Female,56,Hyderabad,2024-07-19,Telangana,VIP
11709,Customer 11709,Male,38,Chennai,2024-12-27,Tamil Nadu,Regular
11710,Customer 11710,Female,36,Chennai,2022-05-11,Tamil Nadu,VIP
11711,Customer 11711,Male,56,Mysuru,2022-04-21,Karnataka,Regular
11712,Customer 11712,Male,40,Hyderabad,2023-06-08,Telangana,Regular
11713,Customer 11713,Male,56,Mumbai,2023-11-18,Maharashtra,Regular
11714,Customer 11714,Female,61,Noida,2024-04-10,Uttar Pradesh,Regular
11715,Customer 11715,Male,64,Bengaluru,2023-10-28,Karnataka,Regular
11716,Customer 11716,Female,32,Bengaluru,2024-12-02,Karnataka,Regular
11717,Customer 11717,Male,60,Nagpur,2024-05-24,Maharashtra,Regular
11718,Customer 11718,Male,19,Nagpur,2022-10-12,Maharashtra,Regular
11719,Customer 11719,Male,52,Bengaluru,2024-04-02,Karnataka,VIP
11720,Customer 11720,Female,37,Kolkata,2023-07-18,West Bengal,Regular
11721,Customer 11721,Male,45,Mumbai,2022-01-19,Maharashtra,Regular
11722,Customer 11722,Female,32,Kochi,2023-07-01,Kerala,Loyal
11723,Customer 11723,Male,33,Kolkata,2022-02-17,West Bengal,Regular
11724,Customer 11724,Male,50,Jaipur,2022-08-07,Rajasthan,Loyal
11725,Customer 11725,Male,64,Kolkata,2024-02-05,West Bengal,New
11726,Customer 11726,Male,29,Pune,2025-04-26,Maharashtra,Regular
11727,Customer 11727,Male,56,Delhi,2022-01-31,Delhi,New
11728,Customer 11728,Male,56,Noida,2022-09-16,Uttar Pradesh,New
11729,Customer 11729,Female,60,Pune,2022-11-04,Maharashtra,Loyal
11730,Customer 11730,Female,37,Mysuru,2024-12-30,Karnataka,Regular
11731,Customer 11731,Male,46,Delhi,2022-11-03,Delhi,Loyal
11732,Customer 11732,Male,60,Delhi,2023-07-22,Delhi,Regular
11733,Customer 11733,Male,20,Hyderabad,2025-01-27,Telangana,Regular
11734,Customer 11734,Male,22,Mumbai,2022-01-21,Maharashtra,Loyal
11735,Customer 11735,Male,19,Mumbai,2024-10-26,Maharashtra,Regular
11736,Customer 11736,Female,40,Delhi,2022-08-19,Delhi,Loyal
11737,Customer 11737,Male,43,Jaipur,2022-03-23,Rajasthan,Regular
11738,Customer 11738,Male,43,Kolkata,2024-08-15,West Bengal,New
11739,Customer 11739,Male,24,Hyderabad,2022-08-05,Telangana,Loyal
11740,Customer 11740,Male,27,Noida,2022-12-01,Uttar Pradesh,Regular
11741,Customer 11741,Female,22,Delhi,2023-07-13,Delhi,Regular
11742,Customer 11742,Male,64,Coimbatore,2024-05-13,Tamil Nadu,Loyal
11743,Customer 11743,Male,29,Nagpur,2024-05-23,Maharashtra,Regular
11744,Customer 11744,Female,49,Nagpur,2024-01-23,Maharashtra,Regular
11745,Customer 11745,Male,59,Pune,2023-08-17,Maharashtra,Regular
11746,Customer 11746,Female,48,Mysuru,2023-12-05,Karnataka,New
11747,Customer 11747,Female,39,Ahmedabad,2024-07-13,Gujarat,Regular
11748,Customer 11748,Male,34,Ahmedabad,2023-07-07,Gujarat,Regular
11749,Customer 11749,Female,37,Nagpur,2024-02-22,Maharashtra,Regular
11750,Customer 11750,Male,37,Kochi,2022-03-28,Kerala,Regular
11751,Customer 11751,Female,60,Chennai,2023-05-28,Tamil Nadu,Loyal
11752,Customer 11752,Male,25,Pune,2024-09-10,Maharashtra,New
11753,Customer 11753,Male,64,Ahmedabad,2024-10-05,Gujarat,Regular
11754,Customer 11754,Female,51,Nagpur,2023-08-10,Maharashtra,Loyal
11755,Customer 11755,Female,40,Mysuru,2023-05-13,Karnataka,Loyal
11756,Customer 11756,Other,55,Ahmedabad,2024-06-25,Gujarat,Regular
11757,Customer 11757,Female,45,Kolkata,2024-08-13,West Bengal,Loyal
11758,Customer 11758,Male,30,Kolkata,2024-01-13,West Bengal,New
11759,Customer 11759,Male,46,Mumbai,2023-03-25,Maharashtra,Regular
11760,Customer 11760,Male,25,Jaipur,2023-08-11,Rajasthan,Loyal
11761,Customer 11761,Male,28,Mumbai,2022-09-17,Maharashtra,Loyal
11762,Customer 11762,Male,64,Noida,2025-05-08,Uttar Pradesh,Regular
11763,Customer 11763,Female,62,Delhi,2023-04-08,Delhi,New
11764,Customer 11764,Male,35,Coimbatore,2022-04-04,Tamil Nadu,New
11765,Customer 11765,Male,42,Mumbai,2024-10-17,Maharashtra,Regular
11766,Customer 11766,Male,39,Ahmedabad,2025-02-05,Gujarat,Loyal
11767,Customer 11767,Female,62,Kochi,2022-12-21,Kerala,Regular
11768,Customer 11768,Female,52,Hyderabad,2023-04-14,Telangana,Regular
11769,Customer 11769,Female,46,Nagpur,2022-04-05,Maharashtra,Regular
11770,Customer 11770,Male,38,Hyderabad,2024-05-17,Telangana,Loyal
11771,Customer 11771,Female,24,Mysuru,2022-04-01,Karnataka,New
11772,Customer 11772,Male,29,Mumbai,2024-12-03,Maharashtra,Loyal
11773,Customer 11773,Female,53,Coimbatore,2024-08-12,Tamil Nadu,Loyal
11774,Customer 11774,Female,41,Mysuru,2023-01-19,Karnataka,Regular
11775,Customer 11775,Male,49,Chennai,2022-01-23,Tamil Nadu,Loyal
11776,Customer 11776,Female,44,Chennai,2022-01-23,Tamil Nadu,Loyal
11777,Customer 11777,Female,49,Hyderabad,2025-06-11,Telangana,New
11778,Customer 11778,Male,49,Delhi,2022-11-07,Delhi,Regular
11779,Customer 11779,Female,49,Pune,2023-07-29,Maharashtra,Regular
11780,Customer 11780,Male,43,Delhi,2022-04-13,Delhi,Regular
11781,Customer 11781,Male,28,Ahmedabad,2023-05-15,Gujarat,Regular
11782,Customer 11782,Male,63,Kolkata,2024-04-07,West Bengal,Regular
11783,Customer 11783,Male,35,Noida,2022-07-08,Uttar Pradesh,Loyal
11784,Customer 11784,Female,56,Delhi,2023-04-05,Delhi,Regular
11785,Customer 11785,Male,22,Jaipur,2022-07-08,Rajasthan,Regular
11786,Customer 11786,Female,33,Noida,2022-12-17,Uttar Pradesh,Regular
11787,Customer 11787,Male,28,Noida,2023-08-04,Uttar Pradesh,Loyal
11788,Customer 11788,Female,52,Coimbatore,2022-04-24,Tamil Nadu,New
11789,Customer 11789,Female,28,Mumbai,2022-04-14,Maharashtra,Regular
11790,Customer 11790,Female,59,Coimbatore,2023-09-12,Tamil Nadu,Regular
11791,Customer 11791,Male,40,Noida,2024-11-10,Uttar Pradesh,New
11792,Customer 11792,Male,51,Mysuru,2023-01-22,Karnataka,Regular
11793,Customer 11793,Male,34,Chennai,2024-08-01,Tamil Nadu,Regular
11794,Customer 11794,Female,27,Noida,2024-05-04,Uttar Pradesh,Loyal
11795,Customer 11795,Female,35,Coimbatore,2025-05-17,Tamil Nadu,Loyal
11796,Customer 11796,Male,61,Kochi,2023-04-28,Kerala,Regular
11797,Customer 11797,Male,25,Mysuru,2023-04-18,Karnataka,New
11798,Customer 11798,Female,43,Coimbatore,2024-05-08,Tamil Nadu,VIP
11799,Customer 11799,Male,20,Delhi,2024-07-30,Delhi,New
11800,Customer 11800,Female,41,Nagpur,2023-01-28,Maharashtra,Loyal
11801,Customer 11801,Female,20,Hyderabad,2023-05-31,Telangana,Loyal
11802,Customer 11802,Female,55,Pune,2025-04-26,Maharashtra,Loyal
11803,Customer 11803,Male,19,Kolkata,2022-12-12,West Bengal,Regular
11804,Customer 11804,Male,52,Coimbatore,2023-06-25,Tamil Nadu,Regular
11805,Customer 11805,Female,34,Jaipur,2022-02-16,Rajasthan,New
11806,Customer 11806,Female,26,Pune,2025-01-05,Maharashtra,Regular
11807,Customer 11807,Male,53,Kochi,2022-12-09,Kerala,Regular
11808,Customer 11808,Male,39,Bengaluru,2025-04-29,Karnataka,Loyal
11809,Customer 11809,Female,48,Coimbatore,2023-06-27,Tamil Nadu,New
11810,Customer 11810,Female,51,Nagpur,2024-03-29,Maharashtra,Loyal
11811,Customer 11811,Female,41,Pune,2024-11-25,Maharashtra,Loyal
11812,Customer 11812,Other,26,Kolkata,2024-01-27,West Bengal,New
11813,Customer 11813,Male,63,Noida,2022-12-17,Uttar Pradesh,Regular
11814,Customer 11814,Male,60,Coimbatore,2022-07-07,Tamil Nadu,Regular
11815,Customer 11815,Female,19,Mumbai,2022-11-30,Maharashtra,Regular
11816,Customer 11816,Female,38,Kochi,2023-04-28,Kerala,New
11817,Customer 11817,Male,51,Hyderabad,2025-05-24,Telangana,New
11818,Customer 11818,Male,44,Nagpur,2025-03-27,Maharashtra,Loyal
11819,Customer 11819,Female,54,Ahmedabad,2023-10-29,Gujarat,New
11820,Customer 11820,Male,24,Ahmedabad,2025-06-18,Gujarat,New
11821,Customer 11821,Male,39,Jaipur,2022-10-23,Rajasthan,Loyal
11822,Customer 11822,Female,21,Pune,2022-02-14,Maharashtra,Regular
11823,Customer 11823,Female,31,Nagpur,2023-05-10,Maharashtra,Regular
11824,Customer 11824,Female,51,Mysuru,2022-06-24,Karnataka,Regular
11825,Customer 11825,Male,40,Kolkata,2024-09-30,West Bengal,Regular
11826,Customer 11826,Female,61,Hyderabad,2022-02-25,Telangana,Regular
11827,Customer 11827,Female,59,Noida,2022-12-07,Uttar Pradesh,VIP
11828,Customer 11828,Female,42,Coimbatore,2025-02-05,Tamil Nadu,Regular
11829,Customer 11829,Female,18,Coimbatore,2022-08-02,Tamil Nadu,Regular
11830,Customer 11830,Male,32,Ahmedabad,2024-01-28,Gujarat,New
11831,Customer 11831,Male,49,Coimbatore,2023-07-04,Tamil Nadu,Loyal
11832,Customer 11832,Male,31,Hyderabad,2023-05-12,Telangana,Regular
11833,Customer 11833,Male,58,Mumbai,2022-06-22,Maharashtra,New
11834,Customer 11834,Female,38,Bengaluru,2022-04-15,Karnataka,Regular
11835,Customer 11835,Female,64,Jaipur,2023-04-24,Rajasthan,New
11836,Customer 11836,Female,24,Chennai,2023-03-10,Tamil Nadu,Regular
11837,Customer 11837,Female,53,Delhi,2023-10-04,Delhi,VIP
11838,Customer 11838,Male,38,Jaipur,2023-11-24,Rajasthan,Loyal
11839,Customer 11839,Male,57,Pune,2024-09-17,Maharashtra,New
11840,Customer 11840,Male,29,Mumbai,2024-07-10,Maharashtra,Regular
11841,Customer 11841,Male,32,Jaipur,2022-07-13,Rajasthan,New
11842,Customer 11842,Male,32,Noida,2024-04-22,Uttar Pradesh,Loyal
11843,Customer 11843,Female,34,Ahmedabad,2024-03-11,Gujarat,Regular
11844,Customer 11844,Other,51,Kochi,2022-02-28,Kerala,VIP
11845,Customer 11845,Male,61,Pune,2023-04-23,Maharashtra,Loyal
11846,Customer 11846,Male,52,Coimbatore,2025-01-31,Tamil Nadu,Regular
11847,Customer 11847,Female,56,Nagpur,2023-06-17,Maharashtra,Loyal
11848,Customer 11848,Male,55,Noida,2023-08-15,Uttar Pradesh,Loyal
11849,Customer 11849,Female,31,Pune,2024-04-18,Maharashtra,Regular
11850,Customer 11850,Female,22,Kochi,2023-07-03,Kerala,Regular
11851,Customer 11851,Female,47,Kolkata,2024-11-03,West Bengal,Regular
11852,Customer 11852,Male,21,Coimbatore,2022-08-09,Tamil Nadu,Regular
11853,Customer 11853,Female,32,Jaipur,2024-05-25,Rajasthan,New
11854,Customer 11854,Male,56,Jaipur,2023-11-09,Rajasthan,Regular
11855,Customer 11855,Female,52,Pune,2025-04-11,Maharashtra,Regular
11856,Customer 11856,Male,62,Nagpur,2023-10-24,Maharashtra,New
11857,Customer 11857,Male,27,Kolkata,2023-11-15,West Bengal,Loyal
11858,Customer 11858,Female,19,Coimbatore,2025-01-09,Tamil Nadu,Loyal
11859,Customer 11859,Female,61,Kochi,2022-12-02,Kerala,Loyal
11860,Customer 11860,Female,41,Bengaluru,2022-08-13,Karnataka,Regular
11861,Customer 11861,Female,45,Jaipur,2024-05-20,Rajasthan,Loyal
11862,Customer 11862,Female,39,Kochi,2022-02-04,Kerala,VIP
11863,Customer 11863,Male,61,Mumbai,2022-07-07,Maharashtra,Regular
11864,Customer 11864,Female,49,Jaipur,2025-06-01,Rajasthan,Loyal
11865,Customer 11865,Female,48,Kochi,2023-10-05,Kerala,Regular
11866,Customer 11866,Female,36,Mysuru,2024-08-20,Karnataka,Loyal
11867,Customer 11867,Female,38,Ahmedabad,2024-08-25,Gujarat,Loyal
11868,Customer 11868,Male,20,Delhi,2023-05-09,Delhi,Loyal
11869,Customer 11869,Female,23,Hyderabad,2022-11-07,Telangana,New
11870,Customer 11870,Male,49,Ahmedabad,2023-06-05,Gujarat,Regular
11871,Customer 11871,Male,19,Delhi,2023-01-04,Delhi,New
11872,Customer 11872,Female,41,Noida,2024-01-16,Uttar Pradesh,Regular
11873,Customer 11873,Male,62,Kochi,2022-01-31,Kerala,Regular
11874,Customer 11874,Female,44,Delhi,2025-06-09,Delhi,Regular
11875,Customer 11875,Male,26,Coimbatore,2024-09-24,Tamil Nadu,Loyal
11876,Customer 11876,Male,30,Bengaluru,2023-05-12,Karnataka,Regular
11877,Customer 11877,Female,31,Mysuru,2024-08-21,Karnataka,Loyal
11878,Customer 11878,Female,28,Mumbai,2025-04-13,Maharashtra,New
11879,Customer 11879,Female,31,Kochi,2022-10-25,Kerala,Regular
11880,Customer 11880,Female,33,Mumbai,2025-01-14,Maharashtra,Regular
11881,Customer 11881,Female,27,Nagpur,2023-07-31,Maharashtra,Regular
11882,Customer 11882,Male,37,Jaipur,2025-01-17,Rajasthan,New
11883,Customer 11883,Male,33,Kochi,2022-02-23,Kerala,Loyal
11884,Customer 11884,Male,51,Hyderabad,2022-08-17,Telangana,Regular
11885,Customer 11885,Female,33,Kochi,2024-02-18,Kerala,Loyal
11886,Customer 11886,Female,31,Pune,2024-09-11,Maharashtra,Loyal
11887,Customer 11887,Male,45,Bengaluru,2023-01-08,Karnataka,Regular
11888,Customer 11888,Female,35,Pune,2023-04-14,Maharashtra,Loyal
11889,Customer 11889,Female,43,Kochi,2023-02-24,Kerala,Loyal
11890,Customer 11890,Male,55,Mysuru,2023-06-16,Karnataka,VIP
11891,Customer 11891,Male,24,Delhi,2024-09-14,Delhi,Loyal
11892,Customer 11892,Female,62,Mumbai,2025-04-22,Maharashtra,Loyal
11893,Customer 11893,Female,51,Mysuru,2023-07-16,Karnataka,Regular
11894,Customer 11894,Female,64,Kochi,2022-03-31,Kerala,Regular
11895,Customer 11895,Male,62,Delhi,2023-01-04,Delhi,Loyal
11896,Customer 11896,Other,24,Mumbai,2025-01-02,Maharashtra,Loyal
11897,Customer 11897,Male,50,Delhi,2022-01-15,Delhi,Regular
11898,Customer 11898,Male,52,Hyderabad,2022-12-10,Telangana,Regular
11899,Customer 11899,Other,56,Bengaluru,2025-05-03,Karnataka,Loyal
11900,Customer 11900,Male,38,Ahmedabad,2024-11-25,Gujarat,Regular
11901,Customer 11901,Female,45,Kolkata,2024-07-05,West Bengal,New
11902,Customer 11902,Male,49,Noida,2022-07-24,Uttar Pradesh,New
11903,Customer 11903,Female,61,Mysuru,2024-02-15,Karnataka,Loyal
11904,Customer 11904,Female,33,Jaipur,2024-12-16,Rajasthan,Regular
11905,Customer 11905,Male,27,Mysuru,2025-02-07,Karnataka,Regular
11906,Customer 11906,Female,40,Kolkata,2023-11-17,West Bengal,Loyal
11907,Customer 11907,Male,32,Ahmedabad,2023-12-19,Gujarat,Loyal
11908,Customer 11908,Female,60,Chennai,2022-08-13,Tamil Nadu,New
11909,Customer 11909,Male,23,Coimbatore,2022-03-05,Tamil Nadu,New
11910,Customer 11910,Male,50,Hyderabad,2024-08-05,Telangana,Regular
11911,Customer 11911,Male,56,Kochi,2024-08-18,Kerala,Loyal
11912,Customer 11912,Male,29,Hyderabad,2022-11-16,Telangana,New
11913,Customer 11913,Female,53,Kolkata,2022-12-23,West Bengal,Regular
11914,Customer 11914,Male,48,Kochi,2022-04-03,Kerala,Loyal
11915,Customer 11915,Male,27,Jaipur,2023-11-26,Rajasthan,VIP
11916,Customer 11916,Male,51,Pune,2023-03-10,Maharashtra,Regular
11917,Customer 11917,Male,58,Delhi,2025-01-30,Delhi,New
11918,Customer 11918,Female,27,Coimbatore,2024-04-20,Tamil Nadu,Regular
11919,Customer 11919,Female,28,Bengaluru,2024-10-20,Karnataka,Regular
11920,Customer 11920,Male,31,Bengaluru,2024-06-16,Karnataka,Regular
11921,Customer 11921,Female,20,Kolkata,2024-06-02,West Bengal,Regular
11922,Customer 11922,Female,50,Hyderabad,2024-02-17,Telangana,Regular
11923,Customer 11923,Male,24,Bengaluru,2023-05-07,Karnataka,New
11924,Customer 11924,Female,21,Jaipur,2024-12-19,Rajasthan,Loyal
11925,Customer 11925,Female,56,Chennai,2024-03-23,Tamil Nadu,Regular
11926,Customer 11926,Female,27,Mysuru,2023-01-27,Karnataka,Regular
11927,Customer 11927,Female,32,Nagpur,2025-02-16,Maharashtra,VIP
11928,Customer 11928,Male,33,Jaipur,2022-01-21,Rajasthan,Regular
11929,Customer 11929,Female,55,Kochi,2025-01-25,Kerala,Loyal
11930,Customer 11930,Female,21,Noida,2023-05-28,Uttar Pradesh,Regular
11931,Customer 11931,Male,21,Kolkata,2024-06-26,West Bengal,Regular
11932,Customer 11932,Female,53,Pune,2023-12-16,Maharashtra,Regular
11933,Customer 11933,Male,44,Delhi,2024-08-01,Delhi,Regular
11934,Customer 11934,Other,39,Noida,2022-12-16,Uttar Pradesh,Regular
11935,Customer 11935,Female,39,Delhi,2025-03-01,Delhi,Loyal
11936,Customer 11936,Male,34,Mumbai,2023-06-30,Maharashtra,New
11937,Customer 11937,Male,62,Noida,2023-08-22,Uttar Pradesh,Loyal
11938,Customer 11938,Female,51,Nagpur,2022-02-01,Maharashtra,Regular
11939,Customer 11939,Male,49,Hyderabad,2022-09-16,Telangana,Loyal
11940,Customer 11940,Male,23,Chennai,2023-04-21,Tamil Nadu,Regular
11941,Customer 11941,Male,50,Mysuru,2024-04-04,Karnataka,VIP
11942,Customer 11942,Male,25,Mysuru,2024-08-29,Karnataka,Regular
11943,Customer 11943,Male,53,Chennai,2024-07-08,Tamil Nadu,VIP
11944,Customer 11944,Male,22,Coimbatore,2022-02-02,Tamil Nadu,New
11945,Customer 11945,Male,22,Mumbai,2024-06-17,Maharashtra,Loyal
11946,Customer 11946,Female,64,Delhi,2023-01-23,Delhi,Regular
11947,Customer 11947,Female,27,Nagpur,2024-03-08,Maharashtra,Loyal
11948,Customer 11948,Male,57,Bengaluru,2023-04-01,Karnataka,Loyal
11949,Customer 11949,Male,24,Noida,2025-03-13,Uttar Pradesh,Loyal
11950,Customer 11950,Female,29,Mumbai,2022-08-12,Maharashtra,New
11951,Customer 11951,Male,47,Jaipur,2022-08-05,Rajasthan,Loyal
11952,Customer 11952,Male,42,Kolkata,2022-06-05,West Bengal,Regular
11953,Customer 11953,Male,45,Noida,2024-02-28,Uttar Pradesh,New
11954,Customer 11954,Female,60,Nagpur,2022-02-05,Maharashtra,Regular
11955,Customer 11955,Female,30,Pune,2023-09-28,Maharashtra,Regular
11956,Customer 11956,Female,64,Pune,2022-01-09,Maharashtra,Loyal
11957,Customer 11957,Female,39,Kochi,2024-11-29,Kerala,Regular
11958,Customer 11958,Female,35,Mumbai,2022-06-28,Maharashtra,New
11959,Customer 11959,Male,44,Hyderabad,2024-08-16,Telangana,Regular
11960,Customer 11960,Female,25,Nagpur,2023-05-16,Maharashtra,VIP
11961,Customer 11961,Male,23,Nagpur,2023-01-08,Maharashtra,Regular
11962,Customer 11962,Female,28,Chennai,2024-12-27,Tamil Nadu,Loyal
11963,Customer 11963,Female,46,Jaipur,2024-08-27,Rajasthan,Regular
11964,Customer 11964,Female,58,Hyderabad,2023-05-30,Telangana,Loyal
11965,Customer 11965,Male,22,Jaipur,2022-12-30,Rajasthan,VIP
11966,Customer 11966,Male,24,Delhi,2024-02-16,Delhi,Regular
11967,Customer 11967,Female,39,Delhi,2024-02-13,Delhi,Regular
11968,Customer 11968,Female,64,Bengaluru,2022-11-25,Karnataka,Loyal
11969,Customer 11969,Female,21,Kochi,2024-03-04,Kerala,VIP
11970,Customer 11970,Male,49,Mysuru,2024-08-19,Karnataka,New
11971,Customer 11971,Female,36,Pune,2023-01-05,Maharashtra,Regular
11972,Customer 11972,Female,62,Kolkata,2023-08-20,West Bengal,Loyal
11973,Customer 11973,Female,50,Delhi,2025-02-11,Delhi,Regular
11974,Customer 11974,Female,18,Hyderabad,2023-07-25,Telangana,Regular
11975,Customer 11975,Female,63,Nagpur,2024-11-27,Maharashtra,Loyal
11976,Customer 11976,Female,58,Kolkata,2023-01-12,West Bengal,Regular
11977,Customer 11977,Female,61,Ahmedabad,2025-05-11,Gujarat,Regular
11978,Customer 11978,Female,58,Jaipur,2025-05-10,Rajasthan,VIP
11979,Customer 11979,Male,25,Delhi,2022-04-10,Delhi,Regular
11980,Customer 11980,Male,49,Nagpur,2024-03-26,Maharashtra,Loyal
11981,Customer 11981,Female,47,Delhi,2022-04-28,Delhi,Loyal
11982,Customer 11982,Female,63,Pune,2023-02-25,Maharashtra,Loyal
11983,Customer 11983,Female,45,Ahmedabad,2025-06-20,Gujarat,Loyal
11984,Customer 11984,Male,58,Noida,2023-06-25,Uttar Pradesh,Regular
11985,Customer 11985,Male,49,Delhi,2025-06-04,Delhi,Regular
11986,Customer 11986,Female,42,Hyderabad,2025-05-21,Telangana,Regular
11987,Customer 11987,Female,51,Delhi,2024-07-18,Delhi,Regular
11988,Customer 11988,Male,50,Mysuru,2023-11-30,Karnataka,New
11989,Customer 11989,Male,30,Kolkata,2022-04-23,West Bengal,Regular
11990,Customer 11990,Female,42,Kolkata,2023-01-08,West Bengal,Regular
11991,Customer 11991,Male,59,Pune,2022-10-26,Maharashtra,Regular
11992,Customer 11992,Female,57,Hyderabad,2024-11-08,Telangana,VIP
11993,Customer 11993,Male,56,Ahmedabad,2024-02-15,Gujarat,VIP
11994,Customer 11994,Female,61,Chennai,2023-11-02,Tamil Nadu,Regular
11995,Customer 11995,Female,61,Hyderabad,2022-01-11,Telangana,Regular
11996,Customer 11996,Female,27,Kolkata,2022-01-08,West Bengal,New
11997,Customer 11997,Male,48,Mysuru,2025-03-22,Karnataka,Regular
11998,Customer 11998,Female,61,Noida,2025-03-04,Uttar Pradesh,Loyal
11999,Customer 11999,Male,28,Pune,2023-04-06,Maharashtra,Loyal
12000,Customer 12000,Male,42,Chennai,2025-06-12,Tamil Nadu,Regular
12001,Customer 12001,Other,63,Mysuru,2022-09-12,Karnataka,Regular
12002,Customer 12002,Female,62,Ahmedabad,2023-08-09,Gujarat,Regular
12003,Customer 12003,Female,51,Jaipur,2022-12-28,Rajasthan,Regular
12004,Customer 12004,Male,37,Ahmedabad,2024-09-29,Gujarat,Loyal
12005,Customer 12005,Male,24,Mysuru,2024-02-27,Karnataka,Regular
12006,Customer 12006,Male,50,Jaipur,2022-07-28,Rajasthan,Loyal
12007,Customer 12007,Female,52,Mumbai,2022-09-24,Maharashtra,Regular
12008,Customer 12008,Female,46,Pune,2023-10-18,Maharashtra,Regular
12009,Customer 12009,Female,29,Hyderabad,2024-09-23,Telangana,Regular
12010,Customer 12010,Female,22,Jaipur,2023-07-08,Rajasthan,New
12011,Customer 12011,Male,29,Kochi,2024-01-06,Kerala,Loyal
12012,Customer 12012,Male,46,Jaipur,2023-02-25,Rajasthan,Loyal
12013,Customer 12013,Male,52,Nagpur,2022-11-04,Maharashtra,Loyal
12014,Customer 12014,Male,37,Noida,2022-05-17,Uttar Pradesh,New
12015,Customer 12015,Male,54,Nagpur,2022-07-14,Maharashtra,Loyal
12016,Customer 12016,Female,18,Hyderabad,2025-01-23,Telangana,New
12017,Customer 12017,Male,33,Hyderabad,2024-11-14,Telangana,New
12018,Customer 12018,Female,47,Pune,2025-06-09,Maharashtra,Regular
12019,Customer 12019,Male,26,Hyderabad,2023-08-29,Telangana,Regular
12020,Customer 12020,Other,59,Kolkata,2024-10-10,West Bengal,Loyal
12021,Customer 12021,Female,27,Jaipur,2024-05-11,Rajasthan,Loyal
12022,Customer 12022,Female,30,Jaipur,2022-08-09,Rajasthan,New
12023,Customer 12023,Male,37,Mumbai,2022-10-24,Maharashtra,Regular
12024,Customer 12024,Female,46,Chennai,2025-05-11,Tamil Nadu,Regular
12025,Customer 12025,Female,21,Hyderabad,2024-10-07,Telangana,New
12026,Customer 12026,Male,63,Nagpur,2022-12-09,Maharashtra,Regular
12027,Customer 12027,Male,45,Hyderabad,2023-08-16,Telangana,Loyal
12028,Customer 12028,Male,54,Ahmedabad,2025-05-13,Gujarat,Regular
12029,Customer 12029,Female,30,Mumbai,2024-06-10,Maharashtra,Loyal
12030,Customer 12030,Female,20,Kolkata,2022-03-18,West Bengal,Regular
12031,Customer 12031,Female,54,Kolkata,2023-12-08,West Bengal,Regular
12032,Customer 12032,Male,36,Delhi,2024-12-01,Delhi,Regular
12033,Customer 12033,Male,45,Jaipur,2025-04-20,Rajasthan,Loyal
12034,Customer 12034,Female,36,Kolkata,2024-01-27,West Bengal,Regular
12035,Customer 12035,Male,34,Jaipur,2025-05-03,Rajasthan,New
12036,Customer 12036,Female,35,Delhi,2023-08-13,Delhi,Loyal
12037,Customer 12037,Female,35,Mysuru,2023-01-23,Karnataka,New
12038,Customer 12038,Male,40,Noida,2024-07-15,Uttar Pradesh,VIP
12039,Customer 12039,Female,57,Bengaluru,2023-09-29,Karnataka,New
12040,Customer 12040,Male,26,Kolkata,2022-05-21,West Bengal,Loyal
12041,Customer 12041,Female,46,Chennai,2024-11-16,Tamil Nadu,Regular
12042,Customer 12042,Male,59,Ahmedabad,2023-03-24,Gujarat,Regular
12043,Customer 12043,Female,46,Coimbatore,2022-10-20,Tamil Nadu,New
12044,Customer 12044,Male,19,Mysuru,2025-06-13,Karnataka,Regular
12045,Customer 12045,Male,34,Kolkata,2023-12-16,West Bengal,Loyal
12046,Customer 12046,Female,62,Jaipur,2023-04-02,Rajasthan,Loyal
12047,Customer 12047,Male,48,Noida,2024-06-10,Uttar Pradesh,Regular
12048,Customer 12048,Female,45,Delhi,2024-04-18,Delhi,Regular
12049,Customer 12049,Male,60,Nagpur,2023-10-16,Maharashtra,New
12050,Customer 12050,Female,56,Coimbatore,2023-10-26,Tamil Nadu,Loyal
12051,Customer 12051,Male,47,Noida,2024-02-04,Uttar Pradesh,Regular
12052,Customer 12052,Female,52,Noida,2024-12-26,Uttar Pradesh,New
12053,Customer 12053,Male,37,Kolkata,2022-06-25,West Bengal,Loyal
12054,Customer 12054,Male,33,Mysuru,2023-05-25,Karnataka,Regular
12055,Customer 12055,Male,51,Kochi,2025-01-19,Kerala,New
12056,Customer 12056,Female,31,Coimbatore,2023-12-06,Tamil Nadu,New
12057,Customer 12057,Male,43,Pune,2025-04-04,Maharashtra,Loyal
12058,Customer 12058,Female,37,Bengaluru,2023-08-25,Karnataka,New
12059,Customer 12059,Female,59,Pune,2024-04-17,Maharashtra,Loyal
12060,Customer 12060,Male,41,Kochi,2024-09-28,Kerala,Regular
12061,Customer 12061,Female,60,Jaipur,2022-02-20,Rajasthan,New
12062,Customer 12062,Male,35,Jaipur,2023-11-17,Rajasthan,Loyal
12063,Customer 12063,Male,60,Ahmedabad,2022-09-23,Gujarat,Regular
12064,Customer 12064,Female,26,Coimbatore,2025-01-15,Tamil Nadu,Regular
12065,Customer 12065,Female,36,Pune,2023-08-29,Maharashtra,Regular
12066,Customer 12066,Female,37,Jaipur,2024-12-11,Rajasthan,New
12067,Customer 12067,Male,59,Kochi,2025-04-17,Kerala,Loyal
12068,Customer 12068,Male,47,Kolkata,2025-06-16,West Bengal,Regular
12069,Customer 12069,Male,43,Mumbai,2023-08-08,Maharashtra,Loyal
12070,Customer 12070,Female,48,Delhi,2022-12-05,Delhi,Regular
12071,Customer 12071,Female,52,Mumbai,2024-12-31,Maharashtra,Loyal
12072,Customer 12072,Female,20,Hyderabad,2023-01-09,Telangana,Loyal
12073,Customer 12073,Male,57,Pune,2023-08-03,Maharashtra,Regular
12074,Customer 12074,Male,46,Ahmedabad,2023-06-01,Gujarat,Regular
12075,Customer 12075,Male,23,Hyderabad,2025-06-15,Telangana,Regular
12076,Customer 12076,Male,18,Jaipur,2022-05-01,Rajasthan,New
12077,Customer 12077,Male,41,Nagpur,2024-04-16,Maharashtra,Loyal
12078,Customer 12078,Female,55,Chennai,2023-07-24,Tamil Nadu,Loyal
12079,Customer 12079,Female,51,Nagpur,2022-02-12,Maharashtra,Regular
12080,Customer 12080,Female,24,Kochi,2025-05-05,Kerala,Loyal
12081,Customer 12081,Male,28,Coimbatore,2022-03-13,Tamil Nadu,Regular
12082,Customer 12082,Male,28,Noida,2022-04-01,Uttar Pradesh,Regular
12083,Customer 12083,Female,53,Delhi,2023-05-06,Delhi,New
12084,Customer 12084,Male,37,Pune,2024-01-19,Maharashtra,Regular
12085,Customer 12085,Female,33,Ahmedabad,2024-09-24,Gujarat,Regular
12086,Customer 12086,Male,22,Ahmedabad,2023-01-18,Gujarat,New
12087,Customer 12087,Male,41,Kochi,2024-03-15,Kerala,Regular
12088,Customer 12088,Female,47,Mysuru,2025-03-23,Karnataka,VIP
12089,Customer 12089,Male,47,Jaipur,2022-06-19,Rajasthan,Loyal
12090,Customer 12090,Female,56,Chennai,2024-07-06,Tamil Nadu,Regular
12091,Customer 12091,Female,64,Bengaluru,2025-02-07,Karnataka,Regular
12092,Customer 12092,Male,54,Bengaluru,2022-05-31,Karnataka,New
12093,Customer 12093,Male,50,Bengaluru,2023-03-07,Karnataka,VIP
12094,Customer 12094,Female,37,Pune,2023-03-27,Maharashtra,Loyal
12095,Customer 12095,Female,39,Bengaluru,2023-10-05,Karnataka,Loyal
12096,Customer 12096,Male,58,Kolkata,2024-02-19,West Bengal,New
12097,Customer 12097,Female,38,Mumbai,2022-01-23,Maharashtra,Regular
12098,Customer 12098,Male,54,Ahmedabad,2023-01-02,Gujarat,New
12099,Customer 12099,Male,44,Chennai,2023-10-13,Tamil Nadu,Regular
12100,Customer 12100,Male,55,Mumbai,2024-03-30,Maharashtra,Regular
12101,Customer 12101,Male,52,Noida,2022-08-27,Uttar Pradesh,Loyal
12102,Customer 12102,Male,55,Chennai,2023-03-10,Tamil Nadu,Regular
12103,Customer 12103,Other,57,Mumbai,2023-12-05,Maharashtra,New
12104,Customer 12104,Male,23,Chennai,2025-02-24,Tamil Nadu,Loyal
12105,Customer 12105,Male,49,Noida,2024-07-30,Uttar Pradesh,New
12106,Customer 12106,Male,33,Hyderabad,2023-06-25,Telangana,Loyal
12107,Customer 12107,Female,45,Kolkata,2023-09-25,West Bengal,Regular
12108,Customer 12108,Female,33,Pune,2022-07-17,Maharashtra,Regular
12109,Customer 12109,Male,44,Pune,2023-04-27,Maharashtra,New
12110,Customer 12110,Male,20,Kochi,2025-04-17,Kerala,VIP
12111,Customer 12111,Male,38,Jaipur,2024-05-18,Rajasthan,Regular
12112,Customer 12112,Male,55,Ahmedabad,2023-06-07,Gujarat,Regular
12113,Customer 12113,Male,55,Bengaluru,2023-10-13,Karnataka,New
12114,Customer 12114,Male,47,Kolkata,2024-08-16,West Bengal,Loyal
12115,Customer 12115,Male,39,Nagpur,2023-03-13,Maharashtra,Regular
12116,Customer 12116,Female,36,Bengaluru,2024-05-06,Karnataka,VIP
12117,Customer 12117,Male,48,Jaipur,2022-11-10,Rajasthan,VIP
12118,Customer 12118,Female,37,Ahmedabad,2022-01-19,Gujarat,Loyal
12119,Customer 12119,Female,64,Coimbatore,2025-03-29,Tamil Nadu,VIP
12120,Customer 12120,Female,36,Jaipur,2024-03-28,Rajasthan,New
12121,Customer 12121,Male,19,Kolkata,2022-05-02,West Bengal,Regular
12122,Customer 12122,Male,57,Mumbai,2022-03-13,Maharashtra,Regular
12123,Customer 12123,Male,56,Chennai,2024-12-14,Tamil Nadu,New
12124,Customer 12124,Female,44,Nagpur,2023-04-05,Maharashtra,VIP
12125,Customer 12125,Male,25,Kolkata,2022-06-18,West Bengal,New
12126,Customer 12126,Female,62,Noida,2023-08-05,Uttar Pradesh,Loyal
12127,Customer 12127,Female,44,Coimbatore,2025-03-18,Tamil Nadu,Loyal
12128,Customer 12128,Male,32,Noida,2023-09-21,Uttar Pradesh,Regular
12129,Customer 12129,Female,29,Pune,2022-01-26,Maharashtra,New
12130,Customer 12130,Male,64,Kochi,2025-06-25,Kerala,New
12131,Customer 12131,Male,31,Pune,2023-12-22,Maharashtra,Regular
12132,Customer 12132,Male,24,Jaipur,2025-06-04,Rajasthan,Regular
12133,Customer 12133,Male,34,Bengaluru,2024-10-30,Karnataka,Regular
12134,Customer 12134,Female,43,Mumbai,2025-01-23,Maharashtra,Regular
12135,Customer 12135,Male,54,Nagpur,2022-05-01,Maharashtra,Loyal
12136,Customer 12136,Male,37,Jaipur,2022-05-06,Rajasthan,Regular
12137,Customer 12137,Female,27,Delhi,2023-07-03,Delhi,New
12138,Customer 12138,Female,36,Coimbatore,2024-12-28,Tamil Nadu,Loyal
12139,Customer 12139,Male,35,Coimbatore,2022-10-24,Tamil Nadu,Regular
12140,Customer 12140,Female,47,Jaipur,2023-11-17,Rajasthan,Regular
12141,Customer 12141,Female,47,Jaipur,2024-08-30,Rajasthan,Loyal
12142,Customer 12142,Male,42,Kolkata,2024-12-04,West Bengal,VIP
12143,Customer 12143,Male,41,Bengaluru,2023-09-27,Karnataka,Loyal
12144,Customer 12144,Male,27,Pune,2023-01-17,Maharashtra,New
12145,Customer 12145,Female,19,Kochi,2024-11-16,Kerala,Regular
12146,Customer 12146,Female,55,Bengaluru,2023-12-06,Karnataka,New
12147,Customer 12147,Female,49,Chennai,2023-05-12,Tamil Nadu,VIP
12148,Customer 12148,Female,52,Kolkata,2024-05-01,West Bengal,Regular
12149,Customer 12149,Male,54,Kolkata,2025-03-05,West Bengal,New
12150,Customer 12150,Male,24,Nagpur,2023-12-08,Maharashtra,Loyal
12151,Customer 12151,Male,24,Mumbai,2024-12-08,Maharashtra,VIP
12152,Customer 12152,Female,44,Kochi,2022-05-01,Kerala,Loyal
12153,Customer 12153,Female,27,Ahmedabad,2025-05-25,Gujarat,New
12154,Customer 12154,Male,50,Hyderabad,2023-09-18,Telangana,Regular
12155,Customer 12155,Female,60,Ahmedabad,2023-06-10,Gujarat,Loyal
12156,Customer 12156,Male,24,Jaipur,2024-12-02,Rajasthan,Regular
12157,Customer 12157,Male,23,Mysuru,2024-01-22,Karnataka,New
12158,Customer 12158,Male,23,Mysuru,2022-04-06,Karnataka,New
12159,Customer 12159,Male,30,Kolkata,2022-01-27,West Bengal,Loyal
12160,Customer 12160,Male,30,Bengaluru,2024-04-15,Karnataka,Regular
12161,Customer 12161,Male,19,Chennai,2025-06-19,Tamil Nadu,Loyal
12162,Customer 12162,Male,36,Nagpur,2023-05-02,Maharashtra,Regular
12163,Customer 12163,Male,36,Delhi,2022-08-28,Delhi,Regular
12164,Customer 12164,Female,55,Mysuru,2022-03-08,Karnataka,VIP
12165,Customer 12165,Male,19,Nagpur,2025-04-30,Maharashtra,Regular
12166,Customer 12166,Female,43,Kolkata,2025-02-16,West Bengal,Loyal
12167,Customer 12167,Male,23,Mumbai,2025-03-21,Maharashtra,New
12168,Customer 12168,Male,37,Noida,2022-08-19,Uttar Pradesh,New
12169,Customer 12169,Male,40,Ahmedabad,2022-12-17,Gujarat,Loyal
12170,Customer 12170,Male,32,Chennai,2024-01-31,Tamil Nadu,Loyal
12171,Customer 12171,Female,23,Pune,2025-04-09,Maharashtra,Loyal
12172,Customer 12172,Male,45,Jaipur,2024-05-12,Rajasthan,New
12173,Customer 12173,Female,52,Nagpur,2025-03-01,Maharashtra,Regular
12174,Customer 12174,Female,28,Mumbai,2022-12-23,Maharashtra,Loyal
12175,Customer 12175,Female,25,Delhi,2024-12-01,Delhi,Regular
12176,Customer 12176,Female,41,Hyderabad,2024-10-26,Telangana,Loyal
12177,Customer 12177,Female,38,Ahmedabad,2022-11-25,Gujarat,Regular
12178,Customer 12178,Male,53,Pune,2025-04-08,Maharashtra,VIP
12179,Customer 12179,Female,24,Ahmedabad,2024-06-29,Gujarat,Loyal
12180,Customer 12180,Male,22,Kolkata,2022-12-04,West Bengal,New
12181,Customer 12181,Male,46,Hyderabad,2024-12-28,Telangana,Loyal
12182,Customer 12182,Male,33,Ahmedabad,2024-05-31,Gujarat,New
12183,Customer 12183,Female,23,Kochi,2023-06-23,Kerala,Regular
12184,Customer 12184,Female,31,Delhi,2024-01-07,Delhi,Regular
12185,Customer 12185,Male,19,Mumbai,2023-03-19,Maharashtra,Regular
12186,Customer 12186,Female,42,Jaipur,2024-07-12,Rajasthan,Regular
12187,Customer 12187,Male,48,Mysuru,2024-07-08,Karnataka,Regular
12188,Customer 12188,Male,30,Hyderabad,2022-02-20,Telangana,New
12189,Customer 12189,Male,35,Kolkata,2022-05-29,West Bengal,New
12190,Customer 12190,Male,34,Kochi,2025-01-20,Kerala,Regular
12191,Customer 12191,Male,62,Pune,2023-01-03,Maharashtra,Regular
12192,Customer 12192,Female,45,Bengaluru,2023-08-03,Karnataka,Loyal
12193,Customer 12193,Female,29,Coimbatore,2023-10-18,Tamil Nadu,Regular
12194,Customer 12194,Male,52,Nagpur,2022-03-17,Maharashtra,Loyal
12195,Customer 12195,Female,39,Jaipur,2025-01-14,Rajasthan,Regular
12196,Customer 12196,Female,56,Ahmedabad,2022-08-15,Gujarat,New
12197,Customer 12197,Female,18,Mysuru,2024-08-16,Karnataka,Regular
12198,Customer 12198,Female,54,Hyderabad,2023-08-15,Telangana,Loyal
12199,Customer 12199,Male,38,Ahmedabad,2022-01-24,Gujarat,Regular
12200,Customer 12200,Female,18,Noida,2022-01-28,Uttar Pradesh,Loyal
12201,Customer 12201,Female,21,Nagpur,2022-05-01,Maharashtra,Regular
12202,Customer 12202,Male,49,Bengaluru,2024-05-02,Karnataka,New
12203,Customer 12203,Male,18,Kochi,2023-09-16,Kerala,Loyal
12204,Customer 12204,Female,30,Delhi,2024-06-08,Delhi,Regular
12205,Customer 12205,Male,63,Kochi,2022-01-31,Kerala,Regular
12206,Customer 12206,Other,64,Kochi,2025-06-04,Kerala,Regular
12207,Customer 12207,Male,34,Coimbatore,2024-05-19,Tamil Nadu,Regular
12208,Customer 12208,Female,29,Mumbai,2025-06-27,Maharashtra,Regular
12209,Customer 12209,Male,24,Kochi,2022-02-19,Kerala,New
12210,Customer 12210,Female,20,Ahmedabad,2023-12-27,Gujarat,VIP
12211,Customer 12211,Female,43,Bengaluru,2023-01-24,Karnataka,Loyal
12212,Customer 12212,Male,48,Bengaluru,2024-08-01,Karnataka,Regular
12213,Customer 12213,Female,53,Delhi,2024-10-11,Delhi,New
12214,Customer 12214,Male,43,Chennai,2023-04-20,Tamil Nadu,New
12215,Customer 12215,Male,20,Delhi,2024-01-26,Delhi,Loyal
12216,Customer 12216,Male,61,Ahmedabad,2023-08-26,Gujarat,Regular
12217,Customer 12217,Female,45,Chennai,2024-07-14,Tamil Nadu,Regular
12218,Customer 12218,Male,61,Chennai,2024-10-26,Tamil Nadu,Regular
12219,Customer 12219,Male,34,Mysuru,2024-03-03,Karnataka,Regular
12220,Customer 12220,Male,55,Mysuru,2023-02-16,Karnataka,Loyal
12221,Customer 12221,Female,64,Pune,2023-10-24,Maharashtra,Regular
12222,Customer 12222,Female,47,Hyderabad,2022-07-10,Telangana,Loyal
12223,Customer 12223,Male,19,Hyderabad,2024-02-25,Telangana,Regular
12224,Customer 12224,Male,25,Kolkata,2023-08-08,West Bengal,Regular
12225,Customer 12225,Female,31,Jaipur,2024-08-16,Rajasthan,New
12226,Customer 12226,Male,54,Mumbai,2023-05-15,Maharashtra,Regular
12227,Customer 12227,Female,52,Hyderabad,2023-08-03,Telangana,Regular
12228,Customer 12228,Female,59,Mysuru,2024-03-26,Karnataka,Regular
12229,Customer 12229,Female,56,Pune,2024-12-22,Maharashtra,Regular
12230,Customer 12230,Male,28,Kochi,2024-02-19,Kerala,Loyal
12231,Customer 12231,Female,32,Pune,2024-07-31,Maharashtra,New
12232,Customer 12232,Female,19,Kochi,2025-02-23,Kerala,Regular
12233,Customer 12233,Female,54,Chennai,2022-09-22,Tamil Nadu,VIP
12234,Customer 12234,Male,60,Kolkata,2022-01-07,West Bengal,Regular
12235,Customer 12235,Male,49,Jaipur,2025-05-14,Rajasthan,Loyal
12236,Customer 12236,Male,57,Delhi,2025-04-17,Delhi,Loyal
12237,Customer 12237,Female,30,Mumbai,2023-11-26,Maharashtra,Regular
12238,Customer 12238,Female,60,Ahmedabad,2024-09-18,Gujarat,Regular
12239,Customer 12239,Male,34,Chennai,2024-07-06,Tamil Nadu,Loyal
12240,Customer 12240,Male,32,Delhi,2025-06-05,Delhi,Loyal
12241,Customer 12241,Male,50,Hyderabad,2024-01-18,Telangana,New
12242,Customer 12242,Female,33,Kolkata,2022-05-26,West Bengal,Regular
12243,Customer 12243,Female,30,Chennai,2022-08-29,Tamil Nadu,Regular
12244,Customer 12244,Male,39,Nagpur,2024-05-06,Maharashtra,Loyal
12245,Customer 12245,Male,40,Hyderabad,2022-10-14,Telangana,Regular
12246,Customer 12246,Male,53,Delhi,2024-08-09,Delhi,Loyal
12247,Customer 12247,Female,60,Mumbai,2022-01-26,Maharashtra,VIP
12248,Customer 12248,Female,27,Ahmedabad,2023-03-28,Gujarat,Loyal
12249,Customer 12249,Female,34,Delhi,2022-04-16,Delhi,Loyal
12250,Customer 12250,Male,47,Kochi,2022-08-28,Kerala,Regular
12251,Customer 12251,Female,30,Chennai,2022-11-28,Tamil Nadu,New
12252,Customer 12252,Male,47,Chennai,2024-06-30,Tamil Nadu,Regular
12253,Customer 12253,Female,63,Ahmedabad,2024-12-01,Gujarat,Regular
12254,Customer 12254,Male,47,Bengaluru,2023-10-07,Karnataka,Regular
12255,Customer 12255,Female,24,Mumbai,2022-02-04,Maharashtra,Loyal
12256,Customer 12256,Female,27,Noida,2024-05-25,Uttar Pradesh,Regular
12257,Customer 12257,Female,52,Hyderabad,2023-01-19,Telangana,Loyal
12258,Customer 12258,Female,19,Pune,2024-03-21,Maharashtra,Regular
12259,Customer 12259,Male,47,Ahmedabad,2024-01-18,Gujarat,New
12260,Customer 12260,Male,36,Mumbai,2024-08-16,Maharashtra,Regular
12261,Customer 12261,Female,56,Pune,2024-11-22,Maharashtra,VIP
12262,Customer 12262,Male,54,Mumbai,2022-04-05,Maharashtra,Loyal
12263,Customer 12263,Male,20,Mumbai,2024-10-16,Maharashtra,Regular
12264,Customer 12264,Male,42,Delhi,2022-07-24,Delhi,Regular
12265,Customer 12265,Female,51,Jaipur,2024-04-13,Rajasthan,Loyal
12266,Customer 12266,Male,39,Kochi,2022-01-30,Kerala,New
12267,Customer 12267,Male,55,Mumbai,2022-09-23,Maharashtra,Regular
12268,Customer 12268,Male,31,Jaipur,2022-01-23,Rajasthan,Regular
12269,Customer 12269,Male,56,Bengaluru,2023-09-01,Karnataka,Regular
12270,Customer 12270,Female,19,Noida,2022-02-08,Uttar Pradesh,Regular
12271,Customer 12271,Other,49,Chennai,2022-06-22,Tamil Nadu,New
12272,Customer 12272,Female,60,Coimbatore,2024-01-30,Tamil Nadu,Regular
12273,Customer 12273,Male,20,Pune,2023-02-18,Maharashtra,New
12274,Customer 12274,Female,58,Chennai,2023-11-23,Tamil Nadu,Regular
12275,Customer 12275,Female,25,Coimbatore,2023-09-07,Tamil Nadu,Regular
12276,Customer 12276,Male,43,Noida,2022-07-28,Uttar Pradesh,Regular
12277,Customer 12277,Female,49,Kochi,2022-01-22,Kerala,New
12278,Customer 12278,Female,28,Noida,2022-01-05,Uttar Pradesh,Regular
12279,Customer 12279,Female,18,Pune,2023-10-13,Maharashtra,Regular
12280,Customer 12280,Female,32,Pune,2022-08-02,Maharashtra,Regular
12281,Customer 12281,Male,21,Noida,2024-07-08,Uttar Pradesh,Regular
12282,Customer 12282,Male,21,Coimbatore,2024-06-25,Tamil Nadu,Regular
12283,Customer 12283,Female,45,Ahmedabad,2025-03-08,Gujarat,New
12284,Customer 12284,Male,27,Mumbai,2023-11-03,Maharashtra,New
12285,Customer 12285,Male,28,Hyderabad,2023-10-29,Telangana,Regular
12286,Customer 12286,Female,40,Kolkata,2024-03-10,West Bengal,Loyal
12287,Customer 12287,Female,64,Jaipur,2022-11-13,Rajasthan,Regular
12288,Customer 12288,Male,20,Nagpur,2024-03-03,Maharashtra,Loyal
12289,Customer 12289,Female,56,Kolkata,2023-07-30,West Bengal,Loyal
12290,Customer 12290,Female,56,Chennai,2025-03-25,Tamil Nadu,Loyal
12291,Customer 12291,Female,34,Delhi,2022-04-01,Delhi,Regular
12292,Customer 12292,Male,39,Chennai,2024-12-01,Tamil Nadu,Regular
12293,Customer 12293,Male,44,Delhi,2024-01-31,Delhi,Loyal
12294,Customer 12294,Male,33,Coimbatore,2024-02-09,Tamil Nadu,Regular
12295,Customer 12295,Male,33,Delhi,2022-01-01,Delhi,Regular
12296,Customer 12296,Male,57,Pune,2022-04-19,Maharashtra,New
12297,Customer 12297,Male,20,Ahmedabad,2024-07-16,Gujarat,Loyal
12298,Customer 12298,Male,64,Hyderabad,2025-02-22,Telangana,Regular
12299,Customer 12299,Female,50,Hyderabad,2024-12-23,Telangana,Regular
12300,Customer 12300,Male,59,Pune,2022-07-25,Maharashtra,Loyal
12301,Customer 12301,Female,19,Ahmedabad,2024-04-29,Gujarat,Regular
12302,Customer 12302,Female,56,Kochi,2025-06-21,Kerala,VIP
12303,Customer 12303,Male,63,Bengaluru,2023-08-13,Karnataka,Regular
12304,Customer 12304,Female,44,Kochi,2023-09-15,Kerala,Loyal
12305,Customer 12305,Female,32,Kolkata,2025-05-24,West Bengal,Regular
12306,Customer 12306,Male,24,Coimbatore,2024-08-22,Tamil Nadu,Loyal
12307,Customer 12307,Female,62,Kolkata,2024-08-22,West Bengal,Loyal
12308,Customer 12308,Male,59,Bengaluru,2023-10-15,Karnataka,Loyal
12309,Customer 12309,Female,26,Bengaluru,2022-03-20,Karnataka,Loyal
12310,Customer 12310,Male,58,Chennai,2023-02-19,Tamil Nadu,New
12311,Customer 12311,Female,23,Noida,2025-03-18,Uttar Pradesh,Loyal
12312,Customer 12312,Male,29,Chennai,2023-10-01,Tamil Nadu,Regular
12313,Customer 12313,Female,47,Noida,2024-03-01,Uttar Pradesh,Loyal
12314,Customer 12314,Male,37,Nagpur,2024-11-27,Maharashtra,Loyal
12315,Customer 12315,Female,37,Delhi,2025-03-26,Delhi,Regular
12316,Customer 12316,Female,63,Ahmedabad,2022-11-29,Gujarat,Regular
12317,Customer 12317,Male,44,Noida,2022-10-15,Uttar Pradesh,New
12318,Customer 12318,Female,37,Kochi,2025-02-09,Kerala,Loyal
12319,Customer 12319,Male,24,Kolkata,2025-01-19,West Bengal,Regular
12320,Customer 12320,Female,57,Pune,2024-12-08,Maharashtra,New
12321,Customer 12321,Female,57,Chennai,2022-06-10,Tamil Nadu,VIP
12322,Customer 12322,Female,47,Ahmedabad,2022-11-16,Gujarat,Loyal
12323,Customer 12323,Female,25,Coimbatore,2024-07-12,Tamil Nadu,Loyal
12324,Customer 12324,Male,19,Ahmedabad,2022-12-30,Gujarat,Loyal
12325,Customer 12325,Male,31,Jaipur,2023-04-20,Rajasthan,Loyal
12326,Customer 12326,Male,27,Delhi,2024-10-19,Delhi,Loyal
12327,Customer 12327,Female,35,Jaipur,2024-02-05,Rajasthan,New
12328,Customer 12328,Male,35,Nagpur,2023-08-25,Maharashtra,Loyal
12329,Customer 12329,Female,33,Noida,2022-11-08,Uttar Pradesh,Loyal
12330,Customer 12330,Female,22,Nagpur,2023-08-12,Maharashtra,Loyal
12331,Customer 12331,Male,48,Coimbatore,2025-05-28,Tamil Nadu,Loyal
12332,Customer 12332,Female,54,Kochi,2022-12-09,Kerala,Regular
12333,Customer 12333,Male,37,Bengaluru,2024-06-24,Karnataka,Regular
12334,Customer 12334,Male,40,Jaipur,2025-01-22,Rajasthan,VIP
12335,Customer 12335,Female,49,Hyderabad,2025-03-02,Telangana,Regular
12336,Customer 12336,Male,59,Jaipur,2022-06-21,Rajasthan,Regular
12337,Customer 12337,Male,34,Coimbatore,2023-09-18,Tamil Nadu,Regular
12338,Customer 12338,Female,30,Mysuru,2024-10-29,Karnataka,Regular
12339,Customer 12339,Male,30,Coimbatore,2023-11-13,Tamil Nadu,Loyal
12340,Customer 12340,Female,34,Nagpur,2025-01-26,Maharashtra,Regular
12341,Customer 12341,Female,32,Ahmedabad,2025-04-07,Gujarat,Regular
12342,Customer 12342,Male,43,Pune,2022-11-07,Maharashtra,Regular
12343,Customer 12343,Male,61,Chennai,2024-07-02,Tamil Nadu,Regular
12344,Customer 12344,Female,45,Pune,2023-03-06,Maharashtra,Loyal
12345,Customer 12345,Male,59,Nagpur,2024-05-07,Maharashtra,New
12346,Customer 12346,Male,62,Chennai,2022-10-12,Tamil Nadu,New
12347,Customer 12347,Female,47,Mysuru,2023-05-10,Karnataka,New
12348,Customer 12348,Male,60,Hyderabad,2022-12-21,Telangana,Loyal
12349,Customer 12349,Female,52,Delhi,2022-08-02,Delhi,Loyal
12350,Customer 12350,Male,39,Kolkata,2024-03-27,West Bengal,VIP
12351,Customer 12351,Male,27,Nagpur,2022-07-19,Maharashtra,Regular
12352,Customer 12352,Male,28,Ahmedabad,2025-06-13,Gujarat,Regular
12353,Customer 12353,Female,55,Noida,2024-05-02,Uttar Pradesh,Loyal
12354,Customer 12354,Female,50,Nagpur,2022-05-16,Maharashtra,New
12355,Customer 12355,Female,23,Nagpur,2024-08-05,Maharashtra,Regular
12356,Customer 12356,Male,54,Jaipur,2023-09-20,Rajasthan,Regular
12357,Customer 12357,Male,24,Jaipur,2024-07-05,Rajasthan,Regular
12358,Customer 12358,Male,61,Chennai,2022-12-08,Tamil Nadu,Regular
12359,Customer 12359,Male,29,Mumbai,2023-01-23,Maharashtra,New
12360,Customer 12360,Female,24,Coimbatore,2022-01-04,Tamil Nadu,New
12361,Customer 12361,Female,19,Ahmedabad,2023-11-08,Gujarat,Regular
12362,Customer 12362,Male,18,Mumbai,2023-02-03,Maharashtra,Loyal
12363,Customer 12363,Female,40,Kochi,2023-02-15,Kerala,New
12364,Customer 12364,Male,42,Mysuru,2022-08-01,Karnataka,Regular
12365,Customer 12365,Female,35,Noida,2023-07-14,Uttar Pradesh,New
12366,Customer 12366,Male,61,Jaipur,2023-07-12,Rajasthan,Regular
12367,Customer 12367,Male,24,Hyderabad,2023-07-12,Telangana,Regular
12368,Customer 12368,Male,20,Bengaluru,2024-12-07,Karnataka,Loyal
12369,Customer 12369,Male,46,Mysuru,2025-04-25,Karnataka,Loyal
12370,Customer 12370,Female,27,Bengaluru,2023-05-17,Karnataka,Regular
12371,Customer 12371,Male,60,Ahmedabad,2023-10-06,Gujarat,New
12372,Customer 12372,Male,22,Ahmedabad,2023-06-15,Gujarat,New
12373,Customer 12373,Female,51,Kochi,2024-08-10,Kerala,VIP
12374,Customer 12374,Female,25,Bengaluru,2024-02-26,Karnataka,Loyal
12375,Customer 12375,Female,31,Ahmedabad,2023-04-20,Gujarat,New
12376,Customer 12376,Male,57,Hyderabad,2022-02-11,Telangana,New
12377,Customer 12377,Female,23,Pune,2023-08-27,Maharashtra,Regular
12378,Customer 12378,Female,18,Mumbai,2022-02-17,Maharashtra,Regular
12379,Customer 12379,Male,50,Nagpur,2023-12-29,Maharashtra,Loyal
12380,Customer 12380,Male,57,Delhi,2022-08-09,Delhi,Regular
12381,Customer 12381,Male,28,Bengaluru,2024-07-28,Karnataka,Regular
12382,Customer 12382,Male,41,Noida,2022-12-09,Uttar Pradesh,Regular
12383,Customer 12383,Male,27,Mysuru,2025-06-15,Karnataka,Regular
12384,Customer 12384,Male,61,Pune,2022-06-04,Maharashtra,Regular
12385,Customer 12385,Female,40,Bengaluru,2024-07-26,Karnataka,Loyal
12386,Customer 12386,Female,33,Pune,2024-04-20,Maharashtra,Regular
12387,Customer 12387,Female,54,Pune,2024-12-15,Maharashtra,Regular
12388,Customer 12388,Female,33,Bengaluru,2023-01-22,Karnataka,Loyal
12389,Customer 12389,Male,61,Chennai,2024-06-12,Tamil Nadu,New
12390,Customer 12390,Female,48,Coimbatore,2022-02-07,Tamil Nadu,Regular
12391,Customer 12391,Female,23,Noida,2024-04-30,Uttar Pradesh,Regular
12392,Customer 12392,Male,47,Nagpur,2023-12-30,Maharashtra,Loyal
12393,Customer 12393,Female,54,Nagpur,2022-08-19,Maharashtra,New
12394,Customer 12394,Female,18,Noida,2023-03-28,Uttar Pradesh,Loyal
12395,Customer 12395,Female,59,Chennai,2022-09-14,Tamil Nadu,New
12396,Customer 12396,Female,42,Jaipur,2023-03-10,Rajasthan,New
12397,Customer 12397,Male,63,Ahmedabad,2022-07-28,Gujarat,Loyal
12398,Customer 12398,Male,38,Nagpur,2025-05-09,Maharashtra,Regular
12399,Customer 12399,Male,52,Jaipur,2022-05-17,Rajasthan,Loyal
12400,Customer 12400,Female,55,Pune,2023-07-19,Maharashtra,Regular
12401,Customer 12401,Female,22,Hyderabad,2024-05-05,Telangana,Regular
12402,Customer 12402,Other,29,Mysuru,2023-12-22,Karnataka,Loyal
12403,Customer 12403,Male,22,Mumbai,2024-04-24,Maharashtra,Regular
12404,Customer 12404,Male,26,Nagpur,2022-02-05,Maharashtra,New
12405,Customer 12405,Female,61,Noida,2025-05-23,Uttar Pradesh,Regular
12406,Customer 12406,Female,26,Hyderabad,2022-01-27,Telangana,Regular
12407,Customer 12407,Male,52,Bengaluru,2022-01-18,Karnataka,Regular
12408,Customer 12408,Female,18,Kochi,2023-09-22,Kerala,VIP
12409,Customer 12409,Female,64,Coimbatore,2025-03-06,Tamil Nadu,Loyal
12410,Customer 12410,Female,27,Noida,2023-08-02,Uttar Pradesh,VIP
12411,Customer 12411,Female,63,Ahmedabad,2024-06-21,Gujarat,VIP
12412,Customer 12412,Male,56,Kochi,2024-09-01,Kerala,Regular
12413,Customer 12413,Female,53,Kochi,2024-11-19,Kerala,Regular
12414,Customer 12414,Female,54,Pune,2025-01-01,Maharashtra,Regular
12415,Customer 12415,Male,52,Coimbatore,2022-05-03,Tamil Nadu,Loyal
12416,Customer 12416,Male,34,Mysuru,2024-08-14,Karnataka,Regular
12417,Customer 12417,Female,30,Mysuru,2024-09-27,Karnataka,Regular
12418,Customer 12418,Male,23,Chennai,2024-09-13,Tamil Nadu,New
12419,Customer 12419,Male,54,Jaipur,2025-06-05,Rajasthan,Regular
12420,Customer 12420,Female,49,Delhi,2022-12-04,Delhi,Regular
12421,Customer 12421,Male,28,Kochi,2024-09-17,Kerala,Regular
12422,Customer 12422,Female,34,Chennai,2022-09-30,Tamil Nadu,Loyal
12423,Customer 12423,Male,22,Ahmedabad,2024-06-20,Gujarat,New
12424,Customer 12424,Female,23,Jaipur,2022-02-08,Rajasthan,VIP
12425,Customer 12425,Male,27,Kochi,2023-11-13,Kerala,New
12426,Customer 12426,Male,50,Hyderabad,2023-03-02,Telangana,VIP
12427,Customer 12427,Male,47,Coimbatore,2022-11-11,Tamil Nadu,Regular
12428,Customer 12428,Female,38,Delhi,2023-09-06,Delhi,Loyal
12429,Customer 12429,Female,59,Bengaluru,2024-01-25,Karnataka,New
12430,Customer 12430,Male,34,Pune,2022-06-06,Maharashtra,Loyal
12431,Customer 12431,Female,44,Coimbatore,2024-05-21,Tamil Nadu,Loyal
12432,Customer 12432,Female,20,Chennai,2024-02-16,Tamil Nadu,New
12433,Customer 12433,Female,46,Mumbai,2022-09-14,Maharashtra,New
12434,Customer 12434,Male,19,Kolkata,2024-05-04,West Bengal,Regular
12435,Customer 12435,Female,46,Delhi,2023-09-27,Delhi,New
12436,Customer 12436,Male,53,Delhi,2023-04-01,Delhi,New
12437,Customer 12437,Male,51,Ahmedabad,2022-02-16,Gujarat,Loyal
12438,Customer 12438,Female,54,Pune,2022-01-10,Maharashtra,Regular
12439,Customer 12439,Female,59,Nagpur,2022-05-24,Maharashtra,Loyal
12440,Customer 12440,Male,18,Mysuru,2025-03-21,Karnataka,Loyal
12441,Customer 12441,Male,43,Mysuru,2023-05-02,Karnataka,Loyal
12442,Customer 12442,Female,18,Mumbai,2025-03-05,Maharashtra,New
12443,Customer 12443,Female,21,Hyderabad,2024-11-15,Telangana,Regular
12444,Customer 12444,Male,56,Ahmedabad,2024-10-27,Gujarat,Regular
12445,Customer 12445,Female,31,Hyderabad,2023-08-14,Telangana,Regular
12446,Customer 12446,Male,63,Bengaluru,2024-11-04,Karnataka,Regular
12447,Customer 12447,Male,35,Jaipur,2024-06-17,Rajasthan,Loyal
12448,Customer 12448,Female,51,Coimbatore,2022-07-26,Tamil Nadu,Loyal
12449,Customer 12449,Male,18,Kolkata,2024-06-28,West Bengal,New
12450,Customer 12450,Male,39,Noida,2025-05-24,Uttar Pradesh,Regular
12451,Customer 12451,Female,33,Nagpur,2022-09-16,Maharashtra,Regular
12452,Customer 12452,Female,39,Chennai,2023-03-30,Tamil Nadu,VIP
12453,Customer 12453,Male,33,Kochi,2024-03-09,Kerala,VIP
12454,Customer 12454,Female,45,Noida,2023-01-10,Uttar Pradesh,Regular
12455,Customer 12455,Female,45,Jaipur,2023-04-09,Rajasthan,Regular
12456,Customer 12456,Male,39,Noida,2022-03-16,Uttar Pradesh,Regular
12457,Customer 12457,Female,23,Ahmedabad,2022-08-30,Gujarat,Regular
12458,Customer 12458,Male,42,Kochi,2024-11-06,Kerala,Regular
12459,Customer 12459,Male,59,Delhi,2022-05-03,Delhi,Loyal
12460,Customer 12460,Female,19,Mumbai,2022-04-21,Maharashtra,Regular
12461,Customer 12461,Female,24,Mysuru,2022-08-22,Karnataka,Loyal
12462,Customer 12462,Male,34,Bengaluru,2024-08-25,Karnataka,Regular
12463,Customer 12463,Male,52,Hyderabad,2023-05-12,Telangana,Loyal
12464,Customer 12464,Male,37,Kolkata,2024-11-29,West Bengal,Loyal
12465,Customer 12465,Male,61,Ahmedabad,2025-02-19,Gujarat,Regular
12466,Customer 12466,Male,19,Mumbai,2023-12-28,Maharashtra,Loyal
12467,Customer 12467,Male,24,Delhi,2022-04-02,Delhi,Regular
12468,Customer 12468,Female,49,Chennai,2025-02-20,Tamil Nadu,New
12469,Customer 12469,Male,36,Bengaluru,2022-12-03,Karnataka,New
12470,Customer 12470,Male,29,Ahmedabad,2023-05-28,Gujarat,Regular
12471,Customer 12471,Female,26,Delhi,2023-08-26,Delhi,New
12472,Customer 12472,Female,44,Kolkata,2023-03-04,West Bengal,Loyal
12473,Customer 12473,Male,31,Mysuru,2022-01-07,Karnataka,Regular
12474,Customer 12474,Male,19,Mysuru,2022-04-30,Karnataka,New
12475,Customer 12475,Female,38,Ahmedabad,2023-01-22,Gujarat,Loyal
12476,Customer 12476,Male,21,Mysuru,2023-10-03,Karnataka,Loyal
12477,Customer 12477,Male,38,Mumbai,2025-01-26,Maharashtra,Regular
12478,Customer 12478,Female,39,Mumbai,2024-12-02,Maharashtra,Regular
12479,Customer 12479,Male,19,Hyderabad,2022-07-02,Telangana,New
12480,Customer 12480,Male,34,Ahmedabad,2023-11-28,Gujarat,Regular
12481,Customer 12481,Male,36,Hyderabad,2023-07-19,Telangana,Loyal
12482,Customer 12482,Male,57,Ahmedabad,2025-06-12,Gujarat,New
12483,Customer 12483,Male,41,Chennai,2023-03-22,Tamil Nadu,Regular
12484,Customer 12484,Other,37,Ahmedabad,2022-07-19,Gujarat,VIP
12485,Customer 12485,Male,55,Kolkata,2024-08-05,West Bengal,Regular
12486,Customer 12486,Male,29,Jaipur,2023-05-28,Rajasthan,Regular
12487,Customer 12487,Male,42,Bengaluru,2024-09-16,Karnataka,Loyal
12488,Customer 12488,Female,40,Pune,2022-08-01,Maharashtra,Loyal
12489,Customer 12489,Female,51,Kochi,2023-06-30,Kerala,Regular
12490,Customer 12490,Male,49,Pune,2023-05-01,Maharashtra,Loyal
12491,Customer 12491,Female,41,Delhi,2022-06-17,Delhi,Regular
12492,Customer 12492,Male,59,Mysuru,2024-06-08,Karnataka,Loyal
12493,Customer 12493,Male,42,Bengaluru,2024-07-19,Karnataka,VIP
12494,Customer 12494,Male,20,Noida,2024-04-07,Uttar Pradesh,Regular
12495,Customer 12495,Male,42,Jaipur,2022-05-17,Rajasthan,Regular
12496,Customer 12496,Male,45,Mumbai,2025-06-10,Maharashtra,Regular
12497,Customer 12497,Female,29,Coimbatore,2022-04-25,Tamil Nadu,Loyal
12498,Customer 12498,Male,43,Nagpur,2025-06-29,Maharashtra,Loyal
12499,Customer 12499,Female,61,Chennai,2024-12-08,Tamil Nadu,New
12500,Customer 12500,Male,25,Mysuru,2023-05-31,Karnataka,Loyal
12501,Customer 12501,Male,22,Mysuru,2023-11-19,Karnataka,Loyal
12502,Customer 12502,Male,28,Kolkata,2024-10-16,West Bengal,Loyal
12503,Customer 12503,Female,59,Mysuru,2024-11-15,Karnataka,Loyal
12504,Customer 12504,Male,52,Mumbai,2024-12-29,Maharashtra,New
12505,Customer 12505,Female,44,Mumbai,2022-10-20,Maharashtra,Regular
12506,Customer 12506,Male,58,Nagpur,2025-06-11,Maharashtra,Loyal
12507,Customer 12507,Male,61,Kochi,2022-08-19,Kerala,VIP
12508,Customer 12508,Male,55,Ahmedabad,2024-07-26,Gujarat,Regular
12509,Customer 12509,Male,36,Noida,2025-02-18,Uttar Pradesh,Regular
12510,Customer 12510,Male,49,Bengaluru,2023-06-02,Karnataka,Loyal
12511,Customer 12511,Male,63,Mysuru,2024-11-13,Karnataka,Loyal
12512,Customer 12512,Female,45,Pune,2023-12-07,Maharashtra,Regular
12513,Customer 12513,Male,53,Hyderabad,2023-01-12,Telangana,New
12514,Customer 12514,Female,35,Kolkata,2023-03-13,West Bengal,Loyal
12515,Customer 12515,Male,27,Kolkata,2024-05-02,West Bengal,Loyal
12516,Customer 12516,Female,49,Kochi,2024-08-27,Kerala,Loyal
12517,Customer 12517,Female,35,Pune,2023-05-14,Maharashtra,Loyal
12518,Customer 12518,Male,29,Delhi,2025-04-12,Delhi,Regular
12519,Customer 12519,Male,25,Pune,2023-08-23,Maharashtra,VIP
12520,Customer 12520,Female,50,Jaipur,2024-02-17,Rajasthan,Loyal
12521,Customer 12521,Female,63,Delhi,2022-03-11,Delhi,Regular
12522,Customer 12522,Male,55,Coimbatore,2022-07-24,Tamil Nadu,VIP
12523,Customer 12523,Male,31,Hyderabad,2022-12-07,Telangana,Loyal
12524,Customer 12524,Female,19,Kolkata,2024-11-21,West Bengal,Loyal
12525,Customer 12525,Male,26,Pune,2024-12-02,Maharashtra,Regular
12526,Customer 12526,Female,61,Coimbatore,2022-04-28,Tamil Nadu,Regular
12527,Customer 12527,Male,22,Ahmedabad,2024-06-07,Gujarat,Regular
12528,Customer 12528,Male,51,Chennai,2022-01-15,Tamil Nadu,Regular
12529,Customer 12529,Female,36,Bengaluru,2024-06-29,Karnataka,Regular
12530,Customer 12530,Female,24,Coimbatore,2023-09-19,Tamil Nadu,Regular
12531,Customer 12531,Male,56,Kochi,2023-11-21,Kerala,Regular
12532,Customer 12532,Male,59,Jaipur,2024-02-13,Rajasthan,Loyal
12533,Customer 12533,Female,34,Bengaluru,2024-07-01,Karnataka,Regular
12534,Customer 12534,Female,43,Pune,2022-04-30,Maharashtra,Regular
12535,Customer 12535,Male,63,Noida,2022-01-26,Uttar Pradesh,Regular
12536,Customer 12536,Female,44,Ahmedabad,2022-03-05,Gujarat,New
12537,Customer 12537,Female,60,Coimbatore,2023-04-05,Tamil Nadu,Loyal
12538,Customer 12538,Female,45,Hyderabad,2022-11-10,Telangana,Regular
12539,Customer 12539,Female,37,Pune,2024-03-15,Maharashtra,Regular
12540,Customer 12540,Male,23,Mysuru,2025-05-24,Karnataka,Regular
12541,Customer 12541,Female,25,Mumbai,2024-09-12,Maharashtra,Regular
12542,Customer 12542,Female,49,Coimbatore,2024-01-06,Tamil Nadu,Regular
12543,Customer 12543,Male,36,Hyderabad,2024-06-07,Telangana,New
12544,Customer 12544,Male,49,Jaipur,2024-09-08,Rajasthan,Regular
12545,Customer 12545,Male,36,Chennai,2023-08-02,Tamil Nadu,Regular
12546,Customer 12546,Female,41,Mysuru,2025-02-23,Karnataka,Loyal
12547,Customer 12547,Male,41,Chennai,2024-08-29,Tamil Nadu,Regular
12548,Customer 12548,Female,34,Pune,2024-05-10,Maharashtra,Regular
12549,Customer 12549,Female,35,Mumbai,2023-12-08,Maharashtra,New
12550,Customer 12550,Female,29,Coimbatore,2025-01-15,Tamil Nadu,Loyal
12551,Customer 12551,Female,58,Coimbatore,2023-01-30,Tamil Nadu,Regular
12552,Customer 12552,Female,40,Noida,2023-04-29,Uttar Pradesh,New
12553,Customer 12553,Male,35,Kolkata,2023-10-28,West Bengal,Loyal
12554,Customer 12554,Female,33,Noida,2023-04-01,Uttar Pradesh,Regular
12555,Customer 12555,Male,33,Kochi,2022-07-29,Kerala,Regular
12556,Customer 12556,Female,53,Pune,2023-06-09,Maharashtra,Regular
12557,Customer 12557,Male,40,Pune,2023-11-07,Maharashtra,VIP
12558,Customer 12558,Other,39,Mumbai,2024-09-28,Maharashtra,Regular
12559,Customer 12559,Female,56,Noida,2024-06-14,Uttar Pradesh,Regular
12560,Customer 12560,Female,50,Hyderabad,2024-09-30,Telangana,VIP
12561,Customer 12561,Male,41,Hyderabad,2022-11-03,Telangana,Regular
12562,Customer 12562,Male,37,Mumbai,2025-01-04,Maharashtra,Regular
12563,Customer 12563,Female,50,Ahmedabad,2024-11-11,Gujarat,Regular
12564,Customer 12564,Male,48,Kolkata,2022-03-01,West Bengal,New
12565,Customer 12565,Female,57,Hyderabad,2023-01-21,Telangana,Regular
12566,Customer 12566,Male,25,Delhi,2022-02-25,Delhi,Loyal
12567,Customer 12567,Female,27,Kochi,2022-06-17,Kerala,Regular
12568,Customer 12568,Male,18,Bengaluru,2023-12-18,Karnataka,Regular
12569,Customer 12569,Female,38,Mumbai,2024-05-14,Maharashtra,Regular
12570,Customer 12570,Female,42,Mumbai,2025-04-29,Maharashtra,Regular
12571,Customer 12571,Male,49,Nagpur,2023-04-27,Maharashtra,Regular
12572,Customer 12572,Male,63,Kochi,2022-12-06,Kerala,Regular
12573,Customer 12573,Male,63,Mysuru,2024-03-06,Karnataka,Regular
12574,Customer 12574,Female,27,Mysuru,2024-06-10,Karnataka,Regular
12575,Customer 12575,Female,26,Delhi,2024-02-15,Delhi,Loyal
12576,Customer 12576,Female,37,Noida,2023-08-24,Uttar Pradesh,Regular
12577,Customer 12577,Female,37,Kochi,2023-03-13,Kerala,Regular
12578,Customer 12578,Male,57,Ahmedabad,2025-05-30,Gujarat,Regular
12579,Customer 12579,Male,24,Pune,2024-12-18,Maharashtra,Regular
12580,Customer 12580,Male,28,Pune,2022-06-01,Maharashtra,Regular
12581,Customer 12581,Male,38,Chennai,2024-07-22,Tamil Nadu,Loyal
12582,Customer 12582,Female,55,Delhi,2023-06-24,Delhi,Regular
12583,Customer 12583,Female,64,Mumbai,2022-08-13,Maharashtra,Regular
12584,Customer 12584,Male,36,Delhi,2023-07-17,Delhi,Loyal
12585,Customer 12585,Female,63,Delhi,2023-07-12,Delhi,New
12586,Customer 12586,Female,32,Jaipur,2023-09-10,Rajasthan,Loyal
12587,Customer 12587,Male,23,Delhi,2022-01-24,Delhi,Loyal
12588,Customer 12588,Male,27,Mysuru,2023-01-03,Karnataka,Loyal
12589,Customer 12589,Male,63,Jaipur,2024-09-25,Rajasthan,VIP
12590,Customer 12590,Female,33,Delhi,2022-12-01,Delhi,Loyal
12591,Customer 12591,Female,62,Kolkata,2022-01-03,West Bengal,Regular
12592,Customer 12592,Female,28,Bengaluru,2024-10-04,Karnataka,Regular
12593,Customer 12593,Male,52,Pune,2022-09-20,Maharashtra,Regular
12594,Customer 12594,Male,25,Jaipur,2022-05-01,Rajasthan,New
12595,Customer 12595,Female,45,Chennai,2022-01-21,Tamil Nadu,Loyal
12596,Customer 12596,Female,20,Kochi,2024-06-23,Kerala,New
12597,Customer 12597,Female,19,Bengaluru,2022-05-20,Karnataka,Loyal
12598,Customer 12598,Female,31,Chennai,2022-07-25,Tamil Nadu,Loyal
12599,Customer 12599,Male,46,Nagpur,2022-02-12,Maharashtra,Loyal
12600,Customer 12600,Female,64,Chennai,2024-04-29,Tamil Nadu,Regular
12601,Customer 12601,Female,20,Pune,2025-02-15,Maharashtra,Loyal
12602,Customer 12602,Male,18,Pune,2024-10-25,Maharashtra,Regular
12603,Customer 12603,Female,32,Jaipur,2022-07-26,Rajasthan,Loyal
12604,Customer 12604,Male,37,Delhi,2023-09-27,Delhi,Regular
12605,Customer 12605,Male,39,Coimbatore,2022-12-11,Tamil Nadu,Loyal
12606,Customer 12606,Male,51,Nagpur,2025-03-11,Maharashtra,New
12607,Customer 12607,Male,50,Jaipur,2023-01-07,Rajasthan,Regular
12608,Customer 12608,Male,26,Kolkata,2025-06-09,West Bengal,Regular
12609,Customer 12609,Male,20,Mumbai,2025-04-02,Maharashtra,Loyal
12610,Customer 12610,Female,19,Hyderabad,2023-07-01,Telangana,Loyal
12611,Customer 12611,Male,21,Kochi,2024-09-10,Kerala,Regular
12612,Customer 12612,Male,33,Chennai,2022-12-01,Tamil Nadu,New
12613,Customer 12613,Male,50,Coimbatore,2022-01-11,Tamil Nadu,Regular
12614,Customer 12614,Female,26,Delhi,2022-03-16,Delhi,Regular
12615,Customer 12615,Male,57,Mysuru,2024-08-04,Karnataka,Regular
12616,Customer 12616,Male,55,Mumbai,2024-07-01,Maharashtra,Regular
12617,Customer 12617,Female,35,Ahmedabad,2023-12-11,Gujarat,Loyal
12618,Customer 12618,Female,33,Noida,2024-05-02,Uttar Pradesh,Regular
12619,Customer 12619,Female,25,Coimbatore,2024-02-15,Tamil Nadu,VIP
12620,Customer 12620,Female,40,Mysuru,2024-06-04,Karnataka,Regular
12621,Customer 12621,Male,53,Nagpur,2024-01-06,Maharashtra,Regular
12622,Customer 12622,Female,20,Ahmedabad,2023-09-26,Gujarat,Regular
12623,Customer 12623,Male,32,Jaipur,2024-11-17,Rajasthan,Regular
12624,Customer 12624,Male,55,Delhi,2023-01-31,Delhi,Regular
12625,Customer 12625,Male,50,Mumbai,2023-11-14,Maharashtra,Regular
12626,Customer 12626,Female,35,Mumbai,2023-02-25,Maharashtra,New
12627,Customer 12627,Male,40,Mumbai,2022-12-30,Maharashtra,Regular
12628,Customer 12628,Female,60,Nagpur,2025-05-24,Maharashtra,Regular
12629,Customer 12629,Female,20,Ahmedabad,2025-01-29,Gujarat,New
12630,Customer 12630,Male,47,Chennai,2022-04-03,Tamil Nadu,Regular
12631,Customer 12631,Female,62,Noida,2022-09-23,Uttar Pradesh,Regular
12632,Customer 12632,Female,34,Kolkata,2022-07-25,West Bengal,New
12633,Customer 12633,Female,49,Nagpur,2025-01-08,Maharashtra,New
12634,Customer 12634,Male,63,Hyderabad,2022-02-06,Telangana,Regular
12635,Customer 12635,Female,24,Kochi,2024-10-31,Kerala,Loyal
12636,Customer 12636,Male,56,Kochi,2025-01-18,Kerala,VIP
12637,Customer 12637,Female,31,Noida,2024-01-14,Uttar Pradesh,New
12638,Customer 12638,Male,32,Pune,2022-01-19,Maharashtra,New
12639,Customer 12639,Male,61,Kochi,2023-01-09,Kerala,New
12640,Customer 12640,Female,29,Delhi,2022-04-04,Delhi,Regular
12641,Customer 12641,Female,25,Nagpur,2022-02-01,Maharashtra,Regular
12642,Customer 12642,Female,33,Mysuru,2022-05-20,Karnataka,Regular
12643,Customer 12643,Male,58,Noida,2024-08-30,Uttar Pradesh,Loyal
12644,Customer 12644,Male,51,Hyderabad,2024-11-10,Telangana,Loyal
12645,Customer 12645,Female,63,Pune,2025-03-18,Maharashtra,VIP
12646,Customer 12646,Female,41,Chennai,2025-05-29,Tamil Nadu,New
12647,Customer 12647,Female,46,Ahmedabad,2024-01-03,Gujarat,New
12648,Customer 12648,Male,33,Mysuru,2024-01-24,Karnataka,Regular
12649,Customer 12649,Male,22,Jaipur,2025-05-27,Rajasthan,New
12650,Customer 12650,Female,22,Noida,2022-02-27,Uttar Pradesh,VIP
12651,Customer 12651,Female,47,Delhi,2022-05-20,Delhi,Regular
12652,Customer 12652,Male,22,Ahmedabad,2024-11-12,Gujarat,Regular
12653,Customer 12653,Female,60,Mysuru,2024-06-19,Karnataka,Regular
12654,Customer 12654,Female,30,Pune,2023-01-13,Maharashtra,Regular
12655,Customer 12655,Male,52,Mysuru,2024-07-10,Karnataka,New
12656,Customer 12656,Male,42,Ahmedabad,2023-01-08,Gujarat,Regular
12657,Customer 12657,Male,31,Bengaluru,2024-12-22,Karnataka,Regular
12658,Customer 12658,Female,61,Kolkata,2024-02-17,West Bengal,VIP
12659,Customer 12659,Male,63,Coimbatore,2022-06-16,Tamil Nadu,Regular
12660,Customer 12660,Male,43,Chennai,2025-03-20,Tamil Nadu,Regular
12661,Customer 12661,Female,35,Kochi,2023-06-07,Kerala,New
12662,Customer 12662,Male,37,Pune,2023-08-07,Maharashtra,Loyal
12663,Customer 12663,Male,51,Ahmedabad,2023-05-16,Gujarat,New
12664,Customer 12664,Male,24,Kolkata,2024-06-14,West Bengal,Loyal
12665,Customer 12665,Female,64,Kolkata,2024-09-25,West Bengal,Regular
12666,Customer 12666,Female,27,Jaipur,2023-07-14,Rajasthan,New
12667,Customer 12667,Male,32,Mysuru,2024-10-08,Karnataka,Regular
12668,Customer 12668,Female,34,Coimbatore,2022-08-21,Tamil Nadu,VIP
12669,Customer 12669,Female,28,Kolkata,2023-07-14,West Bengal,Regular
12670,Customer 12670,Male,51,Coimbatore,2025-05-16,Tamil Nadu,Regular
12671,Customer 12671,Male,44,Mysuru,2024-07-09,Karnataka,New
12672,Customer 12672,Male,38,Ahmedabad,2024-05-10,Gujarat,Regular
12673,Customer 12673,Male,48,Delhi,2025-05-27,Delhi,New
12674,Customer 12674,Female,21,Bengaluru,2024-05-21,Karnataka,Loyal
12675,Customer 12675,Female,58,Kolkata,2022-03-22,West Bengal,Loyal
12676,Customer 12676,Male,34,Nagpur,2023-09-06,Maharashtra,VIP
12677,Customer 12677,Male,37,Bengaluru,2023-12-04,Karnataka,New
12678,Customer 12678,Male,42,Mysuru,2023-06-25,Karnataka,Regular
12679,Customer 12679,Female,57,Jaipur,2024-02-04,Rajasthan,New
12680,Customer 12680,Male,40,Chennai,2025-06-28,Tamil Nadu,Regular
12681,Customer 12681,Female,32,Nagpur,2024-01-08,Maharashtra,Loyal
12682,Customer 12682,Male,50,Pune,2023-08-29,Maharashtra,Regular
12683,Customer 12683,Female,36,Kochi,2025-01-14,Kerala,Loyal
12684,Customer 12684,Female,32,Jaipur,2023-09-14,Rajasthan,Loyal
12685,Customer 12685,Male,58,Bengaluru,2025-05-25,Karnataka,Regular
12686,Customer 12686,Female,22,Mysuru,2024-10-18,Karnataka,Regular
12687,Customer 12687,Female,33,Bengaluru,2022-07-15,Karnataka,New
12688,Customer 12688,Male,62,Kochi,2024-09-21,Kerala,Regular
12689,Customer 12689,Female,49,Kolkata,2024-08-03,West Bengal,Regular
12690,Customer 12690,Male,39,Jaipur,2022-02-13,Rajasthan,VIP
12691,Customer 12691,Female,60,Ahmedabad,2023-01-28,Gujarat,Regular
12692,Customer 12692,Male,49,Nagpur,2025-01-18,Maharashtra,Loyal
12693,Customer 12693,Female,30,Hyderabad,2022-06-04,Telangana,Loyal
12694,Customer 12694,Female,55,Noida,2024-09-04,Uttar Pradesh,Loyal
12695,Customer 12695,Female,43,Bengaluru,2022-02-28,Karnataka,Loyal
12696,Customer 12696,Female,34,Kochi,2022-04-20,Kerala,Regular
12697,Customer 12697,Female,22,Pune,2023-04-24,Maharashtra,Loyal
12698,Customer 12698,Male,50,Pune,2023-09-10,Maharashtra,Regular
12699,Customer 12699,Female,44,Mumbai,2024-02-23,Maharashtra,Regular
12700,Customer 12700,Female,22,Jaipur,2024-12-08,Rajasthan,New
12701,Customer 12701,Female,54,Bengaluru,2024-11-21,Karnataka,Regular
12702,Customer 12702,Female,24,Noida,2023-08-24,Uttar Pradesh,VIP
12703,Customer 12703,Female,35,Delhi,2024-07-28,Delhi,Regular
12704,Customer 12704,Female,48,Kochi,2024-09-18,Kerala,Regular
12705,Customer 12705,Male,23,Kolkata,2023-06-15,West Bengal,New
12706,Customer 12706,Male,19,Coimbatore,2024-10-23,Tamil Nadu,New
12707,Customer 12707,Male,30,Ahmedabad,2023-01-13,Gujarat,Regular
12708,Customer 12708,Male,59,Noida,2023-07-26,Uttar Pradesh,Regular
12709,Customer 12709,Female,28,Coimbatore,2025-06-19,Tamil Nadu,Loyal
12710,Customer 12710,Male,43,Jaipur,2023-08-10,Rajasthan,Regular
12711,Customer 12711,Male,38,Coimbatore,2022-12-23,Tamil Nadu,Regular
12712,Customer 12712,Other,19,Hyderabad,2023-11-16,Telangana,Regular
12713,Customer 12713,Male,57,Mumbai,2025-05-05,Maharashtra,Regular
12714,Customer 12714,Male,37,Noida,2024-05-07,Uttar Pradesh,Loyal
12715,Customer 12715,Male,34,Jaipur,2023-10-21,Rajasthan,Regular
12716,Customer 12716,Male,33,Noida,2022-02-04,Uttar Pradesh,Regular
12717,Customer 12717,Female,59,Hyderabad,2024-10-03,Telangana,Regular
12718,Customer 12718,Female,22,Bengaluru,2023-04-06,Karnataka,Loyal
12719,Customer 12719,Female,31,Bengaluru,2023-12-19,Karnataka,Regular
12720,Customer 12720,Male,41,Bengaluru,2025-06-30,Karnataka,Regular
12721,Customer 12721,Female,21,Chennai,2023-05-27,Tamil Nadu,New
12722,Customer 12722,Male,41,Coimbatore,2024-12-07,Tamil Nadu,VIP
12723,Customer 12723,Male,64,Chennai,2025-04-23,Tamil Nadu,Loyal
12724,Customer 12724,Male,26,Mumbai,2023-05-06,Maharashtra,New
12725,Customer 12725,Male,20,Ahmedabad,2022-09-30,Gujarat,Loyal
12726,Customer 12726,Male,26,Hyderabad,2024-10-09,Telangana,Regular
12727,Customer 12727,Male,35,Jaipur,2023-06-11,Rajasthan,Regular
12728,Customer 12728,Other,53,Noida,2025-02-25,Uttar Pradesh,New
12729,Customer 12729,Male,36,Kolkata,2022-07-29,West Bengal,Loyal
12730,Customer 12730,Male,41,Jaipur,2023-09-16,Rajasthan,New
12731,Customer 12731,Male,21,Coimbatore,2025-03-11,Tamil Nadu,Loyal
12732,Customer 12732,Female,26,Chennai,2022-06-22,Tamil Nadu,New
12733,Customer 12733,Male,50,Chennai,2023-03-23,Tamil Nadu,Loyal
12734,Customer 12734,Female,18,Mysuru,2025-02-16,Karnataka,New
12735,Customer 12735,Female,52,Chennai,2022-01-11,Tamil Nadu,Regular
12736,Customer 12736,Male,27,Ahmedabad,2024-01-31,Gujarat,Regular
12737,Customer 12737,Male,29,Delhi,2025-03-23,Delhi,New
12738,Customer 12738,Male,35,Noida,2022-11-19,Uttar Pradesh,Regular
12739,Customer 12739,Female,31,Delhi,2024-09-03,Delhi,Regular
12740,Customer 12740,Male,27,Noida,2023-03-21,Uttar Pradesh,VIP
12741,Customer 12741,Male,27,Hyderabad,2022-12-08,Telangana,Regular
12742,Customer 12742,Male,35,Noida,2022-08-09,Uttar Pradesh,Regular
12743,Customer 12743,Female,41,Delhi,2022-04-20,Delhi,Regular
12744,Customer 12744,Male,18,Jaipur,2023-02-14,Rajasthan,Regular
12745,Customer 12745,Male,47,Noida,2023-05-20,Uttar Pradesh,New
12746,Customer 12746,Female,32,Hyderabad,2022-02-09,Telangana,Loyal
12747,Customer 12747,Female,25,Hyderabad,2022-09-20,Telangana,Regular
12748,Customer 12748,Female,52,Mumbai,2025-02-15,Maharashtra,Loyal
12749,Customer 12749,Male,35,Noida,2023-12-09,Uttar Pradesh,Regular
12750,Customer 12750,Female,58,Kolkata,2024-04-02,West Bengal,VIP
12751,Customer 12751,Female,33,Mysuru,2023-04-06,Karnataka,New
12752,Customer 12752,Male,38,Bengaluru,2025-02-15,Karnataka,New
12753,Customer 12753,Female,32,Pune,2022-08-05,Maharashtra,Regular
12754,Customer 12754,Male,22,Hyderabad,2022-03-18,Telangana,VIP
12755,Customer 12755,Female,62,Nagpur,2024-06-10,Maharashtra,Regular
12756,Customer 12756,Male,24,Bengaluru,2025-04-10,Karnataka,New
12757,Customer 12757,Female,24,Ahmedabad,2023-01-25,Gujarat,Regular
12758,Customer 12758,Male,44,Coimbatore,2024-11-15,Tamil Nadu,Loyal
12759,Customer 12759,Female,42,Noida,2025-02-25,Uttar Pradesh,New
12760,Customer 12760,Male,39,Delhi,2023-01-09,Delhi,New
12761,Customer 12761,Female,30,Pune,2023-10-16,Maharashtra,Loyal
12762,Customer 12762,Female,34,Nagpur,2024-06-22,Maharashtra,Loyal
12763,Customer 12763,Male,58,Bengaluru,2024-11-13,Karnataka,Loyal
12764,Customer 12764,Female,61,Noida,2024-01-14,Uttar Pradesh,VIP
12765,Customer 12765,Other,30,Mumbai,2023-02-27,Maharashtra,New
12766,Customer 12766,Male,43,Coimbatore,2025-04-15,Tamil Nadu,Regular
12767,Customer 12767,Male,26,Pune,2024-05-02,Maharashtra,Loyal
12768,Customer 12768,Female,22,Mysuru,2024-04-10,Karnataka,Loyal
12769,Customer 12769,Male,56,Mumbai,2024-08-30,Maharashtra,Loyal
12770,Customer 12770,Male,50,Nagpur,2023-09-21,Maharashtra,Loyal
12771,Customer 12771,Male,21,Ahmedabad,2023-07-24,Gujarat,Regular
12772,Customer 12772,Male,45,Pune,2022-05-02,Maharashtra,New
12773,Customer 12773,Male,43,Mumbai,2022-06-08,Maharashtra,Regular
12774,Customer 12774,Male,21,Coimbatore,2025-04-16,Tamil Nadu,Loyal
12775,Customer 12775,Female,33,Mysuru,2022-11-03,Karnataka,Regular
12776,Customer 12776,Female,54,Mumbai,2025-01-17,Maharashtra,Loyal
12777,Customer 12777,Male,39,Chennai,2024-01-21,Tamil Nadu,Regular
12778,Customer 12778,Female,53,Mysuru,2024-11-27,Karnataka,New
12779,Customer 12779,Female,55,Nagpur,2023-08-14,Maharashtra,Regular
12780,Customer 12780,Female,52,Ahmedabad,2022-12-12,Gujarat,Loyal
12781,Customer 12781,Male,42,Coimbatore,2025-06-29,Tamil Nadu,Regular
12782,Customer 12782,Male,25,Kolkata,2022-05-29,West Bengal,Loyal
12783,Customer 12783,Female,34,Noida,2024-11-05,Uttar Pradesh,Regular
12784,Customer 12784,Female,35,Delhi,2024-04-14,Delhi,New
12785,Customer 12785,Female,29,Kochi,2024-02-20,Kerala,New
12786,Customer 12786,Female,50,Jaipur,2022-04-28,Rajasthan,Loyal
12787,Customer 12787,Male,40,Jaipur,2023-12-05,Rajasthan,Regular
12788,Customer 12788,Female,29,Delhi,2022-11-13,Delhi,Loyal
12789,Customer 12789,Male,28,Kochi,2022-10-15,Kerala,Regular
12790,Customer 12790,Male,30,Delhi,2024-06-26,Delhi,Regular
12791,Customer 12791,Female,52,Pune,2022-10-24,Maharashtra,Regular
12792,Customer 12792,Male,44,Nagpur,2025-05-02,Maharashtra,New
12793,Customer 12793,Male,42,Coimbatore,2023-03-19,Tamil Nadu,Regular
12794,Customer 12794,Female,57,Mysuru,2024-06-19,Karnataka,Regular
12795,Customer 12795,Male,20,Pune,2022-10-28,Maharashtra,Loyal
12796,Customer 12796,Female,42,Nagpur,2024-06-16,Maharashtra,Regular
12797,Customer 12797,Other,62,Noida,2023-03-02,Uttar Pradesh,Regular
12798,Customer 12798,Female,27,Chennai,2022-09-07,Tamil Nadu,New
12799,Customer 12799,Male,34,Jaipur,2023-11-17,Rajasthan,Regular
12800,Customer 12800,Male,20,Coimbatore,2024-01-22,Tamil Nadu,Regular
12801,Customer 12801,Male,62,Delhi,2024-09-24,Delhi,VIP
12802,Customer 12802,Male,39,Mumbai,2023-02-10,Maharashtra,Loyal
12803,Customer 12803,Male,55,Kolkata,2024-03-11,West Bengal,Loyal
12804,Customer 12804,Female,31,Coimbatore,2022-09-01,Tamil Nadu,Regular
12805,Customer 12805,Male,44,Hyderabad,2023-01-02,Telangana,New
12806,Customer 12806,Female,59,Ahmedabad,2022-04-30,Gujarat,Regular
12807,Customer 12807,Male,37,Kochi,2024-04-29,Kerala,Regular
12808,Customer 12808,Female,35,Nagpur,2023-03-09,Maharashtra,Regular
12809,Customer 12809,Female,30,Bengaluru,2022-07-02,Karnataka,Regular
12810,Customer 12810,Male,59,Noida,2024-01-29,Uttar Pradesh,Loyal
12811,Customer 12811,Male,23,Chennai,2025-02-15,Tamil Nadu,VIP
12812,Customer 12812,Female,27,Noida,2022-01-31,Uttar Pradesh,Regular
12813,Customer 12813,Female,54,Coimbatore,2024-09-03,Tamil Nadu,Loyal
12814,Customer 12814,Female,46,Jaipur,2025-03-18,Rajasthan,Loyal
12815,Customer 12815,Male,23,Kochi,2023-06-12,Kerala,New
12816,Customer 12816,Male,56,Bengaluru,2024-05-13,Karnataka,Loyal
12817,Customer 12817,Female,28,Hyderabad,2022-04-12,Telangana,New
12818,Customer 12818,Female,42,Mysuru,2024-12-31,Karnataka,Loyal
12819,Customer 12819,Male,61,Mumbai,2023-09-15,Maharashtra,Regular
12820,Customer 12820,Female,61,Bengaluru,2024-03-15,Karnataka,Regular
12821,Customer 12821,Male,47,Nagpur,2023-02-12,Maharashtra,Regular
12822,Customer 12822,Male,37,Delhi,2024-04-09,Delhi,Loyal
12823,Customer 12823,Male,54,Hyderabad,2024-02-28,Telangana,New
12824,Customer 12824,Male,33,Mumbai,2023-09-10,Maharashtra,New
12825,Customer 12825,Female,48,Kolkata,2023-07-03,West Bengal,Regular
12826,Customer 12826,Male,46,Chennai,2022-10-18,Tamil Nadu,New
12827,Customer 12827,Male,23,Delhi,2023-02-26,Delhi,Loyal
12828,Customer 12828,Female,46,Coimbatore,2022-06-30,Tamil Nadu,Loyal
12829,Customer 12829,Female,49,Bengaluru,2023-10-17,Karnataka,Loyal
12830,Customer 12830,Female,26,Jaipur,2022-04-24,Rajasthan,Loyal
12831,Customer 12831,Female,54,Mumbai,2025-06-15,Maharashtra,Loyal
12832,Customer 12832,Male,40,Ahmedabad,2025-01-22,Gujarat,Loyal
12833,Customer 12833,Female,33,Pune,2022-09-17,Maharashtra,VIP
12834,Customer 12834,Female,35,Ahmedabad,2025-02-04,Gujarat,New
12835,Customer 12835,Female,36,Mysuru,2022-09-01,Karnataka,Regular
12836,Customer 12836,Male,61,Ahmedabad,2023-02-27,Gujarat,VIP
12837,Customer 12837,Male,19,Kolkata,2022-12-01,West Bengal,Loyal
12838,Customer 12838,Female,27,Mysuru,2024-11-12,Karnataka,Loyal
12839,Customer 12839,Male,29,Hyderabad,2022-09-28,Telangana,New
12840,Customer 12840,Female,63,Chennai,2025-03-09,Tamil Nadu,Loyal
12841,Customer 12841,Female,35,Hyderabad,2023-03-30,Telangana,Loyal
12842,Customer 12842,Female,36,Pune,2023-08-17,Maharashtra,New
12843,Customer 12843,Female,55,Nagpur,2024-10-06,Maharashtra,New
12844,Customer 12844,Female,54,Chennai,2024-05-05,Tamil Nadu,Regular
12845,Customer 12845,Male,44,Ahmedabad,2025-03-25,Gujarat,Loyal
12846,Customer 12846,Female,31,Jaipur,2022-05-12,Rajasthan,Loyal
12847,Customer 12847,Female,62,Noida,2024-02-07,Uttar Pradesh,Loyal
12848,Customer 12848,Male,51,Nagpur,2023-05-16,Maharashtra,Regular
12849,Customer 12849,Male,19,Chennai,2025-03-09,Tamil Nadu,VIP
12850,Customer 12850,Male,61,Chennai,2022-05-15,Tamil Nadu,Regular
12851,Customer 12851,Female,50,Pune,2024-02-06,Maharashtra,Regular
12852,Customer 12852,Male,36,Coimbatore,2024-03-22,Tamil Nadu,New
12853,Customer 12853,Female,44,Ahmedabad,2024-02-09,Gujarat,VIP
12854,Customer 12854,Male,47,Pune,2022-04-04,Maharashtra,Regular
12855,Customer 12855,Male,24,Chennai,2025-06-18,Tamil Nadu,New
12856,Customer 12856,Female,44,Mumbai,2022-06-14,Maharashtra,New
12857,Customer 12857,Male,38,Nagpur,2022-11-21,Maharashtra,Regular
12858,Customer 12858,Female,24,Pune,2025-05-26,Maharashtra,Loyal
12859,Customer 12859,Female,42,Coimbatore,2024-07-28,Tamil Nadu,Regular
12860,Customer 12860,Female,55,Kochi,2023-09-12,Kerala,Regular
12861,Customer 12861,Male,35,Bengaluru,2022-08-19,Karnataka,Loyal
12862,Customer 12862,Female,50,Hyderabad,2023-08-05,Telangana,Regular
12863,Customer 12863,Female,50,Chennai,2024-01-03,Tamil Nadu,Loyal
12864,Customer 12864,Female,49,Ahmedabad,2025-04-17,Gujarat,Regular
12865,Customer 12865,Male,42,Noida,2025-01-08,Uttar Pradesh,VIP
12866,Customer 12866,Female,31,Bengaluru,2023-11-02,Karnataka,New
12867,Customer 12867,Female,55,Mysuru,2025-03-30,Karnataka,Loyal
12868,Customer 12868,Female,55,Jaipur,2023-02-07,Rajasthan,Loyal
12869,Customer 12869,Male,21,Jaipur,2024-11-21,Rajasthan,New
12870,Customer 12870,Male,61,Delhi,2022-05-01,Delhi,Regular
12871,Customer 12871,Male,35,Coimbatore,2023-12-28,Tamil Nadu,Regular
12872,Customer 12872,Male,27,Noida,2023-01-20,Uttar Pradesh,New
12873,Customer 12873,Male,52,Kochi,2023-04-21,Kerala,Regular
12874,Customer 12874,Male,52,Kochi,2023-07-14,Kerala,VIP
12875,Customer 12875,Female,57,Delhi,2025-04-05,Delhi,Regular
12876,Customer 12876,Male,40,Coimbatore,2023-01-24,Tamil Nadu,Regular
12877,Customer 12877,Female,42,Ahmedabad,2024-02-29,Gujarat,New
12878,Customer 12878,Male,18,Mumbai,2024-01-23,Maharashtra,New
12879,Customer 12879,Male,35,Ahmedabad,2023-12-05,Gujarat,Regular
12880,Customer 12880,Male,32,Hyderabad,2022-02-22,Telangana,VIP
12881,Customer 12881,Male,42,Bengaluru,2023-07-21,Karnataka,Loyal
12882,Customer 12882,Female,49,Nagpur,2024-03-31,Maharashtra,Regular
12883,Customer 12883,Female,37,Kochi,2024-11-10,Kerala,Regular
12884,Customer 12884,Male,34,Jaipur,2024-11-08,Rajasthan,Regular
12885,Customer 12885,Male,28,Coimbatore,2024-05-11,Tamil Nadu,Loyal
12886,Customer 12886,Male,30,Ahmedabad,2022-11-18,Gujarat,Loyal
12887,Customer 12887,Female,42,Nagpur,2024-04-06,Maharashtra,Loyal
12888,Customer 12888,Female,37,Hyderabad,2023-03-09,Telangana,New
12889,Customer 12889,Female,42,Chennai,2024-12-18,Tamil Nadu,VIP
12890,Customer 12890,Female,59,Mysuru,2025-03-20,Karnataka,New
12891,Customer 12891,Female,62,Bengaluru,2022-02-27,Karnataka,Regular
12892,Customer 12892,Male,48,Hyderabad,2024-10-14,Telangana,Loyal
12893,Customer 12893,Male,18,Hyderabad,2024-01-21,Telangana,Regular
12894,Customer 12894,Female,33,Ahmedabad,2022-07-01,Gujarat,New
12895,Customer 12895,Female,45,Mumbai,2023-08-30,Maharashtra,Regular
12896,Customer 12896,Female,38,Delhi,2025-01-06,Delhi,Regular
12897,Customer 12897,Female,47,Kochi,2024-08-18,Kerala,New
12898,Customer 12898,Male,20,Mysuru,2022-04-15,Karnataka,Regular
12899,Customer 12899,Female,51,Bengaluru,2023-08-30,Karnataka,Regular
12900,Customer 12900,Female,23,Chennai,2025-05-31,Tamil Nadu,Loyal
12901,Customer 12901,Male,60,Chennai,2024-09-16,Tamil Nadu,New
12902,Customer 12902,Female,46,Pune,2023-04-29,Maharashtra,Loyal
12903,Customer 12903,Female,20,Hyderabad,2022-05-09,Telangana,Regular
12904,Customer 12904,Male,50,Coimbatore,2022-11-15,Tamil Nadu,Regular
12905,Customer 12905,Male,28,Mumbai,2023-12-08,Maharashtra,Regular
12906,Customer 12906,Male,62,Mysuru,2023-05-24,Karnataka,Regular
12907,Customer 12907,Female,22,Ahmedabad,2022-01-20,Gujarat,Loyal
12908,Customer 12908,Male,49,Chennai,2024-01-22,Tamil Nadu,New
12909,Customer 12909,Female,64,Bengaluru,2022-08-23,Karnataka,Loyal
12910,Customer 12910,Female,35,Pune,2023-08-29,Maharashtra,Loyal
12911,Customer 12911,Male,64,Jaipur,2023-07-08,Rajasthan,New
12912,Customer 12912,Female,37,Kochi,2023-03-29,Kerala,Regular
12913,Customer 12913,Other,56,Bengaluru,2023-08-09,Karnataka,Regular
12914,Customer 12914,Male,57,Mumbai,2024-09-10,Maharashtra,New
12915,Customer 12915,Male,45,Coimbatore,2023-02-27,Tamil Nadu,Regular
12916,Customer 12916,Female,30,Pune,2025-04-28,Maharashtra,VIP
12917,Customer 12917,Female,43,Jaipur,2025-02-22,Rajasthan,Regular
12918,Customer 12918,Male,33,Pune,2022-01-06,Maharashtra,VIP
12919,Customer 12919,Male,42,Delhi,2023-04-03,Delhi,Loyal
12920,Customer 12920,Male,27,Mysuru,2023-07-08,Karnataka,New
12921,Customer 12921,Other,46,Pune,2023-06-06,Maharashtra,New
12922,Customer 12922,Male,63,Kolkata,2025-01-17,West Bengal,Loyal
12923,Customer 12923,Female,55,Delhi,2024-04-25,Delhi,Regular
12924,Customer 12924,Female,37,Delhi,2025-02-08,Delhi,New
12925,Customer 12925,Male,43,Mumbai,2023-07-05,Maharashtra,Regular
12926,Customer 12926,Female,49,Kolkata,2022-01-11,West Bengal,Loyal
12927,Customer 12927,Male,56,Nagpur,2023-05-12,Maharashtra,Loyal
12928,Customer 12928,Female,55,Bengaluru,2024-11-05,Karnataka,Regular
12929,Customer 12929,Male,41,Kochi,2024-11-22,Kerala,Regular
12930,Customer 12930,Female,48,Coimbatore,2024-01-15,Tamil Nadu,VIP
12931,Customer 12931,Female,57,Noida,2023-05-04,Uttar Pradesh,Loyal
12932,Customer 12932,Male,29,Bengaluru,2025-04-26,Karnataka,Regular
12933,Customer 12933,Male,53,Pune,2024-01-06,Maharashtra,Loyal
12934,Customer 12934,Male,27,Coimbatore,2023-04-03,Tamil Nadu,New
12935,Customer 12935,Male,23,Chennai,2024-12-10,Tamil Nadu,New
12936,Customer 12936,Female,24,Nagpur,2023-04-09,Maharashtra,New
12937,Customer 12937,Female,48,Chennai,2022-02-12,Tamil Nadu,New
12938,Customer 12938,Male,44,Kolkata,2023-06-23,West Bengal,Loyal
12939,Customer 12939,Female,25,Chennai,2023-07-22,Tamil Nadu,Regular
12940,Customer 12940,Female,20,Ahmedabad,2022-05-01,Gujarat,Regular
12941,Customer 12941,Female,57,Mysuru,2023-09-17,Karnataka,Loyal
12942,Customer 12942,Male,64,Bengaluru,2022-11-12,Karnataka,Loyal
12943,Customer 12943,Male,38,Noida,2024-10-18,Uttar Pradesh,New
12944,Customer 12944,Male,18,Ahmedabad,2025-02-12,Gujarat,Regular
12945,Customer 12945,Female,62,Mumbai,2023-09-13,Maharashtra,Loyal
12946,Customer 12946,Male,32,Noida,2023-03-30,Uttar Pradesh,Loyal
12947,Customer 12947,Male,24,Chennai,2023-11-18,Tamil Nadu,Loyal
12948,Customer 12948,Male,32,Pune,2023-09-16,Maharashtra,New
12949,Customer 12949,Female,42,Jaipur,2023-09-04,Rajasthan,Regular
12950,Customer 12950,Male,20,Nagpur,2024-08-16,Maharashtra,Loyal
12951,Customer 12951,Male,47,Kochi,2023-10-09,Kerala,Loyal
12952,Customer 12952,Male,31,Hyderabad,2024-02-02,Telangana,Regular
12953,Customer 12953,Male,21,Noida,2022-08-28,Uttar Pradesh,New
12954,Customer 12954,Female,53,Kochi,2024-01-04,Kerala,Loyal
12955,Customer 12955,Male,20,Kochi,2025-03-14,Kerala,Regular
12956,Customer 12956,Male,22,Chennai,2023-01-12,Tamil Nadu,Regular
12957,Customer 12957,Female,42,Nagpur,2022-01-04,Maharashtra,Regular
12958,Customer 12958,Male,48,Coimbatore,2024-03-04,Tamil Nadu,Regular
12959,Customer 12959,Male,28,Bengaluru,2024-04-25,Karnataka,Regular
12960,Customer 12960,Female,25,Kochi,2022-07-16,Kerala,Regular
12961,Customer 12961,Male,43,Delhi,2023-01-24,Delhi,New
12962,Customer 12962,Male,19,Mysuru,2022-09-18,Karnataka,VIP
12963,Customer 12963,Male,45,Nagpur,2023-08-26,Maharashtra,VIP
12964,Customer 12964,Female,27,Pune,2022-04-04,Maharashtra,VIP
12965,Customer 12965,Female,56,Kolkata,2022-05-16,West Bengal,Loyal
12966,Customer 12966,Female,54,Pune,2023-06-09,Maharashtra,Loyal
12967,Customer 12967,Female,56,Nagpur,2023-05-13,Maharashtra,Regular
12968,Customer 12968,Male,38,Pune,2025-04-16,Maharashtra,New
12969,Customer 12969,Male,45,Kochi,2022-04-22,Kerala,New
12970,Customer 12970,Female,55,Bengaluru,2023-01-04,Karnataka,Regular
12971,Customer 12971,Female,50,Pune,2024-07-24,Maharashtra,Regular
12972,Customer 12972,Male,28,Noida,2024-02-07,Uttar Pradesh,VIP
12973,Customer 12973,Female,62,Delhi,2023-08-09,Delhi,Regular
12974,Customer 12974,Male,61,Pune,2023-11-04,Maharashtra,Regular
12975,Customer 12975,Male,18,Delhi,2023-05-26,Delhi,Loyal
12976,Customer 12976,Male,64,Jaipur,2023-12-14,Rajasthan,New
12977,Customer 12977,Male,50,Chennai,2024-03-30,Tamil Nadu,VIP
12978,Customer 12978,Female,20,Mumbai,2023-01-12,Maharashtra,Regular
12979,Customer 12979,Female,43,Bengaluru,2023-06-29,Karnataka,Regular
12980,Customer 12980,Male,32,Kochi,2022-03-14,Kerala,VIP
12981,Customer 12981,Male,58,Mumbai,2024-08-31,Maharashtra,Regular
12982,Customer 12982,Female,31,Kochi,2023-05-19,Kerala,Regular
12983,Customer 12983,Male,40,Chennai,2024-03-15,Tamil Nadu,Regular
12984,Customer 12984,Female,25,Kochi,2023-12-11,Kerala,Loyal
12985,Customer 12985,Male,53,Jaipur,2022-11-21,Rajasthan,New
12986,Customer 12986,Female,37,Bengaluru,2023-01-23,Karnataka,Loyal
12987,Customer 12987,Male,23,Nagpur,2024-04-07,Maharashtra,VIP
12988,Customer 12988,Male,50,Nagpur,2022-08-28,Maharashtra,Regular
12989,Customer 12989,Male,45,Delhi,2024-09-02,Delhi,Loyal
12990,Customer 12990,Male,55,Chennai,2025-01-02,Tamil Nadu,Loyal
12991,Customer 12991,Male,47,Delhi,2022-01-31,Delhi,Regular
12992,Customer 12992,Female,63,Jaipur,2023-04-24,Rajasthan,VIP
12993,Customer 12993,Male,60,Mysuru,2024-11-03,Karnataka,Loyal
12994,Customer 12994,Male,34,Pune,2023-12-18,Maharashtra,Regular
12995,Customer 12995,Female,26,Hyderabad,2022-03-09,Telangana,Loyal
12996,Customer 12996,Female,45,Mysuru,2024-10-02,Karnataka,Regular
12997,Customer 12997,Female,24,Pune,2023-06-22,Maharashtra,New
12998,Customer 12998,Female,63,Bengaluru,2022-10-18,Karnataka,Loyal
12999,Customer 12999,Male,45,Delhi,2024-09-01,Delhi,Regular
13000,Customer 13000,Female,34,Bengaluru,2022-01-24,Karnataka,Loyal
13001,Customer 13001,Female,57,Jaipur,2023-02-19,Rajasthan,New
13002,Customer 13002,Female,61,Ahmedabad,2024-04-30,Gujarat,Regular
13003,Customer 13003,Male,61,Ahmedabad,2024-08-19,Gujarat,Loyal
13004,Customer 13004,Male,22,Ahmedabad,2023-11-12,Gujarat,VIP
13005,Customer 13005,Male,22,Jaipur,2024-11-25,Rajasthan,Loyal
13006,Customer 13006,Female,31,Kochi,2022-04-11,Kerala,Loyal
13007,Customer 13007,Female,23,Bengaluru,2023-06-30,Karnataka,Regular
13008,Customer 13008,Female,24,Pune,2022-02-08,Maharashtra,Loyal
13009,Customer 13009,Male,34,Jaipur,2022-07-30,Rajasthan,New
13010,Customer 13010,Female,26,Ahmedabad,2024-01-12,Gujarat,New
13011,Customer 13011,Female,48,Chennai,2023-08-15,Tamil Nadu,New
13012,Customer 13012,Male,39,Jaipur,2024-01-20,Rajasthan,Loyal
13013,Customer 13013,Female,62,Kolkata,2022-06-21,West Bengal,New
13014,Customer 13014,Male,26,Kochi,2024-04-17,Kerala,New
13015,Customer 13015,Female,33,Pune,2023-03-18,Maharashtra,Regular
13016,Customer 13016,Female,53,Ahmedabad,2024-12-18,Gujarat,Regular
13017,Customer 13017,Female,51,Coimbatore,2023-06-18,Tamil Nadu,Loyal
13018,Customer 13018,Female,62,Nagpur,2022-12-31,Maharashtra,Regular
13019,Customer 13019,Female,30,Nagpur,2023-01-02,Maharashtra,Regular
13020,Customer 13020,Female,36,Mysuru,2022-10-23,Karnataka,New
13021,Customer 13021,Male,29,Nagpur,2023-08-29,Maharashtra,Regular
13022,Customer 13022,Female,53,Pune,2024-01-26,Maharashtra,New
13023,Customer 13023,Male,27,Noida,2023-06-07,Uttar Pradesh,Regular
13024,Customer 13024,Male,33,Delhi,2022-09-22,Delhi,Regular
13025,Customer 13025,Female,45,Pune,2024-11-27,Maharashtra,Regular
13026,Customer 13026,Female,36,Kochi,2025-02-28,Kerala,Loyal
13027,Customer 13027,Male,57,Kolkata,2023-01-17,West Bengal,VIP
13028,Customer 13028,Male,23,Pune,2025-06-02,Maharashtra,New
13029,Customer 13029,Male,21,Jaipur,2025-03-12,Rajasthan,New
13030,Customer 13030,Male,47,Hyderabad,2023-03-07,Telangana,Loyal
13031,Customer 13031,Male,56,Delhi,2023-01-24,Delhi,New
13032,Customer 13032,Female,48,Coimbatore,2022-02-23,Tamil Nadu,Regular
13033,Customer 13033,Male,63,Nagpur,2022-01-24,Maharashtra,Regular
13034,Customer 13034,Male,44,Delhi,2023-01-30,Delhi,Loyal
13035,Customer 13035,Male,62,Nagpur,2023-09-25,Maharashtra,Loyal
13036,Customer 13036,Other,38,Mysuru,2022-04-29,Karnataka,New
13037,Customer 13037,Male,54,Delhi,2024-09-09,Delhi,New
13038,Customer 13038,Male,26,Ahmedabad,2025-04-23,Gujarat,New
13039,Customer 13039,Male,52,Kochi,2022-07-11,Kerala,Regular
13040,Customer 13040,Female,59,Kochi,2023-05-02,Kerala,Regular
13041,Customer 13041,Female,64,Nagpur,2023-09-25,Maharashtra,Loyal
13042,Customer 13042,Male,38,Coimbatore,2023-12-22,Tamil Nadu,Regular
13043,Customer 13043,Male,34,Ahmedabad,2023-01-19,Gujarat,Regular
13044,Customer 13044,Male,41,Mumbai,2024-03-22,Maharashtra,Regular
13045,Customer 13045,Female,48,Bengaluru,2022-12-12,Karnataka,New
13046,Customer 13046,Female,23,Bengaluru,2023-04-18,Karnataka,VIP
13047,Customer 13047,Male,52,Coimbatore,2023-11-07,Tamil Nadu,New
13048,Customer 13048,Male,54,Hyderabad,2022-01-03,Telangana,Regular
13049,Customer 13049,Male,30,Mumbai,2024-12-09,Maharashtra,New
13050,Customer 13050,Male,42,Mysuru,2024-07-13,Karnataka,Regular
13051,Customer 13051,Female,49,Coimbatore,2024-05-25,Tamil Nadu,VIP
13052,Customer 13052,Male,18,Ahmedabad,2024-09-10,Gujarat,New
13053,Customer 13053,Male,52,Bengaluru,2025-05-19,Karnataka,Regular
13054,Customer 13054,Male,36,Jaipur,2024-08-30,Rajasthan,New
13055,Customer 13055,Female,29,Bengaluru,2023-01-14,Karnataka,Loyal
13056,Customer 13056,Female,57,Bengaluru,2022-05-18,Karnataka,Regular
13057,Customer 13057,Male,57,Ahmedabad,2022-05-05,Gujarat,Loyal
13058,Customer 13058,Male,64,Chennai,2024-07-22,Tamil Nadu,Regular
13059,Customer 13059,Male,60,Coimbatore,2023-04-25,Tamil Nadu,Loyal
13060,Customer 13060,Female,37,Pune,2023-07-24,Maharashtra,Regular
13061,Customer 13061,Male,50,Mysuru,2022-03-07,Karnataka,Regular
13062,Customer 13062,Female,46,Bengaluru,2024-05-01,Karnataka,Loyal
13063,Customer 13063,Female,33,Kochi,2023-03-08,Kerala,Regular
13064,Customer 13064,Female,31,Jaipur,2025-02-02,Rajasthan,New
13065,Customer 13065,Male,24,Nagpur,2025-01-17,Maharashtra,Regular
13066,Customer 13066,Female,23,Coimbatore,2023-08-24,Tamil Nadu,New
13067,Customer 13067,Female,38,Kolkata,2024-05-05,West Bengal,Regular
13068,Customer 13068,Male,53,Ahmedabad,2022-01-06,Gujarat,Regular
13069,Customer 13069,Male,39,Chennai,2022-06-07,Tamil Nadu,New
13070,Customer 13070,Male,57,Kochi,2022-11-26,Kerala,Regular
13071,Customer 13071,Male,36,Coimbatore,2025-01-31,Tamil Nadu,Loyal
13072,Customer 13072,Male,42,Mysuru,2022-08-11,Karnataka,Regular
13073,Customer 13073,Female,20,Jaipur,2023-02-06,Rajasthan,Regular
13074,Customer 13074,Male,53,Chennai,2023-06-29,Tamil Nadu,Loyal
13075,Customer 13075,Female,62,Mysuru,2023-05-24,Karnataka,Loyal
13076,Customer 13076,Male,51,Kochi,2022-07-03,Kerala,New
13077,Customer 13077,Female,28,Coimbatore,2024-07-03,Tamil Nadu,Regular
13078,Customer 13078,Male,59,Pune,2025-01-15,Maharashtra,Loyal
13079,Customer 13079,Female,64,Kochi,2023-08-04,Kerala,Regular
13080,Customer 13080,Male,44,Kolkata,2023-06-22,West Bengal,Regular
13081,Customer 13081,Male,59,Mysuru,2023-06-02,Karnataka,Regular
13082,Customer 13082,Female,19,Chennai,2024-02-07,Tamil Nadu,Loyal
13083,Customer 13083,Male,23,Chennai,2022-10-22,Tamil Nadu,Regular
13084,Customer 13084,Female,63,Mysuru,2024-10-11,Karnataka,Loyal
13085,Customer 13085,Female,19,Noida,2022-09-17,Uttar Pradesh,VIP
13086,Customer 13086,Male,59,Coimbatore,2024-04-05,Tamil Nadu,Regular
13087,Customer 13087,Female,34,Noida,2022-11-12,Uttar Pradesh,Loyal
13088,Customer 13088,Female,57,Hyderabad,2024-01-16,Telangana,Regular
13089,Customer 13089,Male,31,Coimbatore,2023-12-20,Tamil Nadu,Regular
13090,Customer 13090,Female,27,Mysuru,2025-01-05,Karnataka,VIP
13091,Customer 13091,Female,62,Mumbai,2023-11-11,Maharashtra,New
13092,Customer 13092,Male,50,Jaipur,2024-05-03,Rajasthan,Regular
13093,Customer 13093,Male,59,Mysuru,2023-04-06,Karnataka,Regular
13094,Customer 13094,Female,29,Noida,2024-12-15,Uttar Pradesh,Regular
13095,Customer 13095,Male,49,Pune,2024-03-17,Maharashtra,Regular
13096,Customer 13096,Male,41,Jaipur,2025-01-09,Rajasthan,New
13097,Customer 13097,Male,31,Mysuru,2025-04-14,Karnataka,New
13098,Customer 13098,Female,22,Mysuru,2024-03-03,Karnataka,Regular
13099,Customer 13099,Male,22,Pune,2024-07-18,Maharashtra,Regular
13100,Customer 13100,Male,64,Mysuru,2022-05-29,Karnataka,Regular
13101,Customer 13101,Female,49,Jaipur,2024-02-07,Rajasthan,Regular
13102,Customer 13102,Male,62,Bengaluru,2022-12-11,Karnataka,Regular
13103,Customer 13103,Male,50,Mumbai,2024-08-31,Maharashtra,Regular
13104,Customer 13104,Other,63,Nagpur,2024-07-10,Maharashtra,Loyal
13105,Customer 13105,Female,21,Mumbai,2022-01-30,Maharashtra,New
13106,Customer 13106,Female,47,Ahmedabad,2023-12-31,Gujarat,New
13107,Customer 13107,Male,58,Kolkata,2024-09-08,West Bengal,Loyal
13108,Customer 13108,Female,34,Mysuru,2022-08-19,Karnataka,Regular
13109,Customer 13109,Male,20,Bengaluru,2025-03-31,Karnataka,Regular
13110,Customer 13110,Male,30,Coimbatore,2023-12-30,Tamil Nadu,Regular
13111,Customer 13111,Male,61,Mysuru,2025-06-05,Karnataka,Regular
13112,Customer 13112,Male,53,Noida,2025-05-29,Uttar Pradesh,Regular
13113,Customer 13113,Female,35,Kochi,2024-01-16,Kerala,VIP
13114,Customer 13114,Male,40,Bengaluru,2025-01-01,Karnataka,Regular
13115,Customer 13115,Female,52,Pune,2023-02-03,Maharashtra,Regular
13116,Customer 13116,Female,50,Bengaluru,2022-04-05,Karnataka,Loyal
13117,Customer 13117,Female,53,Ahmedabad,2023-04-20,Gujarat,Regular
13118,Customer 13118,Male,34,Pune,2025-01-23,Maharashtra,Regular
13119,Customer 13119,Female,56,Hyderabad,2024-02-14,Telangana,Regular
13120,Customer 13120,Male,51,Nagpur,2025-02-21,Maharashtra,Regular
13121,Customer 13121,Male,29,Delhi,2024-03-10,Delhi,Loyal
13122,Customer 13122,Other,22,Jaipur,2024-08-01,Rajasthan,New
13123,Customer 13123,Male,57,Bengaluru,2024-10-19,Karnataka,Loyal
13124,Customer 13124,Male,44,Jaipur,2023-09-13,Rajasthan,Regular
13125,Customer 13125,Female,57,Chennai,2024-05-09,Tamil Nadu,Loyal
13126,Customer 13126,Male,30,Noida,2024-08-21,Uttar Pradesh,New
13127,Customer 13127,Female,43,Mysuru,2024-12-07,Karnataka,Loyal
13128,Customer 13128,Male,31,Noida,2024-03-23,Uttar Pradesh,New
13129,Customer 13129,Male,49,Jaipur,2022-04-05,Rajasthan,Loyal
13130,Customer 13130,Male,28,Mumbai,2022-02-02,Maharashtra,Regular
13131,Customer 13131,Male,55,Delhi,2025-02-15,Delhi,Loyal
13132,Customer 13132,Male,33,Mumbai,2025-06-28,Maharashtra,Regular
13133,Customer 13133,Female,39,Hyderabad,2022-05-02,Telangana,New
13134,Customer 13134,Female,64,Delhi,2022-08-06,Delhi,Regular
13135,Customer 13135,Female,33,Delhi,2024-12-12,Delhi,Regular
13136,Customer 13136,Male,30,Mumbai,2025-02-23,Maharashtra,Regular
13137,Customer 13137,Female,29,Pune,2025-03-28,Maharashtra,Loyal
13138,Customer 13138,Female,35,Ahmedabad,2024-03-05,Gujarat,New
13139,Customer 13139,Female,46,Jaipur,2022-06-25,Rajasthan,Regular
13140,Customer 13140,Male,35,Mumbai,2022-10-19,Maharashtra,Regular
13141,Customer 13141,Female,63,Noida,2025-03-28,Uttar Pradesh,Regular
13142,Customer 13142,Female,19,Pune,2023-05-06,Maharashtra,VIP
13143,Customer 13143,Male,19,Noida,2024-01-31,Uttar Pradesh,Regular
13144,Customer 13144,Female,20,Ahmedabad,2023-09-26,Gujarat,New
13145,Customer 13145,Male,46,Hyderabad,2025-06-14,Telangana,New
13146,Customer 13146,Female,25,Mysuru,2022-05-05,Karnataka,Regular
13147,Customer 13147,Female,28,Ahmedabad,2023-08-27,Gujarat,Regular
13148,Customer 13148,Female,29,Kolkata,2024-07-26,West Bengal,New
13149,Customer 13149,Male,49,Coimbatore,2025-02-02,Tamil Nadu,New
13150,Customer 13150,Male,21,Pune,2024-12-01,Maharashtra,Regular
13151,Customer 13151,Female,26,Hyderabad,2023-05-06,Telangana,Regular
13152,Customer 13152,Male,41,Kolkata,2023-07-19,West Bengal,New
13153,Customer 13153,Male,33,Chennai,2022-06-17,Tamil Nadu,Regular
13154,Customer 13154,Female,34,Hyderabad,2024-01-29,Telangana,VIP
13155,Customer 13155,Male,64,Mumbai,2025-04-12,Maharashtra,VIP
13156,Customer 13156,Male,39,Mumbai,2025-03-19,Maharashtra,Loyal
13157,Customer 13157,Male,24,Ahmedabad,2022-09-06,Gujarat,Loyal
13158,Customer 13158,Male,27,Coimbatore,2022-06-29,Tamil Nadu,Regular
13159,Customer 13159,Female,46,Hyderabad,2025-02-17,Telangana,New
13160,Customer 13160,Female,53,Jaipur,2022-01-28,Rajasthan,Regular
13161,Customer 13161,Female,41,Nagpur,2022-04-27,Maharashtra,Regular
13162,Customer 13162,Female,63,Mysuru,2023-12-04,Karnataka,Loyal
13163,Customer 13163,Female,31,Ahmedabad,2023-10-19,Gujarat,Regular
13164,Customer 13164,Female,31,Mumbai,2024-04-11,Maharashtra,Regular
13165,Customer 13165,Male,42,Coimbatore,2022-09-19,Tamil Nadu,Regular
13166,Customer 13166,Female,63,Mysuru,2023-09-18,Karnataka,Regular
13167,Customer 13167,Male,39,Hyderabad,2024-02-24,Telangana,Regular
13168,Customer 13168,Female,64,Jaipur,2024-11-27,Rajasthan,Regular
13169,Customer 13169,Female,40,Hyderabad,2022-07-16,Telangana,VIP
13170,Customer 13170,Male,49,Delhi,2023-11-15,Delhi,Regular
13171,Customer 13171,Female,43,Coimbatore,2024-05-23,Tamil Nadu,Regular
13172,Customer 13172,Male,44,Kolkata,2022-11-29,West Bengal,Regular
13173,Customer 13173,Female,62,Mumbai,2023-12-21,Maharashtra,Regular
13174,Customer 13174,Male,29,Jaipur,2025-03-27,Rajasthan,Regular
13175,Customer 13175,Female,36,Nagpur,2025-03-29,Maharashtra,Regular
13176,Customer 13176,Male,36,Hyderabad,2022-03-20,Telangana,Regular
13177,Customer 13177,Male,51,Nagpur,2022-07-16,Maharashtra,New
13178,Customer 13178,Male,49,Hyderabad,2025-02-17,Telangana,Regular
13179,Customer 13179,Male,46,Mumbai,2022-08-14,Maharashtra,Regular
13180,Customer 13180,Male,38,Mysuru,2023-08-18,Karnataka,Loyal
13181,Customer 13181,Female,52,Bengaluru,2024-07-01,Karnataka,New
13182,Customer 13182,Male,59,Mysuru,2024-01-05,Karnataka,New
13183,Customer 13183,Male,22,Hyderabad,2024-07-07,Telangana,Loyal
13184,Customer 13184,Male,29,Noida,2023-06-21,Uttar Pradesh,New
13185,Customer 13185,Female,24,Kochi,2022-08-08,Kerala,New
13186,Customer 13186,Female,58,Bengaluru,2022-10-20,Karnataka,New
13187,Customer 13187,Female,19,Kolkata,2025-05-12,West Bengal,Loyal
13188,Customer 13188,Female,42,Bengaluru,2022-07-21,Karnataka,Loyal
13189,Customer 13189,Male,27,Nagpur,2022-02-01,Maharashtra,Regular
13190,Customer 13190,Male,55,Coimbatore,2025-01-17,Tamil Nadu,Loyal
13191,Customer 13191,Male,61,Nagpur,2025-05-10,Maharashtra,Regular
13192,Customer 13192,Female,23,Ahmedabad,2023-12-17,Gujarat,Loyal
13193,Customer 13193,Other,44,Nagpur,2024-01-23,Maharashtra,New
13194,Customer 13194,Female,52,Kolkata,2024-10-13,West Bengal,Loyal
13195,Customer 13195,Male,27,Noida,2022-04-25,Uttar Pradesh,New
13196,Customer 13196,Male,26,Mysuru,2023-12-23,Karnataka,Regular
13197,Customer 13197,Male,37,Mysuru,2025-05-30,Karnataka,New
13198,Customer 13198,Female,54,Kochi,2022-07-01,Kerala,Loyal
13199,Customer 13199,Male,52,Chennai,2024-02-10,Tamil Nadu,Loyal
13200,Customer 13200,Female,54,Hyderabad,2023-04-14,Telangana,Regular
13201,Customer 13201,Male,57,Noida,2023-03-02,Uttar Pradesh,Loyal
13202,Customer 13202,Female,25,Chennai,2024-04-13,Tamil Nadu,Regular
13203,Customer 13203,Female,63,Ahmedabad,2024-12-19,Gujarat,Loyal
13204,Customer 13204,Female,48,Mumbai,2023-04-30,Maharashtra,Regular
13205,Customer 13205,Female,60,Hyderabad,2022-01-11,Telangana,Regular
13206,Customer 13206,Female,33,Hyderabad,2022-02-11,Telangana,New
13207,Customer 13207,Female,45,Delhi,2022-05-03,Delhi,Regular
13208,Customer 13208,Female,23,Delhi,2023-12-02,Delhi,Loyal
13209,Customer 13209,Female,49,Pune,2022-09-09,Maharashtra,Loyal
13210,Customer 13210,Other,45,Pune,2024-08-30,Maharashtra,Loyal
13211,Customer 13211,Female,28,Nagpur,2023-08-27,Maharashtra,Regular
13212,Customer 13212,Female,59,Mumbai,2022-08-01,Maharashtra,Loyal
13213,Customer 13213,Female,40,Bengaluru,2022-09-25,Karnataka,Regular
13214,Customer 13214,Male,47,Kochi,2024-10-02,Kerala,VIP
13215,Customer 13215,Male,26,Bengaluru,2023-12-08,Karnataka,Regular
13216,Customer 13216,Male,45,Kochi,2023-06-24,Kerala,Regular
13217,Customer 13217,Female,41,Delhi,2023-12-07,Delhi,Loyal
13218,Customer 13218,Female,45,Delhi,2024-10-07,Delhi,Loyal
13219,Customer 13219,Male,41,Delhi,2023-09-11,Delhi,Regular
13220,Customer 13220,Female,32,Noida,2025-03-04,Uttar Pradesh,Regular
13221,Customer 13221,Female,56,Coimbatore,2023-05-13,Tamil Nadu,Regular
13222,Customer 13222,Male,50,Kochi,2024-10-17,Kerala,Regular
13223,Customer 13223,Female,64,Pune,2024-02-21,Maharashtra,Loyal
13224,Customer 13224,Female,51,Noida,2022-05-06,Uttar Pradesh,VIP
13225,Customer 13225,Male,39,Mysuru,2024-04-20,Karnataka,New
13226,Customer 13226,Female,46,Bengaluru,2024-09-09,Karnataka,Regular
13227,Customer 13227,Female,51,Ahmedabad,2022-01-12,Gujarat,Loyal
13228,Customer 13228,Male,59,Kolkata,2023-05-31,West Bengal,New
13229,Customer 13229,Male,64,Hyderabad,2022-11-12,Telangana,Regular
13230,Customer 13230,Other,27,Pune,2024-10-28,Maharashtra,Loyal
13231,Customer 13231,Male,62,Chennai,2025-02-21,Tamil Nadu,Loyal
13232,Customer 13232,Male,47,Jaipur,2022-11-10,Rajasthan,Regular
13233,Customer 13233,Male,28,Mysuru,2025-04-23,Karnataka,New
13234,Customer 13234,Female,51,Ahmedabad,2023-07-01,Gujarat,New
13235,Customer 13235,Female,38,Pune,2022-02-08,Maharashtra,Regular
13236,Customer 13236,Female,30,Kolkata,2025-01-12,West Bengal,New
13237,Customer 13237,Male,42,Noida,2024-11-10,Uttar Pradesh,New
13238,Customer 13238,Female,38,Mumbai,2022-09-10,Maharashtra,Loyal
13239,Customer 13239,Male,18,Hyderabad,2022-10-30,Telangana,Loyal
13240,Customer 13240,Male,22,Pune,2024-09-05,Maharashtra,Loyal
13241,Customer 13241,Male,39,Coimbatore,2022-09-15,Tamil Nadu,New
13242,Customer 13242,Male,24,Delhi,2024-09-26,Delhi,New
13243,Customer 13243,Female,30,Delhi,2023-06-26,Delhi,Loyal
13244,Customer 13244,Female,62,Hyderabad,2023-10-02,Telangana,Loyal
13245,Customer 13245,Male,40,Kolkata,2023-07-06,West Bengal,Loyal
13246,Customer 13246,Female,38,Kochi,2023-04-06,Kerala,VIP
13247,Customer 13247,Female,23,Ahmedabad,2022-08-12,Gujarat,Loyal
13248,Customer 13248,Female,37,Noida,2022-04-02,Uttar Pradesh,Regular
13249,Customer 13249,Male,29,Delhi,2022-10-07,Delhi,Regular
13250,Customer 13250,Female,57,Pune,2025-04-08,Maharashtra,Regular
13251,Customer 13251,Male,26,Chennai,2022-09-05,Tamil Nadu,Regular
13252,Customer 13252,Female,45,Bengaluru,2024-05-15,Karnataka,Regular
13253,Customer 13253,Male,28,Kochi,2022-03-19,Kerala,Loyal
13254,Customer 13254,Female,49,Bengaluru,2023-04-03,Karnataka,New
13255,Customer 13255,Male,28,Mysuru,2023-08-09,Karnataka,Loyal
13256,Customer 13256,Male,41,Ahmedabad,2024-11-03,Gujarat,New
13257,Customer 13257,Female,32,Nagpur,2022-02-14,Maharashtra,Regular
13258,Customer 13258,Female,58,Kochi,2022-02-07,Kerala,Loyal
13259,Customer 13259,Female,52,Mumbai,2023-02-20,Maharashtra,New
13260,Customer 13260,Female,34,Hyderabad,2022-09-02,Telangana,Regular
13261,Customer 13261,Male,42,Mysuru,2024-12-21,Karnataka,New
13262,Customer 13262,Female,52,Nagpur,2023-05-08,Maharashtra,Loyal
13263,Customer 13263,Male,36,Noida,2022-11-19,Uttar Pradesh,Loyal
13264,Customer 13264,Male,58,Kochi,2025-06-29,Kerala,VIP
13265,Customer 13265,Female,48,Coimbatore,2023-04-13,Tamil Nadu,Loyal
13266,Customer 13266,Female,34,Coimbatore,2024-12-20,Tamil Nadu,Loyal
13267,Customer 13267,Female,40,Mumbai,2025-02-16,Maharashtra,New
13268,Customer 13268,Female,64,Ahmedabad,2022-03-28,Gujarat,Regular
13269,Customer 13269,Female,18,Delhi,2022-03-21,Delhi,Regular
13270,Customer 13270,Male,27,Pune,2022-08-16,Maharashtra,Regular
13271,Customer 13271,Male,25,Mysuru,2023-04-28,Karnataka,Loyal
13272,Customer 13272,Female,59,Jaipur,2023-09-15,Rajasthan,Regular
13273,Customer 13273,Male,43,Kochi,2024-08-05,Kerala,New
13274,Customer 13274,Male,51,Mysuru,2023-04-30,Karnataka,Regular
13275,Customer 13275,Male,36,Kochi,2024-04-19,Kerala,New
13276,Customer 13276,Female,31,Hyderabad,2022-01-25,Telangana,Loyal
13277,Customer 13277,Male,25,Kochi,2025-05-10,Kerala,Regular
13278,Customer 13278,Female,18,Hyderabad,2025-06-02,Telangana,Loyal
13279,Customer 13279,Female,42,Kochi,2024-02-18,Kerala,New
13280,Customer 13280,Male,41,Coimbatore,2024-07-19,Tamil Nadu,VIP
13281,Customer 13281,Female,64,Coimbatore,2024-03-05,Tamil Nadu,New
13282,Customer 13282,Female,37,Ahmedabad,2024-01-23,Gujarat,Regular
13283,Customer 13283,Female,47,Kolkata,2025-04-21,West Bengal,Loyal
13284,Customer 13284,Female,22,Chennai,2025-01-05,Tamil Nadu,New
13285,Customer 13285,Male,20,Chennai,2023-03-02,Tamil Nadu,New
13286,Customer 13286,Female,49,Kolkata,2024-12-26,West Bengal,New
13287,Customer 13287,Male,34,Delhi,2023-10-22,Delhi,Regular
13288,Customer 13288,Female,59,Chennai,2023-11-16,Tamil Nadu,Loyal
13289,Customer 13289,Female,22,Ahmedabad,2023-07-01,Gujarat,Regular
13290,Customer 13290,Female,28,Jaipur,2025-01-05,Rajasthan,Regular
13291,Customer 13291,Male,55,Jaipur,2024-07-04,Rajasthan,Regular
13292,Customer 13292,Male,21,Pune,2022-02-24,Maharashtra,New
13293,Customer 13293,Male,56,Pune,2025-06-24,Maharashtra,New
13294,Customer 13294,Male,36,Jaipur,2022-11-10,Rajasthan,Loyal
13295,Customer 13295,Male,56,Mysuru,2022-08-08,Karnataka,New
13296,Customer 13296,Female,63,Bengaluru,2025-05-24,Karnataka,VIP
13297,Customer 13297,Male,40,Kolkata,2022-02-18,West Bengal,New
13298,Customer 13298,Female,34,Pune,2023-04-08,Maharashtra,Loyal
13299,Customer 13299,Male,30,Nagpur,2022-04-28,Maharashtra,VIP
13300,Customer 13300,Female,44,Coimbatore,2022-03-23,Tamil Nadu,Regular
13301,Customer 13301,Female,18,Hyderabad,2023-05-11,Telangana,Loyal
13302,Customer 13302,Female,19,Ahmedabad,2023-09-26,Gujarat,Regular
13303,Customer 13303,Female,35,Jaipur,2024-04-16,Rajasthan,Regular
13304,Customer 13304,Male,53,Chennai,2023-08-25,Tamil Nadu,Regular
13305,Customer 13305,Female,62,Kolkata,2024-02-09,West Bengal,Loyal
13306,Customer 13306,Male,50,Mysuru,2023-11-04,Karnataka,Regular
13307,Customer 13307,Male,53,Jaipur,2022-06-25,Rajasthan,Regular
13308,Customer 13308,Female,19,Mumbai,2024-03-15,Maharashtra,VIP
13309,Customer 13309,Female,21,Hyderabad,2025-01-17,Telangana,Regular
13310,Customer 13310,Female,33,Nagpur,2023-10-01,Maharashtra,Regular
13311,Customer 13311,Male,21,Chennai,2022-10-24,Tamil Nadu,VIP
13312,Customer 13312,Male,26,Nagpur,2023-04-20,Maharashtra,Regular
13313,Customer 13313,Male,38,Coimbatore,2023-06-20,Tamil Nadu,Regular
13314,Customer 13314,Male,40,Jaipur,2024-11-26,Rajasthan,Loyal
13315,Customer 13315,Male,19,Kochi,2025-04-19,Kerala,Regular
13316,Customer 13316,Male,20,Coimbatore,2022-01-25,Tamil Nadu,Regular
13317,Customer 13317,Male,40,Ahmedabad,2022-12-15,Gujarat,Regular
13318,Customer 13318,Female,43,Delhi,2023-09-29,Delhi,Loyal
13319,Customer 13319,Male,64,Mysuru,2022-08-15,Karnataka,New
13320,Customer 13320,Female,24,Hyderabad,2022-02-07,Telangana,Regular
13321,Customer 13321,Male,53,Noida,2023-07-24,Uttar Pradesh,Regular
13322,Customer 13322,Female,61,Noida,2022-08-24,Uttar Pradesh,Regular
13323,Customer 13323,Male,50,Hyderabad,2025-04-19,Telangana,Loyal
13324,Customer 13324,Male,53,Mumbai,2022-04-24,Maharashtra,Regular
13325,Customer 13325,Female,21,Ahmedabad,2022-11-02,Gujarat,Regular
13326,Customer 13326,Male,40,Mysuru,2022-05-12,Karnataka,Regular
13327,Customer 13327,Female,42,Nagpur,2022-12-14,Maharashtra,Regular
13328,Customer 13328,Male,58,Mumbai,2025-04-18,Maharashtra,Regular
13329,Customer 13329,Other,43,Bengaluru,2023-02-19,Karnataka,New
13330,Customer 13330,Male,45,Hyderabad,2024-09-09,Telangana,New
13331,Customer 13331,Male,45,Nagpur,2024-01-02,Maharashtra,Regular
13332,Customer 13332,Female,38,Noida,2023-10-16,Uttar Pradesh,Loyal
13333,Customer 13333,Male,27,Pune,2023-01-20,Maharashtra,New
13334,Customer 13334,Female,44,Kolkata,2023-05-27,West Bengal,Regular
13335,Customer 13335,Male,32,Delhi,2024-12-02,Delhi,VIP
13336,Customer 13336,Female,34,Noida,2025-02-15,Uttar Pradesh,New
13337,Customer 13337,Male,56,Mysuru,2022-03-02,Karnataka,Regular
13338,Customer 13338,Female,52,Kochi,2023-07-07,Kerala,Loyal
13339,Customer 13339,Female,22,Coimbatore,2022-07-07,Tamil Nadu,New
13340,Customer 13340,Male,33,Kolkata,2023-03-29,West Bengal,Loyal
13341,Customer 13341,Male,40,Kolkata,2024-04-26,West Bengal,VIP
13342,Customer 13342,Male,56,Pune,2022-07-06,Maharashtra,New
13343,Customer 13343,Female,26,Delhi,2024-07-26,Delhi,Loyal
13344,Customer 13344,Male,50,Jaipur,2022-06-13,Rajasthan,Regular
13345,Customer 13345,Male,52,Delhi,2022-04-12,Delhi,New
13346,Customer 13346,Male,57,Bengaluru,2025-03-22,Karnataka,Regular
13347,Customer 13347,Male,41,Bengaluru,2023-11-22,Karnataka,New
13348,Customer 13348,Female,41,Chennai,2023-08-01,Tamil Nadu,Regular
13349,Customer 13349,Female,41,Noida,2023-09-03,Uttar Pradesh,New
13350,Customer 13350,Female,36,Noida,2023-06-20,Uttar Pradesh,Loyal
13351,Customer 13351,Female,56,Noida,2024-01-31,Uttar Pradesh,Regular
13352,Customer 13352,Female,42,Chennai,2024-06-14,Tamil Nadu,Regular
13353,Customer 13353,Male,48,Ahmedabad,2024-08-28,Gujarat,New
13354,Customer 13354,Male,55,Mumbai,2022-05-04,Maharashtra,Regular
13355,Customer 13355,Female,42,Kochi,2023-10-30,Kerala,New
13356,Customer 13356,Female,44,Kochi,2022-12-15,Kerala,Loyal
13357,Customer 13357,Female,49,Delhi,2022-09-06,Delhi,New
13358,Customer 13358,Male,28,Pune,2023-12-08,Maharashtra,Regular
13359,Customer 13359,Male,22,Mysuru,2023-12-14,Karnataka,Regular
13360,Customer 13360,Male,61,Delhi,2024-10-03,Delhi,Loyal
13361,Customer 13361,Female,50,Bengaluru,2022-09-04,Karnataka,Regular
13362,Customer 13362,Female,36,Kolkata,2023-04-26,West Bengal,Regular
13363,Customer 13363,Female,60,Nagpur,2022-04-08,Maharashtra,Loyal
13364,Customer 13364,Male,64,Coimbatore,2022-11-25,Tamil Nadu,Regular
13365,Customer 13365,Female,33,Chennai,2024-10-25,Tamil Nadu,Loyal
13366,Customer 13366,Male,52,Hyderabad,2023-04-04,Telangana,Loyal
13367,Customer 13367,Male,28,Nagpur,2024-03-06,Maharashtra,Regular
13368,Customer 13368,Female,28,Mysuru,2023-08-16,Karnataka,Loyal
13369,Customer 13369,Male,27,Noida,2023-05-13,Uttar Pradesh,Loyal
13370,Customer 13370,Male,51,Bengaluru,2022-03-28,Karnataka,Regular
13371,Customer 13371,Female,22,Jaipur,2023-02-06,Rajasthan,New
13372,Customer 13372,Female,40,Bengaluru,2022-07-16,Karnataka,Regular
13373,Customer 13373,Male,42,Bengaluru,2024-02-03,Karnataka,Regular
13374,Customer 13374,Female,46,Noida,2025-01-11,Uttar Pradesh,Regular
13375,Customer 13375,Male,57,Hyderabad,2022-01-27,Telangana,Regular
13376,Customer 13376,Female,30,Chennai,2022-05-15,Tamil Nadu,Regular
13377,Customer 13377,Female,64,Nagpur,2025-01-18,Maharashtra,Loyal
13378,Customer 13378,Female,49,Noida,2022-07-25,Uttar Pradesh,Loyal
13379,Customer 13379,Female,51,Mysuru,2024-11-16,Karnataka,New
13380,Customer 13380,Male,29,Chennai,2025-06-04,Tamil Nadu,New
13381,Customer 13381,Male,41,Mysuru,2023-08-26,Karnataka,Regular
13382,Customer 13382,Male,57,Chennai,2024-12-27,Tamil Nadu,Regular
13383,Customer 13383,Male,38,Hyderabad,2022-12-28,Telangana,Loyal
13384,Customer 13384,Female,46,Coimbatore,2023-10-20,Tamil Nadu,New
13385,Customer 13385,Male,40,Mysuru,2024-12-22,Karnataka,New
13386,Customer 13386,Male,50,Noida,2024-08-29,Uttar Pradesh,Regular
13387,Customer 13387,Male,25,Chennai,2024-09-06,Tamil Nadu,Regular
13388,Customer 13388,Female,59,Kochi,2024-07-29,Kerala,Regular
13389,Customer 13389,Male,30,Bengaluru,2024-06-26,Karnataka,Regular
13390,Customer 13390,Female,22,Ahmedabad,2022-09-03,Gujarat,New
13391,Customer 13391,Male,58,Delhi,2022-10-05,Delhi,New
13392,Customer 13392,Male,27,Jaipur,2022-12-13,Rajasthan,New
13393,Customer 13393,Male,31,Bengaluru,2023-01-07,Karnataka,Regular
13394,Customer 13394,Female,41,Mumbai,2024-03-19,Maharashtra,Loyal
13395,Customer 13395,Female,28,Coimbatore,2024-04-28,Tamil Nadu,Regular
13396,Customer 13396,Female,63,Coimbatore,2022-05-03,Tamil Nadu,New
13397,Customer 13397,Male,20,Bengaluru,2024-12-16,Karnataka,Loyal
13398,Customer 13398,Male,46,Jaipur,2022-06-09,Rajasthan,Loyal
13399,Customer 13399,Female,47,Kochi,2025-02-24,Kerala,New
13400,Customer 13400,Male,54,Nagpur,2024-01-07,Maharashtra,Regular
13401,Customer 13401,Female,24,Hyderabad,2023-06-02,Telangana,New
13402,Customer 13402,Female,34,Mysuru,2024-07-23,Karnataka,New
13403,Customer 13403,Male,37,Noida,2024-01-16,Uttar Pradesh,Regular
13404,Customer 13404,Female,28,Coimbatore,2022-10-15,Tamil Nadu,VIP
13405,Customer 13405,Male,61,Bengaluru,2023-02-24,Karnataka,Loyal
13406,Customer 13406,Male,42,Bengaluru,2022-05-20,Karnataka,VIP
13407,Customer 13407,Male,41,Hyderabad,2023-12-08,Telangana,Regular
13408,Customer 13408,Female,19,Kochi,2023-11-29,Kerala,Loyal
13409,Customer 13409,Male,44,Hyderabad,2024-09-13,Telangana,Regular
13410,Customer 13410,Female,36,Pune,2023-04-20,Maharashtra,New
13411,Customer 13411,Female,46,Kochi,2023-01-24,Kerala,Loyal
13412,Customer 13412,Female,54,Pune,2023-05-26,Maharashtra,Regular
13413,Customer 13413,Female,28,Nagpur,2023-06-22,Maharashtra,Regular
13414,Customer 13414,Male,36,Ahmedabad,2022-08-01,Gujarat,Loyal
13415,Customer 13415,Male,45,Ahmedabad,2024-06-15,Gujarat,Regular
13416,Customer 13416,Male,56,Nagpur,2024-11-27,Maharashtra,Regular
13417,Customer 13417,Female,38,Mumbai,2022-08-21,Maharashtra,Regular
13418,Customer 13418,Other,43,Kochi,2022-09-17,Kerala,Loyal
13419,Customer 13419,Female,39,Nagpur,2022-11-04,Maharashtra,Regular
13420,Customer 13420,Female,23,Chennai,2023-02-07,Tamil Nadu,Regular
13421,Customer 13421,Female,28,Hyderabad,2024-09-23,Telangana,New
13422,Customer 13422,Male,31,Jaipur,2024-01-20,Rajasthan,Loyal
13423,Customer 13423,Female,53,Ahmedabad,2025-02-03,Gujarat,Regular
13424,Customer 13424,Female,57,Kochi,2025-06-24,Kerala,New
13425,Customer 13425,Male,58,Noida,2022-10-31,Uttar Pradesh,Regular
13426,Customer 13426,Female,19,Chennai,2022-12-09,Tamil Nadu,Regular
13427,Customer 13427,Male,60,Mysuru,2024-11-27,Karnataka,Regular
13428,Customer 13428,Female,37,Bengaluru,2024-05-04,Karnataka,Regular
13429,Customer 13429,Female,39,Nagpur,2024-12-05,Maharashtra,Regular
13430,Customer 13430,Female,56,Jaipur,2025-05-28,Rajasthan,Loyal
13431,Customer 13431,Male,21,Bengaluru,2022-09-13,Karnataka,Loyal
13432,Customer 13432,Female,46,Kochi,2022-05-17,Kerala,New
13433,Customer 13433,Female,63,Coimbatore,2025-06-08,Tamil Nadu,Regular
13434,Customer 13434,Male,41,Mumbai,2024-03-28,Maharashtra,Regular
13435,Customer 13435,Female,18,Coimbatore,2024-08-30,Tamil Nadu,Regular
13436,Customer 13436,Female,41,Mumbai,2022-02-07,Maharashtra,New
13437,Customer 13437,Female,47,Pune,2025-03-24,Maharashtra,Regular
13438,Customer 13438,Male,29,Bengaluru,2022-04-15,Karnataka,New
13439,Customer 13439,Male,36,Mumbai,2022-09-12,Maharashtra,Regular
13440,Customer 13440,Female,54,Kolkata,2023-05-03,West Bengal,Regular
13441,Customer 13441,Male,57,Ahmedabad,2023-04-03,Gujarat,New
13442,Customer 13442,Male,60,Kolkata,2023-06-12,West Bengal,Regular
13443,Customer 13443,Female,21,Kolkata,2023-08-14,West Bengal,Regular
13444,Customer 13444,Female,32,Delhi,2023-06-09,Delhi,Loyal
13445,Customer 13445,Female,37,Ahmedabad,2023-01-05,Gujarat,New
13446,Customer 13446,Male,61,Chennai,2022-04-12,Tamil Nadu,Regular
13447,Customer 13447,Male,37,Jaipur,2024-07-04,Rajasthan,Loyal
13448,Customer 13448,Male,38,Mumbai,2023-10-26,Maharashtra,Loyal
13449,Customer 13449,Male,27,Mumbai,2023-11-21,Maharashtra,Loyal
13450,Customer 13450,Female,47,Chennai,2023-08-22,Tamil Nadu,Regular
13451,Customer 13451,Female,41,Bengaluru,2023-08-23,Karnataka,Loyal
13452,Customer 13452,Female,57,Bengaluru,2023-06-25,Karnataka,Loyal
13453,Customer 13453,Male,57,Kolkata,2023-01-24,West Bengal,Loyal
13454,Customer 13454,Female,55,Chennai,2022-12-29,Tamil Nadu,New
13455,Customer 13455,Male,20,Kochi,2024-07-19,Kerala,New
13456,Customer 13456,Male,46,Ahmedabad,2023-09-04,Gujarat,Loyal
13457,Customer 13457,Female,25,Kolkata,2025-02-12,West Bengal,VIP
13458,Customer 13458,Female,46,Coimbatore,2023-12-23,Tamil Nadu,Loyal
13459,Customer 13459,Female,27,Delhi,2022-12-09,Delhi,Loyal
13460,Customer 13460,Male,22,Noida,2025-01-02,Uttar Pradesh,Regular
13461,Customer 13461,Female,28,Mysuru,2022-05-15,Karnataka,Regular
13462,Customer 13462,Female,21,Delhi,2024-07-28,Delhi,Loyal
13463,Customer 13463,Female,52,Bengaluru,2024-09-04,Karnataka,Loyal
13464,Customer 13464,Male,57,Jaipur,2023-01-15,Rajasthan,Loyal
13465,Customer 13465,Female,29,Noida,2025-02-22,Uttar Pradesh,VIP
13466,Customer 13466,Female,38,Pune,2022-02-07,Maharashtra,Regular
13467,Customer 13467,Female,33,Nagpur,2024-02-20,Maharashtra,New
13468,Customer 13468,Male,31,Jaipur,2022-11-06,Rajasthan,Loyal
13469,Customer 13469,Male,38,Kolkata,2022-04-16,West Bengal,New
13470,Customer 13470,Male,44,Mumbai,2023-07-10,Maharashtra,Loyal
13471,Customer 13471,Male,53,Kochi,2025-06-02,Kerala,Loyal
13472,Customer 13472,Female,18,Kochi,2025-06-19,Kerala,Regular
13473,Customer 13473,Male,18,Chennai,2023-02-01,Tamil Nadu,Loyal
13474,Customer 13474,Male,39,Jaipur,2022-06-02,Rajasthan,Regular
13475,Customer 13475,Male,32,Chennai,2023-06-20,Tamil Nadu,Loyal
13476,Customer 13476,Male,37,Mumbai,2024-09-22,Maharashtra,New
13477,Customer 13477,Male,20,Kolkata,2024-08-23,West Bengal,Loyal
13478,Customer 13478,Female,31,Jaipur,2025-03-15,Rajasthan,Loyal
13479,Customer 13479,Female,26,Nagpur,2025-04-29,Maharashtra,Regular
13480,Customer 13480,Male,36,Mysuru,2024-06-11,Karnataka,Loyal
13481,Customer 13481,Male,57,Nagpur,2023-08-06,Maharashtra,Loyal
13482,Customer 13482,Male,51,Noida,2022-07-20,Uttar Pradesh,Loyal
13483,Customer 13483,Male,21,Nagpur,2022-01-12,Maharashtra,VIP
13484,Customer 13484,Female,50,Kochi,2024-12-11,Kerala,Regular
13485,Customer 13485,Female,60,Noida,2024-02-07,Uttar Pradesh,Regular
13486,Customer 13486,Female,54,Nagpur,2024-07-08,Maharashtra,Regular
13487,Customer 13487,Female,19,Mysuru,2023-06-05,Karnataka,VIP
13488,Customer 13488,Male,44,Jaipur,2025-03-09,Rajasthan,New
13489,Customer 13489,Female,62,Mysuru,2022-04-10,Karnataka,Regular
13490,Customer 13490,Female,34,Bengaluru,2025-03-06,Karnataka,Regular
13491,Customer 13491,Female,48,Mumbai,2024-05-20,Maharashtra,Regular
13492,Customer 13492,Male,58,Mysuru,2023-01-01,Karnataka,Loyal
13493,Customer 13493,Female,23,Noida,2023-10-19,Uttar Pradesh,Regular
13494,Customer 13494,Female,48,Mysuru,2022-06-10,Karnataka,Loyal
13495,Customer 13495,Female,20,Bengaluru,2024-01-31,Karnataka,Regular
13496,Customer 13496,Male,57,Chennai,2022-06-24,Tamil Nadu,Loyal
13497,Customer 13497,Female,20,Noida,2025-01-16,Uttar Pradesh,Regular
13498,Customer 13498,Female,50,Bengaluru,2023-06-29,Karnataka,Regular
13499,Customer 13499,Female,30,Kochi,2023-04-22,Kerala,Regular
13500,Customer 13500,Female,38,Coimbatore,2022-10-10,Tamil Nadu,Regular
13501,Customer 13501,Female,54,Coimbatore,2024-08-14,Tamil Nadu,Regular
13502,Customer 13502,Male,33,Pune,2023-03-28,Maharashtra,Regular
13503,Customer 13503,Female,38,Nagpur,2022-03-23,Maharashtra,New
13504,Customer 13504,Male,61,Mumbai,2025-05-21,Maharashtra,Regular
13505,Customer 13505,Female,30,Hyderabad,2024-03-26,Telangana,Regular
13506,Customer 13506,Male,21,Delhi,2023-06-04,Delhi,Regular
13507,Customer 13507,Female,48,Bengaluru,2022-05-14,Karnataka,Loyal
13508,Customer 13508,Female,26,Chennai,2023-03-23,Tamil Nadu,VIP
13509,Customer 13509,Female,50,Delhi,2022-04-28,Delhi,Regular
13510,Customer 13510,Female,54,Chennai,2025-06-20,Tamil Nadu,Regular
13511,Customer 13511,Female,54,Kochi,2024-01-19,Kerala,New
13512,Customer 13512,Female,41,Ahmedabad,2025-03-19,Gujarat,Regular
13513,Customer 13513,Male,42,Ahmedabad,2023-10-08,Gujarat,Loyal
13514,Customer 13514,Male,58,Ahmedabad,2023-01-14,Gujarat,Regular
13515,Customer 13515,Male,46,Delhi,2023-08-31,Delhi,New
13516,Customer 13516,Male,57,Bengaluru,2024-08-23,Karnataka,Regular
13517,Customer 13517,Female,64,Hyderabad,2023-06-09,Telangana,Loyal
13518,Customer 13518,Female,53,Delhi,2025-02-14,Delhi,Regular
13519,Customer 13519,Female,32,Bengaluru,2023-07-30,Karnataka,VIP
13520,Customer 13520,Male,62,Mysuru,2024-07-25,Karnataka,Loyal
13521,Customer 13521,Male,35,Kochi,2023-10-24,Kerala,New
13522,Customer 13522,Female,37,Hyderabad,2024-05-25,Telangana,New
13523,Customer 13523,Female,22,Ahmedabad,2022-01-12,Gujarat,Regular
13524,Customer 13524,Male,35,Noida,2025-01-18,Uttar Pradesh,Regular
13525,Customer 13525,Female,57,Kochi,2023-01-23,Kerala,Regular
13526,Customer 13526,Female,18,Chennai,2022-03-24,Tamil Nadu,New
13527,Customer 13527,Male,36,Ahmedabad,2024-09-02,Gujarat,New
13528,Customer 13528,Female,40,Coimbatore,2023-01-31,Tamil Nadu,New
13529,Customer 13529,Male,43,Nagpur,2023-06-29,Maharashtra,Loyal
13530,Customer 13530,Female,46,Coimbatore,2023-10-23,Tamil Nadu,VIP
13531,Customer 13531,Male,51,Ahmedabad,2023-10-02,Gujarat,New
13532,Customer 13532,Male,36,Kochi,2022-04-10,Kerala,Regular
13533,Customer 13533,Female,35,Hyderabad,2023-04-02,Telangana,New
13534,Customer 13534,Male,19,Noida,2024-05-23,Uttar Pradesh,Loyal
13535,Customer 13535,Female,44,Chennai,2022-11-24,Tamil Nadu,VIP
13536,Customer 13536,Male,23,Noida,2023-12-25,Uttar Pradesh,Regular
13537,Customer 13537,Male,56,Delhi,2022-03-15,Delhi,Regular
13538,Customer 13538,Male,23,Jaipur,2025-01-24,Rajasthan,Regular
13539,Customer 13539,Female,23,Chennai,2022-04-02,Tamil Nadu,Regular
13540,Customer 13540,Female,48,Ahmedabad,2022-11-26,Gujarat,Loyal
13541,Customer 13541,Male,58,Delhi,2022-06-24,Delhi,Regular
13542,Customer 13542,Female,57,Jaipur,2022-11-11,Rajasthan,VIP
13543,Customer 13543,Female,47,Bengaluru,2023-05-12,Karnataka,New
13544,Customer 13544,Female,38,Hyderabad,2023-03-04,Telangana,Loyal
13545,Customer 13545,Female,58,Kolkata,2022-02-04,West Bengal,Regular
13546,Customer 13546,Female,61,Bengaluru,2022-04-29,Karnataka,Regular
13547,Customer 13547,Male,35,Pune,2024-07-13,Maharashtra,Loyal
13548,Customer 13548,Male,40,Noida,2024-04-07,Uttar Pradesh,Loyal
13549,Customer 13549,Male,55,Kolkata,2025-02-02,West Bengal,Loyal
13550,Customer 13550,Male,40,Delhi,2023-01-25,Delhi,Loyal
13551,Customer 13551,Male,45,Mysuru,2022-06-25,Karnataka,Loyal
13552,Customer 13552,Female,53,Bengaluru,2022-04-16,Karnataka,Regular
13553,Customer 13553,Male,42,Pune,2023-08-15,Maharashtra,Loyal
13554,Customer 13554,Male,24,Mumbai,2025-04-01,Maharashtra,Loyal
13555,Customer 13555,Female,35,Kolkata,2024-07-02,West Bengal,Regular
13556,Customer 13556,Male,37,Coimbatore,2024-08-12,Tamil Nadu,Regular
13557,Customer 13557,Male,22,Chennai,2024-08-10,Tamil Nadu,Loyal
13558,Customer 13558,Male,35,Pune,2024-05-10,Maharashtra,Loyal
13559,Customer 13559,Female,59,Hyderabad,2022-05-07,Telangana,Regular
13560,Customer 13560,Male,57,Kolkata,2025-06-23,West Bengal,Loyal
13561,Customer 13561,Male,50,Bengaluru,2024-04-03,Karnataka,Loyal
13562,Customer 13562,Female,32,Hyderabad,2022-08-22,Telangana,Regular
13563,Customer 13563,Female,52,Coimbatore,2023-10-29,Tamil Nadu,Loyal
13564,Customer 13564,Female,64,Mysuru,2024-07-19,Karnataka,New
13565,Customer 13565,Female,63,Noida,2022-05-17,Uttar Pradesh,New
13566,Customer 13566,Male,18,Noida,2023-07-10,Uttar Pradesh,Regular
13567,Customer 13567,Male,38,Ahmedabad,2024-01-29,Gujarat,Loyal
13568,Customer 13568,Male,25,Hyderabad,2025-03-18,Telangana,New
13569,Customer 13569,Male,24,Kochi,2022-02-25,Kerala,Loyal
13570,Customer 13570,Male,58,Delhi,2022-12-22,Delhi,Regular
13571,Customer 13571,Male,61,Mysuru,2024-07-11,Karnataka,Loyal
13572,Customer 13572,Female,57,Noida,2024-03-23,Uttar Pradesh,Loyal
13573,Customer 13573,Female,57,Mysuru,2024-12-22,Karnataka,Loyal
13574,Customer 13574,Male,47,Pune,2024-12-22,Maharashtra,Loyal
13575,Customer 13575,Female,55,Mysuru,2024-03-16,Karnataka,Loyal
13576,Customer 13576,Male,52,Nagpur,2024-11-18,Maharashtra,New
13577,Customer 13577,Male,19,Coimbatore,2023-08-23,Tamil Nadu,Regular
13578,Customer 13578,Female,63,Noida,2023-07-22,Uttar Pradesh,Regular
13579,Customer 13579,Male,25,Mysuru,2023-12-06,Karnataka,Loyal
13580,Customer 13580,Male,55,Hyderabad,2023-09-04,Telangana,New
13581,Customer 13581,Male,21,Mumbai,2025-05-23,Maharashtra,New
13582,Customer 13582,Female,54,Nagpur,2022-05-21,Maharashtra,Loyal
13583,Customer 13583,Female,38,Nagpur,2023-07-15,Maharashtra,Loyal
13584,Customer 13584,Male,30,Delhi,2023-05-14,Delhi,Loyal
13585,Customer 13585,Female,26,Mysuru,2023-09-19,Karnataka,New
13586,Customer 13586,Female,62,Ahmedabad,2023-05-17,Gujarat,Regular
13587,Customer 13587,Female,46,Delhi,2024-01-11,Delhi,Regular
13588,Customer 13588,Female,58,Jaipur,2024-02-03,Rajasthan,New
13589,Customer 13589,Male,41,Delhi,2025-04-29,Delhi,Regular
13590,Customer 13590,Male,33,Mumbai,2023-11-06,Maharashtra,Regular
13591,Customer 13591,Female,29,Pune,2022-02-18,Maharashtra,New
13592,Customer 13592,Female,19,Mysuru,2023-09-19,Karnataka,Regular
13593,Customer 13593,Female,36,Bengaluru,2023-11-11,Karnataka,Regular
13594,Customer 13594,Female,47,Noida,2022-10-04,Uttar Pradesh,New
13595,Customer 13595,Female,33,Delhi,2022-02-16,Delhi,Loyal
13596,Customer 13596,Female,41,Coimbatore,2024-07-14,Tamil Nadu,Loyal
13597,Customer 13597,Female,30,Chennai,2022-08-04,Tamil Nadu,Loyal
13598,Customer 13598,Female,22,Coimbatore,2022-08-18,Tamil Nadu,Regular
13599,Customer 13599,Female,40,Mumbai,2022-11-19,Maharashtra,VIP
13600,Customer 13600,Male,55,Mumbai,2022-08-13,Maharashtra,Loyal
13601,Customer 13601,Male,48,Hyderabad,2022-02-15,Telangana,Regular
13602,Customer 13602,Female,34,Jaipur,2024-11-03,Rajasthan,Regular
13603,Customer 13603,Female,20,Jaipur,2023-09-25,Rajasthan,New
13604,Customer 13604,Female,43,Pune,2023-01-10,Maharashtra,Loyal
13605,Customer 13605,Female,30,Ahmedabad,2023-12-04,Gujarat,Regular
13606,Customer 13606,Male,61,Noida,2024-09-13,Uttar Pradesh,VIP
13607,Customer 13607,Male,55,Kolkata,2022-11-29,West Bengal,Regular
13608,Customer 13608,Female,39,Delhi,2022-06-15,Delhi,VIP
13609,Customer 13609,Male,38,Coimbatore,2023-05-22,Tamil Nadu,Loyal
13610,Customer 13610,Male,46,Chennai,2022-04-27,Tamil Nadu,VIP
13611,Customer 13611,Male,62,Mumbai,2024-07-31,Maharashtra,Regular
13612,Customer 13612,Male,63,Mumbai,2023-09-28,Maharashtra,New
13613,Customer 13613,Female,56,Pune,2023-04-02,Maharashtra,Loyal
13614,Customer 13614,Male,22,Chennai,2024-05-18,Tamil Nadu,Loyal
13615,Customer 13615,Female,31,Kochi,2022-08-04,Kerala,Regular
13616,Customer 13616,Male,35,Chennai,2022-04-23,Tamil Nadu,Loyal
13617,Customer 13617,Female,21,Pune,2024-11-05,Maharashtra,Regular
13618,Customer 13618,Male,50,Mumbai,2022-08-04,Maharashtra,New
13619,Customer 13619,Female,56,Noida,2023-03-03,Uttar Pradesh,Regular
13620,Customer 13620,Female,37,Mysuru,2025-03-04,Karnataka,VIP
13621,Customer 13621,Male,30,Mysuru,2024-12-02,Karnataka,Regular
13622,Customer 13622,Female,53,Pune,2024-02-03,Maharashtra,Loyal
13623,Customer 13623,Female,62,Chennai,2022-10-11,Tamil Nadu,New
13624,Customer 13624,Male,21,Delhi,2024-04-13,Delhi,Loyal
13625,Customer 13625,Male,52,Pune,2025-01-26,Maharashtra,VIP
13626,Customer 13626,Female,25,Noida,2024-12-19,Uttar Pradesh,Regular
13627,Customer 13627,Female,57,Pune,2022-08-18,Maharashtra,Regular
13628,Customer 13628,Male,64,Nagpur,2023-01-20,Maharashtra,Regular
13629,Customer 13629,Male,53,Jaipur,2022-06-08,Rajasthan,Loyal
13630,Customer 13630,Female,23,Coimbatore,2024-04-03,Tamil Nadu,New
13631,Customer 13631,Female,39,Chennai,2023-04-16,Tamil Nadu,Regular
13632,Customer 13632,Female,23,Ahmedabad,2022-07-27,Gujarat,New
13633,Customer 13633,Male,59,Hyderabad,2022-06-23,Telangana,Regular
13634,Customer 13634,Female,53,Hyderabad,2025-01-09,Telangana,Regular
13635,Customer 13635,Male,26,Chennai,2024-11-07,Tamil Nadu,VIP
13636,Customer 13636,Male,33,Ahmedabad,2024-10-13,Gujarat,Regular
13637,Customer 13637,Female,56,Kolkata,2023-12-09,West Bengal,Regular
13638,Customer 13638,Female,63,Noida,2024-09-01,Uttar Pradesh,Loyal
13639,Customer 13639,Male,55,Nagpur,2023-02-01,Maharashtra,Regular
13640,Customer 13640,Male,50,Nagpur,2024-08-31,Maharashtra,Loyal
13641,Customer 13641,Female,35,Mumbai,2024-02-05,Maharashtra,Loyal
13642,Customer 13642,Female,29,Coimbatore,2025-03-11,Tamil Nadu,Regular
13643,Customer 13643,Female,44,Mysuru,2023-11-08,Karnataka,New
13644,Customer 13644,Female,64,Bengaluru,2023-06-01,Karnataka,Regular
13645,Customer 13645,Male,18,Noida,2025-06-28,Uttar Pradesh,Regular
13646,Customer 13646,Other,32,Bengaluru,2023-10-24,Karnataka,Regular
13647,Customer 13647,Female,64,Kochi,2025-06-14,Kerala,VIP
13648,Customer 13648,Female,44,Bengaluru,2025-03-01,Karnataka,Regular
13649,Customer 13649,Female,33,Chennai,2022-11-02,Tamil Nadu,Loyal
13650,Customer 13650,Female,38,Hyderabad,2022-12-24,Telangana,New
13651,Customer 13651,Male,18,Hyderabad,2025-04-01,Telangana,VIP
13652,Customer 13652,Male,46,Mysuru,2023-02-23,Karnataka,Loyal
13653,Customer 13653,Female,20,Chennai,2023-10-04,Tamil Nadu,Loyal
13654,Customer 13654,Male,29,Bengaluru,2023-05-22,Karnataka,Regular
13655,Customer 13655,Male,45,Ahmedabad,2022-11-08,Gujarat,Regular
13656,Customer 13656,Female,56,Kochi,2023-12-05,Kerala,Regular
13657,Customer 13657,Female,54,Kolkata,2022-09-02,West Bengal,Loyal
13658,Customer 13658,Male,48,Jaipur,2023-04-22,Rajasthan,Loyal
13659,Customer 13659,Female,48,Delhi,2023-09-07,Delhi,New
13660,Customer 13660,Female,50,Hyderabad,2023-03-12,Telangana,Loyal
13661,Customer 13661,Female,50,Noida,2022-09-07,Uttar Pradesh,VIP
13662,Customer 13662,Female,64,Ahmedabad,2024-11-11,Gujarat,Regular
13663,Customer 13663,Male,57,Noida,2023-04-22,Uttar Pradesh,New
13664,Customer 13664,Male,28,Mumbai,2023-05-26,Maharashtra,Loyal
13665,Customer 13665,Male,63,Pune,2024-02-13,Maharashtra,Regular
13666,Customer 13666,Female,46,Delhi,2024-07-12,Delhi,Loyal
13667,Customer 13667,Female,42,Hyderabad,2024-12-01,Telangana,Loyal
13668,Customer 13668,Female,30,Kochi,2022-03-15,Kerala,New
13669,Customer 13669,Female,61,Nagpur,2024-03-19,Maharashtra,Regular
13670,Customer 13670,Female,36,Hyderabad,2024-04-10,Telangana,Regular
13671,Customer 13671,Female,53,Ahmedabad,2024-11-11,Gujarat,VIP
13672,Customer 13672,Male,45,Mumbai,2022-08-08,Maharashtra,Regular
13673,Customer 13673,Male,21,Noida,2022-03-20,Uttar Pradesh,Regular
13674,Customer 13674,Female,20,Bengaluru,2022-08-23,Karnataka,Loyal
13675,Customer 13675,Male,55,Nagpur,2022-06-06,Maharashtra,New
13676,Customer 13676,Male,54,Chennai,2022-11-23,Tamil Nadu,Loyal
13677,Customer 13677,Female,60,Coimbatore,2025-02-11,Tamil Nadu,Regular
13678,Customer 13678,Male,42,Bengaluru,2023-10-04,Karnataka,Regular
13679,Customer 13679,Female,58,Coimbatore,2023-09-13,Tamil Nadu,Regular
13680,Customer 13680,Male,52,Delhi,2024-09-11,Delhi,Regular
13681,Customer 13681,Male,46,Kolkata,2024-11-09,West Bengal,VIP
13682,Customer 13682,Male,58,Pune,2025-05-17,Maharashtra,New
13683,Customer 13683,Female,46,Kolkata,2023-08-29,West Bengal,Regular
13684,Customer 13684,Male,29,Nagpur,2024-05-13,Maharashtra,Regular
13685,Customer 13685,Female,52,Mysuru,2024-01-19,Karnataka,Regular
13686,Customer 13686,Female,37,Nagpur,2025-03-29,Maharashtra,Regular
13687,Customer 13687,Female,34,Kolkata,2024-07-03,West Bengal,New
13688,Customer 13688,Male,29,Hyderabad,2024-06-17,Telangana,VIP
13689,Customer 13689,Male,53,Ahmedabad,2024-09-24,Gujarat,Regular
13690,Customer 13690,Female,27,Noida,2024-05-09,Uttar Pradesh,Regular
13691,Customer 13691,Female,35,Hyderabad,2023-07-27,Telangana,Regular
13692,Customer 13692,Other,47,Hyderabad,2022-02-07,Telangana,Regular
13693,Customer 13693,Male,25,Ahmedabad,2022-04-28,Gujarat,New
13694,Customer 13694,Female,58,Ahmedabad,2023-01-25,Gujarat,New
13695,Customer 13695,Male,30,Delhi,2023-11-11,Delhi,New
13696,Customer 13696,Male,48,Bengaluru,2023-01-12,Karnataka,New
13697,Customer 13697,Male,23,Mysuru,2024-04-28,Karnataka,Regular
13698,Customer 13698,Male,24,Mysuru,2023-01-11,Karnataka,Regular
13699,Customer 13699,Male,38,Hyderabad,2023-08-18,Telangana,Regular
13700,Customer 13700,Male,55,Coimbatore,2024-01-17,Tamil Nadu,New
13701,Customer 13701,Female,60,Delhi,2024-12-01,Delhi,Loyal
13702,Customer 13702,Male,45,Kochi,2023-04-03,Kerala,Loyal
13703,Customer 13703,Female,61,Hyderabad,2025-02-27,Telangana,VIP
13704,Customer 13704,Male,38,Pune,2024-11-17,Maharashtra,Regular
13705,Customer 13705,Male,38,Noida,2024-01-11,Uttar Pradesh,Loyal
13706,Customer 13706,Male,41,Ahmedabad,2023-09-21,Gujarat,New
13707,Customer 13707,Male,44,Bengaluru,2022-11-22,Karnataka,Loyal
13708,Customer 13708,Female,44,Chennai,2023-09-11,Tamil Nadu,New
13709,Customer 13709,Male,30,Ahmedabad,2022-11-21,Gujarat,Regular
13710,Customer 13710,Female,46,Pune,2025-03-29,Maharashtra,Regular
13711,Customer 13711,Male,56,Coimbatore,2023-05-31,Tamil Nadu,Regular
13712,Customer 13712,Female,45,Nagpur,2024-01-16,Maharashtra,Regular
13713,Customer 13713,Female,54,Jaipur,2022-09-05,Rajasthan,New
13714,Customer 13714,Male,46,Nagpur,2023-02-02,Maharashtra,Regular
13715,Customer 13715,Male,39,Kolkata,2023-08-05,West Bengal,Loyal
13716,Customer 13716,Male,53,Pune,2022-07-22,Maharashtra,Loyal
13717,Customer 13717,Female,47,Kolkata,2025-03-17,West Bengal,Regular
13718,Customer 13718,Male,45,Hyderabad,2022-08-09,Telangana,Regular
13719,Customer 13719,Female,40,Chennai,2024-05-16,Tamil Nadu,New
13720,Customer 13720,Female,50,Mumbai,2022-09-20,Maharashtra,Regular
13721,Customer 13721,Female,21,Ahmedabad,2022-10-23,Gujarat,Regular
13722,Customer 13722,Female,20,Mumbai,2024-10-16,Maharashtra,Regular
13723,Customer 13723,Female,49,Coimbatore,2022-10-19,Tamil Nadu,Loyal
13724,Customer 13724,Male,21,Hyderabad,2023-11-15,Telangana,Regular
13725,Customer 13725,Female,18,Mysuru,2024-05-25,Karnataka,New
13726,Customer 13726,Female,29,Ahmedabad,2024-11-20,Gujarat,Regular
13727,Customer 13727,Male,30,Kolkata,2024-12-03,West Bengal,New
13728,Customer 13728,Female,51,Mysuru,2023-07-09,Karnataka,Loyal
13729,Customer 13729,Male,46,Bengaluru,2025-03-03,Karnataka,New
13730,Customer 13730,Female,26,Kochi,2022-12-15,Kerala,Regular
13731,Customer 13731,Female,48,Chennai,2022-08-07,Tamil Nadu,Loyal
13732,Customer 13732,Male,24,Kochi,2024-10-19,Kerala,Regular
13733,Customer 13733,Female,30,Chennai,2023-03-26,Tamil Nadu,New
13734,Customer 13734,Male,19,Nagpur,2023-05-19,Maharashtra,Regular
13735,Customer 13735,Male,50,Delhi,2022-03-27,Delhi,New
13736,Customer 13736,Male,24,Ahmedabad,2025-06-28,Gujarat,Regular
13737,Customer 13737,Female,35,Kolkata,2023-06-07,West Bengal,Loyal
13738,Customer 13738,Male,25,Kochi,2025-01-08,Kerala,Regular
13739,Customer 13739,Male,29,Coimbatore,2023-04-06,Tamil Nadu,Regular
13740,Customer 13740,Female,60,Mumbai,2024-10-10,Maharashtra,Loyal
13741,Customer 13741,Male,47,Jaipur,2023-09-22,Rajasthan,Regular
13742,Customer 13742,Male,26,Coimbatore,2022-09-09,Tamil Nadu,VIP
13743,Customer 13743,Male,45,Mysuru,2022-01-18,Karnataka,New
13744,Customer 13744,Male,21,Mysuru,2025-06-22,Karnataka,Loyal
13745,Customer 13745,Male,56,Kochi,2025-03-22,Kerala,Loyal
13746,Customer 13746,Male,34,Jaipur,2023-05-15,Rajasthan,Loyal
13747,Customer 13747,Female,28,Pune,2023-04-03,Maharashtra,New
13748,Customer 13748,Female,19,Bengaluru,2022-04-25,Karnataka,Regular
13749,Customer 13749,Male,40,Ahmedabad,2024-01-23,Gujarat,New
13750,Customer 13750,Male,39,Chennai,2024-02-08,Tamil Nadu,VIP
13751,Customer 13751,Male,43,Noida,2023-03-23,Uttar Pradesh,Regular
13752,Customer 13752,Female,29,Kolkata,2022-12-19,West Bengal,Loyal
13753,Customer 13753,Male,49,Coimbatore,2023-09-17,Tamil Nadu,Regular
13754,Customer 13754,Male,26,Kolkata,2023-06-25,West Bengal,New
13755,Customer 13755,Female,60,Mysuru,2022-11-18,Karnataka,Regular
13756,Customer 13756,Male,22,Delhi,2022-08-14,Delhi,Regular
13757,Customer 13757,Male,43,Nagpur,2022-12-27,Maharashtra,Loyal
13758,Customer 13758,Female,24,Mumbai,2024-04-13,Maharashtra,Regular
13759,Customer 13759,Female,46,Bengaluru,2022-04-22,Karnataka,Loyal
13760,Customer 13760,Male,50,Delhi,2022-07-31,Delhi,Regular
13761,Customer 13761,Female,41,Bengaluru,2025-06-10,Karnataka,Loyal
13762,Customer 13762,Male,42,Pune,2024-08-05,Maharashtra,Loyal
13763,Customer 13763,Female,48,Noida,2022-06-08,Uttar Pradesh,Regular
13764,Customer 13764,Male,46,Kochi,2023-07-26,Kerala,New
13765,Customer 13765,Female,22,Kochi,2025-01-21,Kerala,Regular
13766,Customer 13766,Female,55,Mysuru,2025-06-25,Karnataka,New
13767,Customer 13767,Female,62,Nagpur,2023-11-01,Maharashtra,Loyal
13768,Customer 13768,Female,28,Jaipur,2025-03-10,Rajasthan,VIP
13769,Customer 13769,Female,49,Ahmedabad,2024-06-29,Gujarat,Loyal
13770,Customer 13770,Male,25,Jaipur,2024-10-19,Rajasthan,Loyal
13771,Customer 13771,Male,37,Delhi,2023-02-08,Delhi,Regular
13772,Customer 13772,Female,51,Bengaluru,2023-02-08,Karnataka,New
13773,Customer 13773,Female,64,Chennai,2023-08-24,Tamil Nadu,Loyal
13774,Customer 13774,Male,59,Pune,2025-06-10,Maharashtra,Regular
13775,Customer 13775,Female,25,Chennai,2022-07-12,Tamil Nadu,Loyal
13776,Customer 13776,Female,19,Nagpur,2025-01-27,Maharashtra,Loyal
13777,Customer 13777,Female,38,Ahmedabad,2025-02-10,Gujarat,Regular
13778,Customer 13778,Female,32,Ahmedabad,2024-09-26,Gujarat,New
13779,Customer 13779,Male,23,Delhi,2023-06-07,Delhi,Loyal
13780,Customer 13780,Male,22,Kolkata,2022-12-16,West Bengal,Regular
13781,Customer 13781,Male,20,Pune,2022-11-12,Maharashtra,Loyal
13782,Customer 13782,Male,60,Ahmedabad,2024-07-31,Gujarat,Regular
13783,Customer 13783,Female,60,Ahmedabad,2024-07-01,Gujarat,Regular
13784,Customer 13784,Female,33,Delhi,2023-10-14,Delhi,New
13785,Customer 13785,Female,52,Mysuru,2023-09-27,Karnataka,Loyal
13786,Customer 13786,Female,26,Hyderabad,2024-10-07,Telangana,Regular
13787,Customer 13787,Male,52,Pune,2023-08-16,Maharashtra,Regular
13788,Customer 13788,Male,36,Chennai,2023-03-20,Tamil Nadu,Regular
13789,Customer 13789,Male,60,Nagpur,2023-09-13,Maharashtra,Regular
13790,Customer 13790,Male,63,Ahmedabad,2025-05-16,Gujarat,Regular
13791,Customer 13791,Female,51,Ahmedabad,2024-01-26,Gujarat,Regular
13792,Customer 13792,Male,56,Kochi,2023-05-12,Kerala,Regular
13793,Customer 13793,Male,27,Noida,2024-02-12,Uttar Pradesh,Regular
13794,Customer 13794,Male,27,Mysuru,2023-01-09,Karnataka,Regular
13795,Customer 13795,Female,37,Ahmedabad,2022-07-03,Gujarat,New
13796,Customer 13796,Male,18,Hyderabad,2022-02-01,Telangana,Regular
13797,Customer 13797,Female,23,Noida,2022-10-10,Uttar Pradesh,Regular
13798,Customer 13798,Male,63,Kochi,2024-04-15,Kerala,Regular
13799,Customer 13799,Female,19,Mumbai,2024-05-22,Maharashtra,VIP
13800,Customer 13800,Male,55,Mysuru,2023-11-17,Karnataka,New
13801,Customer 13801,Female,50,Nagpur,2023-04-07,Maharashtra,Regular
13802,Customer 13802,Female,20,Bengaluru,2024-05-20,Karnataka,New
13803,Customer 13803,Female,53,Pune,2024-09-10,Maharashtra,Loyal
13804,Customer 13804,Female,30,Delhi,2023-01-03,Delhi,Loyal
13805,Customer 13805,Male,52,Nagpur,2023-10-20,Maharashtra,Regular
13806,Customer 13806,Male,32,Pune,2025-06-29,Maharashtra,Loyal
13807,Customer 13807,Male,62,Noida,2022-06-15,Uttar Pradesh,Regular
13808,Customer 13808,Female,39,Kolkata,2024-09-26,West Bengal,New
13809,Customer 13809,Male,60,Delhi,2023-08-25,Delhi,Regular
13810,Customer 13810,Male,21,Coimbatore,2025-01-31,Tamil Nadu,Regular
13811,Customer 13811,Female,34,Chennai,2023-08-17,Tamil Nadu,Regular
13812,Customer 13812,Female,22,Mumbai,2022-05-06,Maharashtra,Regular
13813,Customer 13813,Male,38,Mysuru,2022-02-07,Karnataka,Regular
13814,Customer 13814,Female,41,Ahmedabad,2022-12-14,Gujarat,Loyal
13815,Customer 13815,Female,48,Kolkata,2025-05-21,West Bengal,Regular
13816,Customer 13816,Male,57,Kochi,2024-01-07,Kerala,New
13817,Customer 13817,Male,47,Kolkata,2024-01-04,West Bengal,Regular
13818,Customer 13818,Female,59,Nagpur,2023-03-02,Maharashtra,Regular
13819,Customer 13819,Female,24,Mumbai,2025-06-24,Maharashtra,New
13820,Customer 13820,Male,24,Bengaluru,2023-10-10,Karnataka,New
13821,Customer 13821,Male,44,Jaipur,2022-10-13,Rajasthan,Regular
13822,Customer 13822,Female,41,Pune,2025-06-08,Maharashtra,Regular
13823,Customer 13823,Female,36,Pune,2022-11-16,Maharashtra,Loyal
13824,Customer 13824,Female,58,Nagpur,2023-05-27,Maharashtra,New
13825,Customer 13825,Male,51,Hyderabad,2022-08-13,Telangana,New
13826,Customer 13826,Male,39,Hyderabad,2023-05-21,Telangana,Regular
13827,Customer 13827,Female,44,Ahmedabad,2025-02-04,Gujarat,VIP
13828,Customer 13828,Male,23,Coimbatore,2024-01-12,Tamil Nadu,Regular
13829,Customer 13829,Other,27,Chennai,2024-10-25,Tamil Nadu,Regular
13830,Customer 13830,Female,62,Delhi,2023-04-13,Delhi,New
13831,Customer 13831,Male,48,Bengaluru,2024-07-26,Karnataka,Regular
13832,Customer 13832,Female,42,Ahmedabad,2024-02-04,Gujarat,Regular
13833,Customer 13833,Male,19,Mumbai,2022-06-12,Maharashtra,Regular
13834,Customer 13834,Female,27,Hyderabad,2023-10-15,Telangana,Regular
13835,Customer 13835,Male,27,Coimbatore,2024-06-19,Tamil Nadu,Regular
13836,Customer 13836,Male,43,Coimbatore,2024-03-18,Tamil Nadu,New
13837,Customer 13837,Female,22,Nagpur,2022-03-23,Maharashtra,Loyal
13838,Customer 13838,Female,39,Bengaluru,2023-04-26,Karnataka,Regular
13839,Customer 13839,Male,21,Noida,2023-05-31,Uttar Pradesh,Loyal
13840,Customer 13840,Female,51,Delhi,2022-07-06,Delhi,Regular
13841,Customer 13841,Male,24,Chennai,2022-05-26,Tamil Nadu,Loyal
13842,Customer 13842,Male,34,Mysuru,2024-10-02,Karnataka,New
13843,Customer 13843,Male,28,Nagpur,2022-06-01,Maharashtra,Regular
13844,Customer 13844,Male,25,Delhi,2022-04-03,Delhi,Loyal
13845,Customer 13845,Male,45,Mysuru,2024-11-20,Karnataka,Loyal
13846,Customer 13846,Male,61,Mysuru,2023-06-24,Karnataka,Regular
13847,Customer 13847,Male,50,Kochi,2023-10-11,Kerala,Loyal
13848,Customer 13848,Male,42,Bengaluru,2023-08-25,Karnataka,Loyal
13849,Customer 13849,Male,38,Kochi,2022-02-18,Kerala,Regular
13850,Customer 13850,Female,29,Bengaluru,2023-06-25,Karnataka,Loyal
13851,Customer 13851,Male,43,Ahmedabad,2022-06-05,Gujarat,Regular
13852,Customer 13852,Female,46,Mumbai,2024-02-14,Maharashtra,Regular
13853,Customer 13853,Female,55,Coimbatore,2023-06-30,Tamil Nadu,Regular
13854,Customer 13854,Female,52,Delhi,2025-06-14,Delhi,Regular
13855,Customer 13855,Female,54,Nagpur,2023-10-12,Maharashtra,Loyal
13856,Customer 13856,Female,63,Ahmedabad,2024-09-27,Gujarat,Regular
13857,Customer 13857,Male,61,Jaipur,2024-12-16,Rajasthan,New
13858,Customer 13858,Female,62,Pune,2022-06-24,Maharashtra,Loyal
13859,Customer 13859,Female,62,Nagpur,2025-05-22,Maharashtra,Loyal
13860,Customer 13860,Female,46,Mumbai,2022-01-27,Maharashtra,Regular
13861,Customer 13861,Female,41,Chennai,2025-02-16,Tamil Nadu,New
13862,Customer 13862,Male,32,Kolkata,2022-05-27,West Bengal,Loyal
13863,Customer 13863,Female,23,Kolkata,2024-05-17,West Bengal,New
13864,Customer 13864,Female,49,Coimbatore,2022-09-22,Tamil Nadu,Regular
13865,Customer 13865,Male,61,Kolkata,2022-09-15,West Bengal,New
13866,Customer 13866,Male,51,Kolkata,2025-04-27,West Bengal,Regular
13867,Customer 13867,Female,53,Pune,2024-04-06,Maharashtra,New
13868,Customer 13868,Female,37,Hyderabad,2024-01-13,Telangana,Regular
13869,Customer 13869,Female,29,Kochi,2023-12-11,Kerala,Loyal
13870,Customer 13870,Female,52,Chennai,2025-06-16,Tamil Nadu,Regular
13871,Customer 13871,Male,55,Kochi,2024-12-29,Kerala,New
13872,Customer 13872,Male,34,Bengaluru,2024-11-14,Karnataka,New
13873,Customer 13873,Male,44,Mysuru,2025-03-25,Karnataka,Regular
13874,Customer 13874,Male,34,Hyderabad,2022-08-07,Telangana,Regular
13875,Customer 13875,Male,28,Kochi,2023-07-15,Kerala,Regular
13876,Customer 13876,Male,56,Nagpur,2024-06-10,Maharashtra,New
13877,Customer 13877,Female,19,Nagpur,2025-05-02,Maharashtra,Loyal
13878,Customer 13878,Female,19,Kochi,2024-11-29,Kerala,Loyal
13879,Customer 13879,Male,46,Kochi,2023-08-20,Kerala,Regular
13880,Customer 13880,Male,62,Kolkata,2022-12-09,West Bengal,Regular
13881,Customer 13881,Male,41,Bengaluru,2023-05-18,Karnataka,Loyal
13882,Customer 13882,Female,41,Mumbai,2023-03-26,Maharashtra,Loyal
13883,Customer 13883,Male,33,Delhi,2022-12-02,Delhi,VIP
13884,Customer 13884,Male,48,Hyderabad,2022-01-04,Telangana,Regular
13885,Customer 13885,Female,60,Hyderabad,2024-01-29,Telangana,Loyal
13886,Customer 13886,Female,26,Kochi,2023-06-01,Kerala,New
13887,Customer 13887,Male,44,Noida,2025-06-03,Uttar Pradesh,Regular
13888,Customer 13888,Male,58,Chennai,2025-03-19,Tamil Nadu,Regular
13889,Customer 13889,Male,31,Coimbatore,2022-08-26,Tamil Nadu,Regular
13890,Customer 13890,Female,62,Chennai,2022-04-13,Tamil Nadu,Regular
13891,Customer 13891,Female,42,Delhi,2025-04-13,Delhi,New
13892,Customer 13892,Male,60,Nagpur,2024-10-06,Maharashtra,Loyal
13893,Customer 13893,Female,61,Kochi,2024-11-23,Kerala,Regular
13894,Customer 13894,Male,39,Nagpur,2023-06-02,Maharashtra,Loyal
13895,Customer 13895,Male,52,Nagpur,2023-03-16,Maharashtra,New
13896,Customer 13896,Male,50,Noida,2022-08-13,Uttar Pradesh,Regular
13897,Customer 13897,Female,44,Nagpur,2023-07-19,Maharashtra,Regular
13898,Customer 13898,Male,57,Delhi,2024-12-18,Delhi,Regular
13899,Customer 13899,Male,43,Ahmedabad,2022-09-03,Gujarat,Loyal
13900,Customer 13900,Male,36,Bengaluru,2025-05-22,Karnataka,Regular
13901,Customer 13901,Male,62,Jaipur,2024-07-16,Rajasthan,Regular
13902,Customer 13902,Female,56,Coimbatore,2024-08-10,Tamil Nadu,Loyal
13903,Customer 13903,Male,62,Kochi,2024-03-29,Kerala,Regular
13904,Customer 13904,Male,43,Delhi,2022-08-04,Delhi,Regular
13905,Customer 13905,Female,23,Kolkata,2022-10-10,West Bengal,Regular
13906,Customer 13906,Female,20,Ahmedabad,2023-07-27,Gujarat,Regular
13907,Customer 13907,Female,23,Coimbatore,2025-05-23,Tamil Nadu,Loyal
13908,Customer 13908,Female,45,Delhi,2023-01-17,Delhi,New
13909,Customer 13909,Male,20,Ahmedabad,2024-12-04,Gujarat,Regular
13910,Customer 13910,Female,30,Nagpur,2022-06-21,Maharashtra,Regular
13911,Customer 13911,Female,30,Bengaluru,2025-05-29,Karnataka,Loyal
13912,Customer 13912,Male,30,Kochi,2025-01-23,Kerala,Loyal
13913,Customer 13913,Female,18,Hyderabad,2022-02-13,Telangana,Regular
13914,Customer 13914,Male,57,Chennai,2022-08-16,Tamil Nadu,Regular
13915,Customer 13915,Other,54,Mysuru,2023-07-28,Karnataka,New
13916,Customer 13916,Female,48,Jaipur,2022-11-13,Rajasthan,Regular
13917,Customer 13917,Female,34,Bengaluru,2024-01-01,Karnataka,New
13918,Customer 13918,Female,26,Hyderabad,2023-08-24,Telangana,Loyal
13919,Customer 13919,Female,62,Mumbai,2023-09-16,Maharashtra,Loyal
13920,Customer 13920,Male,30,Kochi,2023-04-12,Kerala,Regular
13921,Customer 13921,Male,54,Delhi,2022-10-24,Delhi,Regular
13922,Customer 13922,Male,31,Mumbai,2023-06-29,Maharashtra,New
13923,Customer 13923,Male,28,Hyderabad,2023-05-04,Telangana,Loyal
13924,Customer 13924,Female,42,Bengaluru,2024-10-16,Karnataka,Loyal
13925,Customer 13925,Male,48,Delhi,2022-08-03,Delhi,Regular
13926,Customer 13926,Male,31,Kochi,2024-10-22,Kerala,Regular
13927,Customer 13927,Female,24,Kolkata,2023-10-23,West Bengal,Regular
13928,Customer 13928,Female,41,Mysuru,2023-10-16,Karnataka,Regular
13929,Customer 13929,Male,53,Nagpur,2024-03-12,Maharashtra,New
13930,Customer 13930,Male,59,Delhi,2025-05-15,Delhi,Regular
13931,Customer 13931,Male,59,Kolkata,2022-12-07,West Bengal,New
13932,Customer 13932,Female,64,Kochi,2023-12-05,Kerala,New
13933,Customer 13933,Male,61,Kochi,2023-02-11,Kerala,New
13934,Customer 13934,Female,58,Delhi,2024-05-02,Delhi,Regular
13935,Customer 13935,Male,20,Bengaluru,2022-11-02,Karnataka,Loyal
13936,Customer 13936,Male,64,Kolkata,2024-05-23,West Bengal,Regular
13937,Customer 13937,Female,61,Bengaluru,2023-05-10,Karnataka,Loyal
13938,Customer 13938,Male,43,Ahmedabad,2023-08-01,Gujarat,Regular
13939,Customer 13939,Male,64,Hyderabad,2023-06-25,Telangana,Regular
13940,Customer 13940,Male,43,Pune,2024-02-07,Maharashtra,Regular
13941,Customer 13941,Male,18,Delhi,2024-06-14,Delhi,Regular
13942,Customer 13942,Female,32,Jaipur,2023-03-31,Rajasthan,New
13943,Customer 13943,Male,28,Kochi,2025-03-13,Kerala,Regular
13944,Customer 13944,Male,54,Chennai,2025-04-30,Tamil Nadu,Loyal
13945,Customer 13945,Male,24,Delhi,2022-10-26,Delhi,Loyal
13946,Customer 13946,Female,29,Hyderabad,2023-03-03,Telangana,Loyal
13947,Customer 13947,Female,55,Coimbatore,2023-12-17,Tamil Nadu,New
13948,Customer 13948,Female,20,Jaipur,2024-01-27,Rajasthan,Regular
13949,Customer 13949,Female,59,Kochi,2022-01-31,Kerala,Regular
13950,Customer 13950,Male,43,Mumbai,2022-11-28,Maharashtra,Loyal
13951,Customer 13951,Male,47,Kochi,2022-02-21,Kerala,VIP
13952,Customer 13952,Male,49,Ahmedabad,2022-08-31,Gujarat,Loyal
13953,Customer 13953,Male,53,Nagpur,2024-02-14,Maharashtra,New
13954,Customer 13954,Male,62,Kolkata,2023-11-17,West Bengal,Regular
13955,Customer 13955,Female,54,Kochi,2023-07-27,Kerala,New
13956,Customer 13956,Female,35,Pune,2024-05-21,Maharashtra,New
13957,Customer 13957,Female,18,Mysuru,2023-12-01,Karnataka,New
13958,Customer 13958,Male,38,Mysuru,2023-06-03,Karnataka,Regular
13959,Customer 13959,Female,45,Mysuru,2025-04-27,Karnataka,Regular
13960,Customer 13960,Female,33,Bengaluru,2023-08-18,Karnataka,Regular
13961,Customer 13961,Female,45,Mysuru,2022-10-10,Karnataka,Regular
13962,Customer 13962,Male,39,Nagpur,2025-03-26,Maharashtra,Loyal
13963,Customer 13963,Male,36,Ahmedabad,2023-08-22,Gujarat,New
13964,Customer 13964,Male,18,Mumbai,2022-05-28,Maharashtra,New
13965,Customer 13965,Male,48,Mysuru,2022-03-11,Karnataka,Regular
13966,Customer 13966,Female,59,Jaipur,2022-08-22,Rajasthan,Regular
13967,Customer 13967,Male,51,Delhi,2023-11-10,Delhi,New
13968,Customer 13968,Male,63,Jaipur,2023-09-28,Rajasthan,Loyal
13969,Customer 13969,Female,57,Delhi,2023-04-12,Delhi,Regular
13970,Customer 13970,Female,23,Bengaluru,2023-07-11,Karnataka,Regular
13971,Customer 13971,Male,45,Nagpur,2024-06-12,Maharashtra,Regular
13972,Customer 13972,Female,20,Mumbai,2024-04-15,Maharashtra,Regular
13973,Customer 13973,Male,48,Pune,2023-09-10,Maharashtra,Regular
13974,Customer 13974,Male,33,Hyderabad,2022-05-14,Telangana,Regular
13975,Customer 13975,Male,34,Mumbai,2022-01-08,Maharashtra,Regular
13976,Customer 13976,Female,61,Hyderabad,2022-01-28,Telangana,Loyal
13977,Customer 13977,Female,44,Jaipur,2024-02-22,Rajasthan,Regular
13978,Customer 13978,Male,41,Coimbatore,2023-06-25,Tamil Nadu,Loyal
13979,Customer 13979,Female,37,Hyderabad,2023-09-19,Telangana,Regular
13980,Customer 13980,Male,49,Ahmedabad,2024-11-23,Gujarat,Regular
13981,Customer 13981,Female,52,Chennai,2022-01-07,Tamil Nadu,Regular
13982,Customer 13982,Male,30,Ahmedabad,2022-02-09,Gujarat,Loyal
13983,Customer 13983,Male,60,Kochi,2024-06-27,Kerala,Loyal
13984,Customer 13984,Female,37,Delhi,2022-03-03,Delhi,New
13985,Customer 13985,Female,19,Nagpur,2025-01-14,Maharashtra,New
13986,Customer 13986,Male,21,Noida,2025-02-13,Uttar Pradesh,Loyal
13987,Customer 13987,Male,44,Bengaluru,2023-01-14,Karnataka,Loyal
13988,Customer 13988,Male,42,Jaipur,2022-11-18,Rajasthan,Regular
13989,Customer 13989,Male,21,Chennai,2024-01-03,Tamil Nadu,Regular
13990,Customer 13990,Female,49,Hyderabad,2024-04-18,Telangana,Loyal
13991,Customer 13991,Female,34,Mysuru,2023-02-23,Karnataka,New
13992,Customer 13992,Male,18,Nagpur,2022-01-20,Maharashtra,Loyal
13993,Customer 13993,Male,50,Chennai,2023-02-16,Tamil Nadu,Regular
13994,Customer 13994,Female,47,Bengaluru,2023-07-03,Karnataka,Loyal
13995,Customer 13995,Male,22,Delhi,2023-08-28,Delhi,New
13996,Customer 13996,Female,29,Jaipur,2022-12-23,Rajasthan,Regular
13997,Customer 13997,Male,55,Nagpur,2022-07-20,Maharashtra,Regular
13998,Customer 13998,Female,49,Bengaluru,2024-12-07,Karnataka,Loyal
13999,Customer 13999,Female,55,Coimbatore,2024-02-04,Tamil Nadu,Loyal
14000,Customer 14000,Female,34,Coimbatore,2022-08-19,Tamil Nadu,Loyal
14001,Customer 14001,Female,62,Ahmedabad,2025-01-23,Gujarat,Loyal
14002,Customer 14002,Male,57,Ahmedabad,2022-10-30,Gujarat,Regular
14003,Customer 14003,Female,49,Bengaluru,2025-05-26,Karnataka,New
14004,Customer 14004,Female,41,Chennai,2023-01-22,Tamil Nadu,Regular
14005,Customer 14005,Male,29,Ahmedabad,2023-12-16,Gujarat,Loyal
14006,Customer 14006,Male,64,Jaipur,2024-07-13,Rajasthan,New
14007,Customer 14007,Male,48,Nagpur,2025-01-19,Maharashtra,Regular
14008,Customer 14008,Male,36,Chennai,2022-02-27,Tamil Nadu,New
14009,Customer 14009,Male,46,Ahmedabad,2023-03-10,Gujarat,New
14010,Customer 14010,Female,38,Pune,2023-06-06,Maharashtra,Loyal
14011,Customer 14011,Male,43,Hyderabad,2024-02-07,Telangana,Loyal
14012,Customer 14012,Female,45,Pune,2024-04-08,Maharashtra,Regular
14013,Customer 14013,Male,34,Kolkata,2023-04-28,West Bengal,Loyal
14014,Customer 14014,Male,26,Coimbatore,2023-01-02,Tamil Nadu,New
14015,Customer 14015,Male,38,Delhi,2024-06-07,Delhi,New
14016,Customer 14016,Female,51,Mumbai,2025-06-12,Maharashtra,Loyal
14017,Customer 14017,Male,28,Hyderabad,2024-06-01,Telangana,Regular
14018,Customer 14018,Male,37,Coimbatore,2023-02-15,Tamil Nadu,Regular
14019,Customer 14019,Male,64,Chennai,2022-07-02,Tamil Nadu,Loyal
14020,Customer 14020,Female,56,Chennai,2025-02-20,Tamil Nadu,Loyal
14021,Customer 14021,Female,33,Chennai,2022-06-07,Tamil Nadu,Loyal
14022,Customer 14022,Male,46,Delhi,2022-01-13,Delhi,Loyal
14023,Customer 14023,Female,18,Pune,2023-07-20,Maharashtra,Regular
14024,Customer 14024,Female,35,Mumbai,2024-05-21,Maharashtra,Regular
14025,Customer 14025,Male,39,Jaipur,2023-07-09,Rajasthan,Loyal
14026,Customer 14026,Female,25,Ahmedabad,2023-11-09,Gujarat,Regular
14027,Customer 14027,Female,24,Chennai,2024-05-12,Tamil Nadu,Regular
14028,Customer 14028,Male,42,Noida,2023-09-10,Uttar Pradesh,Regular
14029,Customer 14029,Male,47,Kolkata,2022-07-23,West Bengal,Loyal
14030,Customer 14030,Male,51,Hyderabad,2024-08-14,Telangana,Regular
14031,Customer 14031,Male,61,Nagpur,2022-10-29,Maharashtra,Loyal
14032,Customer 14032,Female,58,Ahmedabad,2024-12-02,Gujarat,New
14033,Customer 14033,Male,28,Noida,2024-03-05,Uttar Pradesh,Regular
14034,Customer 14034,Female,32,Mumbai,2023-08-20,Maharashtra,Loyal
14035,Customer 14035,Female,52,Delhi,2023-12-30,Delhi,New
14036,Customer 14036,Female,40,Jaipur,2023-05-21,Rajasthan,Regular
14037,Customer 14037,Female,62,Jaipur,2023-10-01,Rajasthan,Loyal
14038,Customer 14038,Male,38,Mumbai,2022-07-10,Maharashtra,Loyal
14039,Customer 14039,Male,45,Nagpur,2024-06-17,Maharashtra,Regular
14040,Customer 14040,Female,30,Hyderabad,2022-03-01,Telangana,Regular
14041,Customer 14041,Male,51,Kochi,2022-03-03,Kerala,Regular
14042,Customer 14042,Male,55,Nagpur,2022-10-29,Maharashtra,Regular
14043,Customer 14043,Female,23,Jaipur,2023-09-30,Rajasthan,New
14044,Customer 14044,Female,61,Bengaluru,2024-09-25,Karnataka,Regular
14045,Customer 14045,Male,21,Hyderabad,2022-06-21,Telangana,Regular
14046,Customer 14046,Female,22,Mumbai,2022-03-04,Maharashtra,Regular
14047,Customer 14047,Female,57,Jaipur,2024-02-11,Rajasthan,New
14048,Customer 14048,Male,23,Jaipur,2022-01-16,Rajasthan,New
14049,Customer 14049,Male,38,Chennai,2023-11-22,Tamil Nadu,VIP
14050,Customer 14050,Female,45,Mumbai,2024-04-21,Maharashtra,VIP
14051,Customer 14051,Male,20,Kochi,2025-01-29,Kerala,Regular
14052,Customer 14052,Male,40,Mumbai,2025-04-14,Maharashtra,Loyal
14053,Customer 14053,Female,25,Kochi,2025-05-01,Kerala,Loyal
14054,Customer 14054,Female,36,Hyderabad,2024-06-17,Telangana,New
14055,Customer 14055,Male,28,Kolkata,2024-07-21,West Bengal,Regular
14056,Customer 14056,Male,27,Bengaluru,2022-06-24,Karnataka,Regular
14057,Customer 14057,Male,45,Ahmedabad,2025-06-11,Gujarat,Regular
14058,Customer 14058,Other,37,Mumbai,2025-05-24,Maharashtra,Regular
14059,Customer 14059,Male,61,Noida,2023-02-21,Uttar Pradesh,Loyal
14060,Customer 14060,Female,45,Coimbatore,2023-03-27,Tamil Nadu,Loyal
14061,Customer 14061,Female,46,Mysuru,2024-04-15,Karnataka,Loyal
14062,Customer 14062,Male,25,Mysuru,2022-10-07,Karnataka,Loyal
14063,Customer 14063,Female,36,Mumbai,2022-09-01,Maharashtra,Loyal
14064,Customer 14064,Female,38,Kochi,2023-11-06,Kerala,Regular
14065,Customer 14065,Female,35,Noida,2022-05-26,Uttar Pradesh,Regular
14066,Customer 14066,Male,26,Kolkata,2024-12-26,West Bengal,Regular
14067,Customer 14067,Female,21,Chennai,2022-04-13,Tamil Nadu,Loyal
14068,Customer 14068,Female,58,Kochi,2022-11-06,Kerala,Regular
14069,Customer 14069,Other,42,Delhi,2022-04-27,Delhi,Loyal
14070,Customer 14070,Male,51,Delhi,2024-02-02,Delhi,VIP
14071,Customer 14071,Female,26,Hyderabad,2024-01-08,Telangana,Regular
14072,Customer 14072,Male,26,Mysuru,2022-07-06,Karnataka,Regular
14073,Customer 14073,Male,35,Mumbai,2024-02-24,Maharashtra,Loyal
14074,Customer 14074,Male,28,Delhi,2023-12-08,Delhi,New
14075,Customer 14075,Female,30,Mumbai,2024-05-25,Maharashtra,New
14076,Customer 14076,Male,55,Hyderabad,2024-03-06,Telangana,Loyal
14077,Customer 14077,Female,26,Mysuru,2023-04-18,Karnataka,Loyal
14078,Customer 14078,Other,33,Nagpur,2023-07-10,Maharashtra,Regular
14079,Customer 14079,Male,21,Kolkata,2023-11-13,West Bengal,Loyal
14080,Customer 14080,Female,51,Coimbatore,2022-04-04,Tamil Nadu,Regular
14081,Customer 14081,Male,24,Coimbatore,2024-01-06,Tamil Nadu,Regular
14082,Customer 14082,Male,32,Delhi,2024-02-29,Delhi,Regular
14083,Customer 14083,Female,55,Coimbatore,2022-02-07,Tamil Nadu,New
14084,Customer 14084,Female,28,Jaipur,2024-02-21,Rajasthan,Regular
14085,Customer 14085,Female,49,Kolkata,2023-04-27,West Bengal,Loyal
14086,Customer 14086,Female,44,Kochi,2022-04-21,Kerala,New
14087,Customer 14087,Male,47,Nagpur,2023-02-14,Maharashtra,New
14088,Customer 14088,Male,34,Kolkata,2025-04-06,West Bengal,Regular
14089,Customer 14089,Female,53,Jaipur,2023-02-01,Rajasthan,New
14090,Customer 14090,Male,36,Kochi,2025-02-24,Kerala,Loyal
14091,Customer 14091,Male,24,Jaipur,2022-02-11,Rajasthan,New
14092,Customer 14092,Female,60,Mumbai,2022-02-10,Maharashtra,Regular
14093,Customer 14093,Male,62,Hyderabad,2023-02-03,Telangana,Regular
14094,Customer 14094,Male,38,Ahmedabad,2022-07-01,Gujarat,Loyal
14095,Customer 14095,Female,45,Nagpur,2025-04-19,Maharashtra,Regular
14096,Customer 14096,Female,20,Ahmedabad,2024-01-14,Gujarat,Regular
14097,Customer 14097,Female,31,Hyderabad,2023-12-19,Telangana,VIP
14098,Customer 14098,Female,19,Hyderabad,2023-04-09,Telangana,New
14099,Customer 14099,Male,46,Jaipur,2024-12-09,Rajasthan,Regular
14100,Customer 14100,Female,35,Mysuru,2025-03-15,Karnataka,VIP
14101,Customer 14101,Female,54,Jaipur,2022-10-25,Rajasthan,Loyal
14102,Customer 14102,Male,62,Ahmedabad,2022-05-25,Gujarat,Loyal
14103,Customer 14103,Male,62,Jaipur,2022-01-16,Rajasthan,New
14104,Customer 14104,Female,41,Mumbai,2025-01-13,Maharashtra,New
14105,Customer 14105,Female,63,Jaipur,2025-05-24,Rajasthan,New
14106,Customer 14106,Female,29,Noida,2024-12-11,Uttar Pradesh,VIP
14107,Customer 14107,Female,62,Coimbatore,2022-04-17,Tamil Nadu,VIP
14108,Customer 14108,Female,49,Ahmedabad,2022-08-07,Gujarat,Regular
14109,Customer 14109,Other,35,Noida,2024-07-23,Uttar Pradesh,Regular
14110,Customer 14110,Female,30,Mysuru,2022-12-03,Karnataka,New
14111,Customer 14111,Male,21,Hyderabad,2024-07-09,Telangana,Regular
14112,Customer 14112,Female,40,Delhi,2023-01-06,Delhi,Regular
14113,Customer 14113,Male,27,Kolkata,2024-09-24,West Bengal,Loyal
14114,Customer 14114,Female,22,Kochi,2024-03-20,Kerala,Loyal
14115,Customer 14115,Female,57,Coimbatore,2022-09-11,Tamil Nadu,Loyal
14116,Customer 14116,Female,31,Kochi,2023-08-03,Kerala,Regular
14117,Customer 14117,Female,51,Jaipur,2023-09-28,Rajasthan,Loyal
14118,Customer 14118,Male,45,Coimbatore,2024-11-19,Tamil Nadu,Loyal
14119,Customer 14119,Male,25,Mumbai,2022-07-04,Maharashtra,Regular
14120,Customer 14120,Male,33,Bengaluru,2023-04-19,Karnataka,Regular
14121,Customer 14121,Female,48,Pune,2024-09-11,Maharashtra,Regular
14122,Customer 14122,Female,24,Pune,2024-09-10,Maharashtra,Loyal
14123,Customer 14123,Female,20,Pune,2025-03-02,Maharashtra,VIP
14124,Customer 14124,Male,46,Bengaluru,2023-05-17,Karnataka,Regular
14125,Customer 14125,Female,53,Kochi,2024-05-23,Kerala,Loyal
14126,Customer 14126,Female,56,Mumbai,2025-01-05,Maharashtra,New
14127,Customer 14127,Male,21,Bengaluru,2022-12-16,Karnataka,Loyal
14128,Customer 14128,Female,26,Pune,2022-03-01,Maharashtra,Loyal
14129,Customer 14129,Female,34,Mysuru,2024-05-28,Karnataka,Regular
14130,Customer 14130,Female,37,Nagpur,2023-04-10,Maharashtra,VIP
14131,Customer 14131,Male,31,Ahmedabad,2022-11-07,Gujarat,Regular
14132,Customer 14132,Female,63,Hyderabad,2025-01-19,Telangana,Regular
14133,Customer 14133,Male,46,Bengaluru,2024-07-19,Karnataka,Regular
14134,Customer 14134,Other,30,Mumbai,2024-08-22,Maharashtra,Regular
14135,Customer 14135,Male,53,Mumbai,2022-10-07,Maharashtra,Loyal
14136,Customer 14136,Male,62,Ahmedabad,2023-12-12,Gujarat,New
14137,Customer 14137,Female,34,Noida,2024-08-24,Uttar Pradesh,Regular
14138,Customer 14138,Male,64,Nagpur,2025-02-15,Maharashtra,Loyal
14139,Customer 14139,Female,60,Delhi,2023-11-26,Delhi,New
14140,Customer 14140,Female,21,Coimbatore,2024-06-28,Tamil Nadu,New
14141,Customer 14141,Female,37,Pune,2023-07-21,Maharashtra,Regular
14142,Customer 14142,Other,28,Jaipur,2022-09-28,Rajasthan,Regular
14143,Customer 14143,Male,59,Delhi,2025-01-29,Delhi,New
14144,Customer 14144,Female,39,Noida,2024-09-06,Uttar Pradesh,New
14145,Customer 14145,Male,62,Pune,2024-12-12,Maharashtra,New
14146,Customer 14146,Male,25,Nagpur,2024-04-20,Maharashtra,Regular
14147,Customer 14147,Female,45,Kolkata,2024-09-30,West Bengal,Loyal
14148,Customer 14148,Male,62,Jaipur,2022-08-28,Rajasthan,Loyal
14149,Customer 14149,Female,58,Noida,2025-05-22,Uttar Pradesh,Regular
14150,Customer 14150,Female,47,Kochi,2022-12-27,Kerala,VIP
14151,Customer 14151,Female,50,Pune,2024-01-04,Maharashtra,Loyal
14152,Customer 14152,Female,50,Nagpur,2024-05-01,Maharashtra,VIP
14153,Customer 14153,Male,64,Chennai,2024-05-09,Tamil Nadu,Regular
14154,Customer 14154,Female,53,Delhi,2023-12-02,Delhi,Loyal
14155,Customer 14155,Female,44,Delhi,2024-04-15,Delhi,Loyal
14156,Customer 14156,Male,37,Coimbatore,2024-04-02,Tamil Nadu,Regular
14157,Customer 14157,Male,50,Ahmedabad,2022-04-07,Gujarat,New
14158,Customer 14158,Female,42,Nagpur,2022-11-23,Maharashtra,Loyal
14159,Customer 14159,Male,61,Bengaluru,2022-03-14,Karnataka,New
14160,Customer 14160,Male,60,Chennai,2024-09-20,Tamil Nadu,Regular
14161,Customer 14161,Female,36,Kolkata,2025-04-08,West Bengal,Regular
14162,Customer 14162,Female,64,Mysuru,2024-09-20,Karnataka,Loyal
14163,Customer 14163,Female,38,Pune,2022-11-29,Maharashtra,Loyal
14164,Customer 14164,Female,59,Jaipur,2025-03-26,Rajasthan,Regular
14165,Customer 14165,Female,50,Chennai,2023-04-03,Tamil Nadu,Loyal
14166,Customer 14166,Male,20,Nagpur,2024-01-04,Maharashtra,Regular
14167,Customer 14167,Male,31,Kochi,2024-05-25,Kerala,Loyal
14168,Customer 14168,Male,32,Hyderabad,2024-05-07,Telangana,Regular
14169,Customer 14169,Female,50,Pune,2022-04-09,Maharashtra,Loyal
14170,Customer 14170,Male,59,Mumbai,2024-01-02,Maharashtra,Regular
14171,Customer 14171,Male,39,Delhi,2024-07-13,Delhi,Regular
14172,Customer 14172,Female,18,Kochi,2022-09-01,Kerala,Regular
14173,Customer 14173,Male,48,Ahmedabad,2025-05-02,Gujarat,Loyal
14174,Customer 14174,Male,64,Nagpur,2023-10-24,Maharashtra,VIP
14175,Customer 14175,Female,52,Kolkata,2024-10-02,West Bengal,Regular
14176,Customer 14176,Male,37,Mumbai,2023-01-02,Maharashtra,Regular
14177,Customer 14177,Male,49,Coimbatore,2025-03-24,Tamil Nadu,Loyal
14178,Customer 14178,Male,29,Jaipur,2023-05-14,Rajasthan,Loyal
14179,Customer 14179,Female,33,Noida,2022-04-23,Uttar Pradesh,Regular
14180,Customer 14180,Female,25,Mysuru,2024-08-02,Karnataka,New
14181,Customer 14181,Male,31,Mysuru,2024-11-13,Karnataka,Regular
14182,Customer 14182,Female,35,Kochi,2022-10-10,Kerala,Regular
14183,Customer 14183,Male,47,Mumbai,2023-02-05,Maharashtra,Regular
14184,Customer 14184,Female,50,Delhi,2023-07-22,Delhi,New
14185,Customer 14185,Male,51,Coimbatore,2024-12-13,Tamil Nadu,New
14186,Customer 14186,Female,61,Hyderabad,2023-12-15,Telangana,Loyal
14187,Customer 14187,Female,51,Delhi,2023-02-26,Delhi,VIP
14188,Customer 14188,Female,24,Chennai,2024-04-28,Tamil Nadu,Loyal
14189,Customer 14189,Male,23,Ahmedabad,2025-06-20,Gujarat,Loyal
14190,Customer 14190,Male,23,Mysuru,2025-04-16,Karnataka,Loyal
14191,Customer 14191,Female,39,Chennai,2023-04-20,Tamil Nadu,Regular
14192,Customer 14192,Male,25,Kolkata,2023-02-09,West Bengal,Regular
14193,Customer 14193,Female,54,Pune,2022-02-05,Maharashtra,New
14194,Customer 14194,Female,32,Bengaluru,2022-12-24,Karnataka,Loyal
14195,Customer 14195,Female,43,Nagpur,2023-07-12,Maharashtra,VIP
14196,Customer 14196,Male,56,Jaipur,2024-12-03,Rajasthan,Loyal
14197,Customer 14197,Female,20,Coimbatore,2022-11-16,Tamil Nadu,Regular
14198,Customer 14198,Female,27,Delhi,2024-01-08,Delhi,Loyal
14199,Customer 14199,Female,20,Mysuru,2023-10-20,Karnataka,VIP
14200,Customer 14200,Male,47,Chennai,2023-04-17,Tamil Nadu,Regular
14201,Customer 14201,Male,63,Noida,2023-06-09,Uttar Pradesh,Loyal
14202,Customer 14202,Male,39,Kochi,2022-01-25,Kerala,Regular
14203,Customer 14203,Male,20,Ahmedabad,2023-10-02,Gujarat,Loyal
14204,Customer 14204,Female,18,Ahmedabad,2025-03-26,Gujarat,New
14205,Customer 14205,Female,50,Pune,2024-05-25,Maharashtra,New
14206,Customer 14206,Male,36,Nagpur,2025-04-23,Maharashtra,Loyal
14207,Customer 14207,Female,53,Nagpur,2022-06-23,Maharashtra,New
14208,Customer 14208,Male,51,Ahmedabad,2022-07-05,Gujarat,New
14209,Customer 14209,Male,48,Ahmedabad,2024-09-27,Gujarat,Regular
14210,Customer 14210,Male,60,Delhi,2023-06-12,Delhi,Loyal
14211,Customer 14211,Male,41,Coimbatore,2025-04-26,Tamil Nadu,Regular
14212,Customer 14212,Female,29,Hyderabad,2024-08-29,Telangana,Loyal
14213,Customer 14213,Male,30,Kolkata,2023-11-15,West Bengal,Loyal
14214,Customer 14214,Female,33,Noida,2022-07-05,Uttar Pradesh,Regular
14215,Customer 14215,Male,33,Kolkata,2023-07-29,West Bengal,Regular
14216,Customer 14216,Female,37,Delhi,2022-11-05,Delhi,New
14217,Customer 14217,Male,58,Chennai,2025-04-27,Tamil Nadu,Regular
14218,Customer 14218,Male,44,Bengaluru,2023-06-22,Karnataka,Regular
14219,Customer 14219,Male,56,Ahmedabad,2024-05-07,Gujarat,New
14220,Customer 14220,Male,30,Mumbai,2022-07-12,Maharashtra,Regular
14221,Customer 14221,Male,21,Hyderabad,2025-04-01,Telangana,Regular
14222,Customer 14222,Female,49,Coimbatore,2022-02-22,Tamil Nadu,Loyal
14223,Customer 14223,Female,62,Pune,2023-04-20,Maharashtra,Regular
14224,Customer 14224,Female,57,Hyderabad,2022-06-23,Telangana,Loyal
14225,Customer 14225,Female,51,Ahmedabad,2025-05-04,Gujarat,New
14226,Customer 14226,Male,56,Mysuru,2025-05-19,Karnataka,New
14227,Customer 14227,Male,60,Coimbatore,2023-12-01,Tamil Nadu,Regular
14228,Customer 14228,Other,34,Bengaluru,2023-01-25,Karnataka,New
14229,Customer 14229,Female,41,Mysuru,2023-04-02,Karnataka,Loyal
14230,Customer 14230,Female,46,Hyderabad,2024-11-18,Telangana,Regular
14231,Customer 14231,Female,63,Mumbai,2022-05-02,Maharashtra,Regular
14232,Customer 14232,Male,45,Mumbai,2023-02-22,Maharashtra,Regular
14233,Customer 14233,Male,62,Bengaluru,2022-06-08,Karnataka,Regular
14234,Customer 14234,Male,64,Nagpur,2023-08-21,Maharashtra,Regular
14235,Customer 14235,Male,39,Jaipur,2023-05-31,Rajasthan,New
14236,Customer 14236,Male,45,Noida,2024-10-22,Uttar Pradesh,New
14237,Customer 14237,Male,42,Ahmedabad,2025-01-07,Gujarat,Regular
14238,Customer 14238,Female,58,Pune,2023-10-21,Maharashtra,New
14239,Customer 14239,Female,20,Ahmedabad,2023-11-09,Gujarat,Loyal
14240,Customer 14240,Female,30,Nagpur,2022-11-11,Maharashtra,Regular
14241,Customer 14241,Female,48,Kolkata,2022-11-24,West Bengal,New
14242,Customer 14242,Male,30,Kolkata,2022-10-03,West Bengal,Regular
14243,Customer 14243,Male,58,Kochi,2023-12-17,Kerala,Regular
14244,Customer 14244,Female,35,Kolkata,2023-03-28,West Bengal,New
14245,Customer 14245,Male,54,Mumbai,2023-05-01,Maharashtra,New
14246,Customer 14246,Male,60,Mumbai,2025-02-04,Maharashtra,Regular
14247,Customer 14247,Male,51,Chennai,2023-07-21,Tamil Nadu,Regular
14248,Customer 14248,Male,34,Mysuru,2022-09-03,Karnataka,Loyal
14249,Customer 14249,Female,38,Hyderabad,2024-07-23,Telangana,Loyal
14250,Customer 14250,Male,53,Pune,2024-06-07,Maharashtra,New
14251,Customer 14251,Female,57,Bengaluru,2022-06-13,Karnataka,New
14252,Customer 14252,Female,36,Hyderabad,2023-06-11,Telangana,Regular
14253,Customer 14253,Male,29,Ahmedabad,2022-01-01,Gujarat,Loyal
14254,Customer 14254,Male,45,Chennai,2024-05-12,Tamil Nadu,VIP
14255,Customer 14255,Male,28,Mumbai,2022-05-17,Maharashtra,New
14256,Customer 14256,Male,54,Bengaluru,2022-05-31,Karnataka,Regular
14257,Customer 14257,Female,45,Mumbai,2025-04-18,Maharashtra,Loyal
14258,Customer 14258,Female,52,Jaipur,2024-09-30,Rajasthan,Loyal
14259,Customer 14259,Female,61,Pune,2024-11-07,Maharashtra,New
14260,Customer 14260,Male,32,Mysuru,2025-06-02,Karnataka,Loyal
14261,Customer 14261,Female,33,Kochi,2025-02-02,Kerala,Regular
14262,Customer 14262,Female,62,Hyderabad,2024-09-25,Telangana,New
14263,Customer 14263,Male,24,Hyderabad,2023-11-29,Telangana,Regular
14264,Customer 14264,Female,64,Kolkata,2024-12-24,West Bengal,New
14265,Customer 14265,Female,20,Nagpur,2022-11-29,Maharashtra,Loyal
14266,Customer 14266,Female,48,Kolkata,2023-01-07,West Bengal,Loyal
14267,Customer 14267,Female,29,Jaipur,2025-05-15,Rajasthan,Loyal
14268,Customer 14268,Male,25,Bengaluru,2025-06-06,Karnataka,Regular
14269,Customer 14269,Female,42,Noida,2023-08-04,Uttar Pradesh,New
14270,Customer 14270,Male,61,Kolkata,2025-03-11,West Bengal,Regular
14271,Customer 14271,Male,52,Kochi,2023-11-17,Kerala,Regular
14272,Customer 14272,Female,29,Chennai,2023-12-10,Tamil Nadu,Loyal
14273,Customer 14273,Female,38,Kolkata,2024-07-16,West Bengal,Regular
14274,Customer 14274,Male,43,Kolkata,2024-01-10,West Bengal,Regular
14275,Customer 14275,Male,19,Noida,2022-09-28,Uttar Pradesh,Regular
14276,Customer 14276,Male,31,Nagpur,2023-12-12,Maharashtra,New
14277,Customer 14277,Male,63,Pune,2022-11-21,Maharashtra,Regular
14278,Customer 14278,Female,21,Chennai,2024-09-16,Tamil Nadu,Regular
14279,Customer 14279,Female,34,Kolkata,2024-03-08,West Bengal,Loyal
14280,Customer 14280,Female,64,Jaipur,2024-07-08,Rajasthan,Loyal
14281,Customer 14281,Male,22,Mysuru,2023-07-01,Karnataka,New
14282,Customer 14282,Female,41,Kochi,2024-12-28,Kerala,Regular
14283,Customer 14283,Male,24,Noida,2024-06-26,Uttar Pradesh,Loyal
14284,Customer 14284,Female,40,Mysuru,2022-07-31,Karnataka,New
14285,Customer 14285,Female,64,Noida,2023-08-20,Uttar Pradesh,Loyal
14286,Customer 14286,Female,34,Jaipur,2022-02-17,Rajasthan,Regular
14287,Customer 14287,Male,29,Mysuru,2022-08-19,Karnataka,Regular
14288,Customer 14288,Male,28,Noida,2023-08-02,Uttar Pradesh,VIP
14289,Customer 14289,Male,28,Ahmedabad,2024-08-07,Gujarat,Regular
14290,Customer 14290,Female,51,Mysuru,2025-01-17,Karnataka,Regular
14291,Customer 14291,Male,64,Nagpur,2024-07-20,Maharashtra,New
14292,Customer 14292,Male,54,Coimbatore,2022-02-21,Tamil Nadu,New
14293,Customer 14293,Male,46,Chennai,2023-02-26,Tamil Nadu,Regular
14294,Customer 14294,Female,53,Bengaluru,2023-09-03,Karnataka,Regular
14295,Customer 14295,Male,44,Pune,2023-03-22,Maharashtra,Regular
14296,Customer 14296,Female,59,Ahmedabad,2024-08-18,Gujarat,Loyal
14297,Customer 14297,Female,39,Delhi,2022-05-11,Delhi,Regular
14298,Customer 14298,Female,19,Mumbai,2023-08-23,Maharashtra,Regular
14299,Customer 14299,Male,64,Jaipur,2023-01-09,Rajasthan,Regular
14300,Customer 14300,Male,53,Jaipur,2023-07-05,Rajasthan,Regular
14301,Customer 14301,Male,47,Kolkata,2023-06-14,West Bengal,Regular
14302,Customer 14302,Male,24,Kochi,2025-02-02,Kerala,Regular
14303,Customer 14303,Male,29,Bengaluru,2023-01-22,Karnataka,Loyal
14304,Customer 14304,Female,20,Mumbai,2022-12-02,Maharashtra,Regular
14305,Customer 14305,Male,34,Jaipur,2024-01-06,Rajasthan,Regular
14306,Customer 14306,Female,58,Chennai,2025-02-14,Tamil Nadu,Loyal
14307,Customer 14307,Male,49,Bengaluru,2024-10-21,Karnataka,New
14308,Customer 14308,Female,25,Mysuru,2024-06-14,Karnataka,Loyal
14309,Customer 14309,Female,40,Mysuru,2023-06-22,Karnataka,Regular
14310,Customer 14310,Female,55,Delhi,2023-05-11,Delhi,Loyal
14311,Customer 14311,Female,47,Mumbai,2024-11-01,Maharashtra,Loyal
14312,Customer 14312,Female,32,Jaipur,2023-05-23,Rajasthan,Loyal
14313,Customer 14313,Female,27,Pune,2023-11-12,Maharashtra,Regular
14314,Customer 14314,Male,55,Jaipur,2023-07-19,Rajasthan,Loyal
14315,Customer 14315,Female,32,Chennai,2024-02-20,Tamil Nadu,Regular
14316,Customer 14316,Male,47,Mysuru,2024-01-30,Karnataka,Loyal
14317,Customer 14317,Male,63,Kolkata,2022-05-08,West Bengal,New
14318,Customer 14318,Male,43,Coimbatore,2025-01-04,Tamil Nadu,New
14319,Customer 14319,Male,62,Nagpur,2022-05-26,Maharashtra,New
14320,Customer 14320,Male,31,Nagpur,2023-05-14,Maharashtra,Regular
14321,Customer 14321,Male,20,Noida,2024-08-23,Uttar Pradesh,New
14322,Customer 14322,Male,53,Pune,2023-07-14,Maharashtra,Regular
14323,Customer 14323,Female,43,Jaipur,2025-05-07,Rajasthan,Regular
14324,Customer 14324,Male,31,Nagpur,2024-07-12,Maharashtra,Loyal
14325,Customer 14325,Female,48,Noida,2023-02-07,Uttar Pradesh,New
14326,Customer 14326,Male,31,Mumbai,2024-09-02,Maharashtra,Regular
14327,Customer 14327,Female,57,Mysuru,2025-05-17,Karnataka,Regular
14328,Customer 14328,Female,27,Kochi,2022-12-08,Kerala,Regular
14329,Customer 14329,Female,26,Ahmedabad,2024-12-07,Gujarat,New
14330,Customer 14330,Female,63,Mysuru,2023-06-25,Karnataka,VIP
14331,Customer 14331,Male,57,Ahmedabad,2025-04-14,Gujarat,Regular
14332,Customer 14332,Other,60,Kolkata,2023-05-26,West Bengal,Loyal
14333,Customer 14333,Female,59,Coimbatore,2022-01-19,Tamil Nadu,Regular
14334,Customer 14334,Female,35,Bengaluru,2023-05-10,Karnataka,Loyal
14335,Customer 14335,Female,53,Nagpur,2022-12-21,Maharashtra,Regular
14336,Customer 14336,Male,53,Mumbai,2023-07-13,Maharashtra,Loyal
14337,Customer 14337,Female,29,Ahmedabad,2022-12-11,Gujarat,Regular
14338,Customer 14338,Male,57,Hyderabad,2024-12-19,Telangana,New
14339,Customer 14339,Female,20,Jaipur,2023-11-19,Rajasthan,Regular
14340,Customer 14340,Male,35,Nagpur,2022-08-17,Maharashtra,Regular
14341,Customer 14341,Female,24,Jaipur,2022-05-27,Rajasthan,New
14342,Customer 14342,Male,48,Pune,2022-11-28,Maharashtra,Regular
14343,Customer 14343,Male,18,Kolkata,2023-03-09,West Bengal,Loyal
14344,Customer 14344,Female,48,Bengaluru,2023-02-03,Karnataka,New
14345,Customer 14345,Female,30,Nagpur,2024-04-15,Maharashtra,Regular
14346,Customer 14346,Female,46,Jaipur,2025-05-17,Rajasthan,Regular
14347,Customer 14347,Male,20,Mumbai,2023-08-10,Maharashtra,Loyal
14348,Customer 14348,Male,46,Nagpur,2023-08-22,Maharashtra,New
14349,Customer 14349,Female,52,Ahmedabad,2025-04-18,Gujarat,Regular
14350,Customer 14350,Other,32,Pune,2024-01-27,Maharashtra,New
14351,Customer 14351,Female,38,Hyderabad,2022-12-12,Telangana,Regular
14352,Customer 14352,Male,36,Chennai,2024-11-02,Tamil Nadu,Regular
14353,Customer 14353,Female,45,Delhi,2024-01-08,Delhi,Loyal
14354,Customer 14354,Male,21,Hyderabad,2023-01-15,Telangana,New
14355,Customer 14355,Female,62,Noida,2023-02-25,Uttar Pradesh,New
14356,Customer 14356,Male,30,Nagpur,2025-04-18,Maharashtra,Loyal
14357,Customer 14357,Male,32,Mysuru,2024-10-07,Karnataka,Regular
14358,Customer 14358,Female,56,Coimbatore,2023-02-22,Tamil Nadu,Regular
14359,Customer 14359,Female,49,Mysuru,2022-12-22,Karnataka,VIP
14360,Customer 14360,Male,20,Hyderabad,2022-01-16,Telangana,VIP
14361,Customer 14361,Male,47,Ahmedabad,2022-11-11,Gujarat,Regular
14362,Customer 14362,Male,37,Mysuru,2023-06-17,Karnataka,Regular
14363,Customer 14363,Female,19,Mumbai,2024-11-05,Maharashtra,Loyal
14364,Customer 14364,Male,42,Mysuru,2023-06-29,Karnataka,New
14365,Customer 14365,Male,28,Bengaluru,2023-11-25,Karnataka,Regular
14366,Customer 14366,Female,18,Chennai,2022-03-10,Tamil Nadu,Regular
14367,Customer 14367,Female,27,Nagpur,2023-02-15,Maharashtra,Regular
14368,Customer 14368,Female,34,Kolkata,2024-12-11,West Bengal,VIP
14369,Customer 14369,Female,47,Mysuru,2024-12-24,Karnataka,Loyal
14370,Customer 14370,Female,52,Pune,2024-03-22,Maharashtra,Regular
14371,Customer 14371,Female,36,Kolkata,2024-07-07,West Bengal,Loyal
14372,Customer 14372,Female,63,Chennai,2024-04-26,Tamil Nadu,Regular
14373,Customer 14373,Female,51,Jaipur,2024-01-10,Rajasthan,Loyal
14374,Customer 14374,Male,49,Ahmedabad,2023-03-15,Gujarat,Regular
14375,Customer 14375,Other,29,Chennai,2023-06-14,Tamil Nadu,Regular
14376,Customer 14376,Male,60,Mysuru,2023-12-31,Karnataka,Regular
14377,Customer 14377,Male,34,Chennai,2022-09-30,Tamil Nadu,Regular
14378,Customer 14378,Male,23,Kolkata,2023-04-04,West Bengal,Regular
14379,Customer 14379,Male,30,Coimbatore,2024-03-30,Tamil Nadu,New
14380,Customer 14380,Female,56,Ahmedabad,2025-04-11,Gujarat,VIP
14381,Customer 14381,Female,39,Mysuru,2023-07-22,Karnataka,Loyal
14382,Customer 14382,Female,28,Mumbai,2024-05-10,Maharashtra,Regular
14383,Customer 14383,Female,24,Hyderabad,2023-05-12,Telangana,Loyal
14384,Customer 14384,Female,62,Bengaluru,2024-03-05,Karnataka,VIP
14385,Customer 14385,Male,62,Delhi,2024-03-15,Delhi,Loyal
14386,Customer 14386,Female,38,Kochi,2024-12-31,Kerala,Regular
14387,Customer 14387,Female,18,Noida,2024-07-22,Uttar Pradesh,Loyal
14388,Customer 14388,Male,47,Ahmedabad,2024-09-18,Gujarat,Regular
14389,Customer 14389,Female,36,Chennai,2024-04-19,Tamil Nadu,New
14390,Customer 14390,Male,64,Mumbai,2025-04-10,Maharashtra,Regular
14391,Customer 14391,Male,63,Nagpur,2023-09-27,Maharashtra,Regular
14392,Customer 14392,Male,46,Nagpur,2023-08-26,Maharashtra,VIP
14393,Customer 14393,Male,52,Noida,2024-01-06,Uttar Pradesh,Loyal
14394,Customer 14394,Female,37,Ahmedabad,2025-06-29,Gujarat,Loyal
14395,Customer 14395,Female,53,Ahmedabad,2024-09-17,Gujarat,Loyal
14396,Customer 14396,Male,56,Bengaluru,2023-01-02,Karnataka,Regular
14397,Customer 14397,Female,18,Chennai,2022-09-13,Tamil Nadu,Loyal
14398,Customer 14398,Female,40,Coimbatore,2023-03-16,Tamil Nadu,New
14399,Customer 14399,Male,48,Noida,2023-03-11,Uttar Pradesh,Regular
14400,Customer 14400,Male,52,Bengaluru,2023-11-21,Karnataka,Loyal
14401,Customer 14401,Female,64,Chennai,2022-11-04,Tamil Nadu,Regular
14402,Customer 14402,Female,62,Kolkata,2025-01-23,West Bengal,Loyal
14403,Customer 14403,Other,39,Mumbai,2023-02-13,Maharashtra,Regular
14404,Customer 14404,Male,63,Kochi,2024-04-05,Kerala,Loyal
14405,Customer 14405,Female,24,Hyderabad,2025-04-06,Telangana,Regular
14406,Customer 14406,Male,50,Coimbatore,2022-03-28,Tamil Nadu,Regular
14407,Customer 14407,Male,62,Kolkata,2022-01-03,West Bengal,Regular
14408,Customer 14408,Female,53,Kolkata,2023-01-07,West Bengal,Regular
14409,Customer 14409,Male,61,Delhi,2023-10-04,Delhi,New
14410,Customer 14410,Male,24,Nagpur,2024-11-12,Maharashtra,Regular
14411,Customer 14411,Male,44,Pune,2022-04-08,Maharashtra,Loyal
14412,Customer 14412,Male,19,Mumbai,2023-11-01,Maharashtra,Regular
14413,Customer 14413,Female,34,Nagpur,2022-11-17,Maharashtra,Regular
14414,Customer 14414,Female,18,Mysuru,2023-06-18,Karnataka,Regular
14415,Customer 14415,Male,63,Kochi,2024-03-30,Kerala,VIP
14416,Customer 14416,Male,47,Kolkata,2023-01-02,West Bengal,VIP
14417,Customer 14417,Male,39,Pune,2025-04-22,Maharashtra,Regular
14418,Customer 14418,Female,45,Ahmedabad,2023-02-21,Gujarat,Regular
14419,Customer 14419,Male,50,Nagpur,2023-12-30,Maharashtra,Regular
14420,Customer 14420,Female,43,Bengaluru,2025-05-22,Karnataka,New
14421,Customer 14421,Male,52,Coimbatore,2024-04-27,Tamil Nadu,Regular
14422,Customer 14422,Male,28,Jaipur,2023-11-01,Rajasthan,Regular
14423,Customer 14423,Female,24,Nagpur,2025-05-18,Maharashtra,Regular
14424,Customer 14424,Female,45,Delhi,2022-05-13,Delhi,Regular
14425,Customer 14425,Male,42,Hyderabad,2022-02-22,Telangana,Regular
14426,Customer 14426,Female,58,Bengaluru,2024-01-11,Karnataka,New
14427,Customer 14427,Female,48,Jaipur,2023-11-26,Rajasthan,Loyal
14428,Customer 14428,Female,20,Mumbai,2022-01-23,Maharashtra,Loyal
14429,Customer 14429,Female,50,Mumbai,2025-02-03,Maharashtra,Loyal
14430,Customer 14430,Female,51,Mumbai,2023-04-05,Maharashtra,Regular
14431,Customer 14431,Other,38,Mumbai,2023-10-12,Maharashtra,New
14432,Customer 14432,Male,54,Hyderabad,2023-04-27,Telangana,New
14433,Customer 14433,Female,36,Nagpur,2022-04-30,Maharashtra,Regular
14434,Customer 14434,Male,54,Chennai,2023-11-04,Tamil Nadu,Regular
14435,Customer 14435,Male,38,Nagpur,2022-07-27,Maharashtra,Loyal
14436,Customer 14436,Male,31,Kolkata,2022-11-14,West Bengal,VIP
14437,Customer 14437,Male,27,Mysuru,2022-12-04,Karnataka,Loyal
14438,Customer 14438,Female,24,Jaipur,2022-06-04,Rajasthan,Loyal
14439,Customer 14439,Female,46,Kochi,2024-05-17,Kerala,Regular
14440,Customer 14440,Female,57,Jaipur,2025-03-24,Rajasthan,Loyal
14441,Customer 14441,Male,25,Coimbatore,2023-01-29,Tamil Nadu,VIP
14442,Customer 14442,Male,56,Pune,2023-05-20,Maharashtra,Regular
14443,Customer 14443,Female,30,Chennai,2024-08-28,Tamil Nadu,New
14444,Customer 14444,Male,63,Jaipur,2022-11-09,Rajasthan,New
14445,Customer 14445,Female,36,Chennai,2025-03-26,Tamil Nadu,Regular
14446,Customer 14446,Female,28,Kolkata,2022-01-14,West Bengal,Regular
14447,Customer 14447,Female,19,Nagpur,2022-03-18,Maharashtra,Loyal
14448,Customer 14448,Female,23,Chennai,2023-02-13,Tamil Nadu,Regular
14449,Customer 14449,Female,46,Noida,2023-01-29,Uttar Pradesh,Loyal
14450,Customer 14450,Male,58,Noida,2022-08-08,Uttar Pradesh,New
14451,Customer 14451,Female,22,Kochi,2024-01-14,Kerala,Regular
14452,Customer 14452,Male,58,Mysuru,2023-03-09,Karnataka,Regular
14453,Customer 14453,Male,47,Ahmedabad,2024-03-16,Gujarat,Loyal
14454,Customer 14454,Male,56,Pune,2025-03-09,Maharashtra,Regular
14455,Customer 14455,Female,53,Delhi,2024-09-14,Delhi,VIP
14456,Customer 14456,Male,44,Hyderabad,2023-10-16,Telangana,Loyal
14457,Customer 14457,Male,35,Nagpur,2024-03-27,Maharashtra,Loyal
14458,Customer 14458,Male,53,Hyderabad,2024-01-25,Telangana,Loyal
14459,Customer 14459,Female,33,Kochi,2023-11-07,Kerala,VIP
14460,Customer 14460,Female,22,Delhi,2024-04-11,Delhi,New
14461,Customer 14461,Female,26,Kochi,2025-01-24,Kerala,Loyal
14462,Customer 14462,Female,51,Nagpur,2022-01-28,Maharashtra,New
14463,Customer 14463,Male,51,Nagpur,2024-09-14,Maharashtra,Regular
14464,Customer 14464,Male,53,Pune,2025-06-07,Maharashtra,New
14465,Customer 14465,Female,48,Hyderabad,2023-02-20,Telangana,Regular
14466,Customer 14466,Male,37,Noida,2022-01-25,Uttar Pradesh,Regular
14467,Customer 14467,Male,34,Mumbai,2023-11-04,Maharashtra,Regular
14468,Customer 14468,Male,37,Hyderabad,2023-06-26,Telangana,Loyal
14469,Customer 14469,Female,45,Coimbatore,2022-06-14,Tamil Nadu,Regular
14470,Customer 14470,Male,38,Kochi,2022-07-27,Kerala,Regular
14471,Customer 14471,Female,36,Coimbatore,2024-08-06,Tamil Nadu,Loyal
14472,Customer 14472,Male,20,Nagpur,2024-09-11,Maharashtra,Regular
14473,Customer 14473,Female,47,Mumbai,2023-09-06,Maharashtra,Regular
14474,Customer 14474,Male,22,Bengaluru,2023-01-08,Karnataka,VIP
14475,Customer 14475,Male,59,Delhi,2023-09-10,Delhi,Regular
14476,Customer 14476,Male,23,Mysuru,2022-03-10,Karnataka,Regular
14477,Customer 14477,Female,20,Mumbai,2022-04-11,Maharashtra,Loyal
14478,Customer 14478,Male,59,Mysuru,2022-01-01,Karnataka,New
14479,Customer 14479,Female,41,Jaipur,2022-12-17,Rajasthan,Regular
14480,Customer 14480,Female,61,Hyderabad,2022-01-07,Telangana,Loyal
14481,Customer 14481,Female,18,Hyderabad,2022-11-14,Telangana,Regular
14482,Customer 14482,Male,53,Mysuru,2023-09-15,Karnataka,Regular
14483,Customer 14483,Male,32,Ahmedabad,2023-05-24,Gujarat,Regular
14484,Customer 14484,Male,58,Delhi,2022-07-05,Delhi,Loyal
14485,Customer 14485,Female,55,Mumbai,2023-12-29,Maharashtra,Loyal
14486,Customer 14486,Female,61,Bengaluru,2023-04-07,Karnataka,Loyal
14487,Customer 14487,Female,35,Nagpur,2022-12-09,Maharashtra,Regular
14488,Customer 14488,Female,40,Pune,2023-09-27,Maharashtra,Loyal
14489,Customer 14489,Male,64,Hyderabad,2023-12-14,Telangana,Loyal
14490,Customer 14490,Male,46,Coimbatore,2024-10-28,Tamil Nadu,Regular
14491,Customer 14491,Female,58,Delhi,2023-07-30,Delhi,VIP
14492,Customer 14492,Male,39,Pune,2022-05-16,Maharashtra,Loyal
14493,Customer 14493,Male,41,Kochi,2023-01-18,Kerala,Regular
14494,Customer 14494,Female,62,Kochi,2022-07-05,Kerala,Loyal
14495,Customer 14495,Male,30,Bengaluru,2023-10-01,Karnataka,Loyal
14496,Customer 14496,Female,50,Kochi,2024-07-16,Kerala,Regular
14497,Customer 14497,Female,39,Chennai,2024-08-21,Tamil Nadu,Loyal
14498,Customer 14498,Female,52,Kolkata,2023-07-15,West Bengal,Loyal
14499,Customer 14499,Male,34,Nagpur,2025-04-04,Maharashtra,Loyal
14500,Customer 14500,Male,39,Hyderabad,2024-06-16,Telangana,Regular
14501,Customer 14501,Female,22,Nagpur,2023-10-01,Maharashtra,Regular
14502,Customer 14502,Male,42,Kochi,2022-11-17,Kerala,Regular
14503,Customer 14503,Male,23,Ahmedabad,2025-03-26,Gujarat,Loyal
14504,Customer 14504,Male,34,Jaipur,2024-05-07,Rajasthan,Regular
14505,Customer 14505,Male,48,Jaipur,2024-09-24,Rajasthan,New
14506,Customer 14506,Male,34,Pune,2022-10-12,Maharashtra,Regular
14507,Customer 14507,Female,50,Jaipur,2024-11-17,Rajasthan,Regular
14508,Customer 14508,Male,56,Jaipur,2022-12-17,Rajasthan,Loyal
14509,Customer 14509,Male,54,Nagpur,2022-03-24,Maharashtra,Loyal
14510,Customer 14510,Female,21,Kolkata,2023-10-28,West Bengal,Regular
14511,Customer 14511,Female,60,Chennai,2023-06-25,Tamil Nadu,New
14512,Customer 14512,Male,31,Pune,2023-04-25,Maharashtra,Regular
14513,Customer 14513,Male,30,Hyderabad,2022-08-01,Telangana,Regular
14514,Customer 14514,Female,44,Mumbai,2024-07-18,Maharashtra,Loyal
14515,Customer 14515,Female,41,Coimbatore,2022-12-26,Tamil Nadu,New
14516,Customer 14516,Female,44,Pune,2022-08-02,Maharashtra,Regular
14517,Customer 14517,Female,25,Noida,2022-10-31,Uttar Pradesh,Loyal
14518,Customer 14518,Male,64,Ahmedabad,2025-03-24,Gujarat,VIP
14519,Customer 14519,Female,56,Chennai,2022-07-19,Tamil Nadu,VIP
14520,Customer 14520,Male,38,Ahmedabad,2022-08-26,Gujarat,VIP
14521,Customer 14521,Female,58,Pune,2023-11-02,Maharashtra,Loyal
14522,Customer 14522,Female,28,Pune,2025-04-05,Maharashtra,Loyal
14523,Customer 14523,Female,48,Noida,2025-06-03,Uttar Pradesh,Loyal
14524,Customer 14524,Male,44,Jaipur,2024-05-28,Rajasthan,Loyal
14525,Customer 14525,Male,59,Hyderabad,2022-09-08,Telangana,VIP
14526,Customer 14526,Female,63,Ahmedabad,2023-04-21,Gujarat,Regular
14527,Customer 14527,Female,44,Pune,2023-05-13,Maharashtra,Regular
14528,Customer 14528,Female,25,Coimbatore,2024-09-04,Tamil Nadu,Regular
14529,Customer 14529,Male,50,Nagpur,2024-09-23,Maharashtra,Loyal
14530,Customer 14530,Male,29,Hyderabad,2023-12-02,Telangana,Loyal
14531,Customer 14531,Female,52,Coimbatore,2024-02-23,Tamil Nadu,Loyal
14532,Customer 14532,Male,51,Kochi,2023-03-05,Kerala,Regular
14533,Customer 14533,Female,33,Hyderabad,2023-06-23,Telangana,Regular
14534,Customer 14534,Male,53,Kochi,2024-06-19,Kerala,VIP
14535,Customer 14535,Female,19,Coimbatore,2024-08-25,Tamil Nadu,Regular
14536,Customer 14536,Female,29,Kolkata,2022-07-29,West Bengal,Regular
14537,Customer 14537,Female,44,Chennai,2023-05-06,Tamil Nadu,Loyal
14538,Customer 14538,Male,34,Jaipur,2023-04-16,Rajasthan,New
14539,Customer 14539,Female,37,Coimbatore,2023-07-22,Tamil Nadu,Regular
14540,Customer 14540,Male,38,Mysuru,2023-10-26,Karnataka,Regular
14541,Customer 14541,Female,47,Coimbatore,2023-07-04,Tamil Nadu,New
14542,Customer 14542,Male,59,Mumbai,2022-07-17,Maharashtra,Regular
14543,Customer 14543,Male,37,Mumbai,2023-06-05,Maharashtra,Regular
14544,Customer 14544,Male,25,Delhi,2023-11-19,Delhi,Regular
14545,Customer 14545,Male,35,Kochi,2023-04-12,Kerala,New
14546,Customer 14546,Female,35,Mysuru,2023-08-19,Karnataka,Loyal
14547,Customer 14547,Male,35,Jaipur,2022-05-19,Rajasthan,Regular
14548,Customer 14548,Female,19,Mysuru,2024-10-11,Karnataka,Regular
14549,Customer 14549,Other,29,Nagpur,2022-08-30,Maharashtra,Regular
14550,Customer 14550,Male,49,Mysuru,2022-11-12,Karnataka,Regular
14551,Customer 14551,Female,59,Nagpur,2023-10-29,Maharashtra,Regular
14552,Customer 14552,Male,25,Delhi,2024-01-03,Delhi,Regular
14553,Customer 14553,Male,27,Delhi,2022-05-15,Delhi,VIP
14554,Customer 14554,Male,28,Chennai,2025-04-26,Tamil Nadu,Loyal
14555,Customer 14555,Female,31,Mumbai,2023-08-02,Maharashtra,Regular
14556,Customer 14556,Male,43,Coimbatore,2024-12-28,Tamil Nadu,New
14557,Customer 14557,Female,64,Coimbatore,2023-03-15,Tamil Nadu,Regular
14558,Customer 14558,Female,47,Kochi,2022-03-18,Kerala,New
14559,Customer 14559,Female,59,Noida,2023-02-04,Uttar Pradesh,Loyal
14560,Customer 14560,Male,21,Noida,2023-01-09,Uttar Pradesh,Regular
14561,Customer 14561,Female,56,Bengaluru,2024-11-01,Karnataka,Loyal
14562,Customer 14562,Female,28,Hyderabad,2024-01-28,Telangana,VIP
14563,Customer 14563,Female,41,Chennai,2024-01-19,Tamil Nadu,Regular
14564,Customer 14564,Female,39,Bengaluru,2024-02-03,Karnataka,Regular
14565,Customer 14565,Female,20,Bengaluru,2023-02-21,Karnataka,Regular
14566,Customer 14566,Male,54,Pune,2022-07-26,Maharashtra,New
14567,Customer 14567,Male,19,Kochi,2022-12-07,Kerala,Loyal
14568,Customer 14568,Male,29,Pune,2023-12-22,Maharashtra,Regular
14569,Customer 14569,Male,38,Ahmedabad,2022-11-07,Gujarat,New
14570,Customer 14570,Male,22,Kochi,2023-09-17,Kerala,Loyal
14571,Customer 14571,Male,24,Bengaluru,2022-03-24,Karnataka,Regular
14572,Customer 14572,Male,21,Mysuru,2024-10-23,Karnataka,New
14573,Customer 14573,Female,60,Hyderabad,2024-05-22,Telangana,Regular
14574,Customer 14574,Male,58,Chennai,2022-08-24,Tamil Nadu,Loyal
14575,Customer 14575,Female,53,Kochi,2023-01-24,Kerala,Regular
14576,Customer 14576,Male,39,Bengaluru,2023-01-28,Karnataka,Loyal
14577,Customer 14577,Female,46,Jaipur,2024-01-17,Rajasthan,New
14578,Customer 14578,Female,26,Kolkata,2022-01-30,West Bengal,Regular
14579,Customer 14579,Male,43,Coimbatore,2024-09-08,Tamil Nadu,Regular
14580,Customer 14580,Male,29,Hyderabad,2025-03-17,Telangana,VIP
14581,Customer 14581,Male,18,Pune,2023-08-28,Maharashtra,New
14582,Customer 14582,Male,25,Ahmedabad,2022-10-10,Gujarat,Regular
14583,Customer 14583,Female,50,Coimbatore,2022-08-26,Tamil Nadu,VIP
14584,Customer 14584,Female,21,Kochi,2024-01-01,Kerala,VIP
14585,Customer 14585,Male,31,Pune,2022-01-31,Maharashtra,Loyal
14586,Customer 14586,Male,46,Pune,2024-09-04,Maharashtra,New
14587,Customer 14587,Male,31,Hyderabad,2024-07-03,Telangana,Regular
14588,Customer 14588,Male,26,Pune,2022-07-26,Maharashtra,Regular
14589,Customer 14589,Female,26,Kolkata,2024-06-21,West Bengal,Loyal
14590,Customer 14590,Male,43,Delhi,2025-06-06,Delhi,New
14591,Customer 14591,Female,64,Ahmedabad,2023-08-06,Gujarat,New
14592,Customer 14592,Male,59,Mumbai,2023-04-05,Maharashtra,Regular
14593,Customer 14593,Male,34,Delhi,2022-05-16,Delhi,New
14594,Customer 14594,Female,58,Mumbai,2024-09-04,Maharashtra,Loyal
14595,Customer 14595,Male,21,Noida,2022-10-11,Uttar Pradesh,Loyal
14596,Customer 14596,Female,63,Jaipur,2024-04-29,Rajasthan,Loyal
14597,Customer 14597,Female,20,Noida,2022-12-17,Uttar Pradesh,Regular
14598,Customer 14598,Male,46,Pune,2022-01-17,Maharashtra,Loyal
14599,Customer 14599,Male,42,Chennai,2025-05-23,Tamil Nadu,New
14600,Customer 14600,Female,38,Chennai,2023-02-18,Tamil Nadu,Regular
14601,Customer 14601,Female,29,Mumbai,2025-06-21,Maharashtra,Regular
14602,Customer 14602,Female,18,Coimbatore,2025-01-23,Tamil Nadu,New
14603,Customer 14603,Male,18,Hyderabad,2022-01-06,Telangana,New
14604,Customer 14604,Other,62,Pune,2024-02-19,Maharashtra,Regular
14605,Customer 14605,Male,63,Hyderabad,2022-03-28,Telangana,VIP
14606,Customer 14606,Female,24,Delhi,2022-07-08,Delhi,Loyal
14607,Customer 14607,Female,27,Chennai,2023-02-24,Tamil Nadu,Regular
14608,Customer 14608,Male,32,Mysuru,2024-12-26,Karnataka,New
14609,Customer 14609,Female,57,Ahmedabad,2022-09-05,Gujarat,New
14610,Customer 14610,Male,28,Delhi,2024-05-09,Delhi,Regular
14611,Customer 14611,Female,63,Jaipur,2022-07-26,Rajasthan,Regular
14612,Customer 14612,Male,62,Ahmedabad,2025-05-13,Gujarat,New
14613,Customer 14613,Female,40,Kolkata,2025-01-11,West Bengal,Loyal
14614,Customer 14614,Male,30,Delhi,2023-02-28,Delhi,Regular
14615,Customer 14615,Female,44,Mumbai,2025-01-10,Maharashtra,Regular
14616,Customer 14616,Female,58,Kolkata,2023-07-03,West Bengal,Loyal
14617,Customer 14617,Male,34,Nagpur,2023-05-02,Maharashtra,Loyal
14618,Customer 14618,Male,30,Delhi,2022-05-13,Delhi,Regular
14619,Customer 14619,Female,29,Kolkata,2022-04-25,West Bengal,New
14620,Customer 14620,Male,46,Pune,2023-01-12,Maharashtra,Loyal
14621,Customer 14621,Female,38,Ahmedabad,2024-09-03,Gujarat,Loyal
14622,Customer 14622,Male,37,Bengaluru,2022-07-30,Karnataka,Regular
14623,Customer 14623,Female,37,Bengaluru,2022-05-12,Karnataka,Regular
14624,Customer 14624,Male,48,Pune,2022-06-03,Maharashtra,Regular
14625,Customer 14625,Male,25,Nagpur,2024-07-08,Maharashtra,Regular
14626,Customer 14626,Male,41,Jaipur,2024-08-09,Rajasthan,Regular
14627,Customer 14627,Male,28,Nagpur,2024-03-16,Maharashtra,Regular
14628,Customer 14628,Male,56,Mumbai,2022-05-27,Maharashtra,Loyal
14629,Customer 14629,Female,50,Chennai,2025-02-24,Tamil Nadu,Regular
14630,Customer 14630,Female,59,Hyderabad,2023-12-16,Telangana,New
14631,Customer 14631,Female,32,Ahmedabad,2025-02-15,Gujarat,New
14632,Customer 14632,Female,21,Nagpur,2022-08-19,Maharashtra,Regular
14633,Customer 14633,Male,18,Mysuru,2023-03-27,Karnataka,Regular
14634,Customer 14634,Female,49,Mumbai,2025-03-14,Maharashtra,Regular
14635,Customer 14635,Male,28,Noida,2024-06-25,Uttar Pradesh,Loyal
14636,Customer 14636,Female,47,Coimbatore,2024-12-08,Tamil Nadu,New
14637,Customer 14637,Male,54,Noida,2022-04-17,Uttar Pradesh,Loyal
14638,Customer 14638,Male,36,Jaipur,2022-04-03,Rajasthan,Loyal
14639,Customer 14639,Male,53,Mumbai,2024-04-08,Maharashtra,New
14640,Customer 14640,Female,51,Ahmedabad,2022-05-20,Gujarat,Loyal
14641,Customer 14641,Male,24,Kolkata,2022-01-11,West Bengal,VIP
14642,Customer 14642,Female,62,Delhi,2023-03-24,Delhi,New
14643,Customer 14643,Male,37,Hyderabad,2024-07-15,Telangana,Loyal
14644,Customer 14644,Female,29,Coimbatore,2023-01-30,Tamil Nadu,Regular
14645,Customer 14645,Female,49,Noida,2023-01-13,Uttar Pradesh,Regular
14646,Customer 14646,Male,19,Coimbatore,2022-12-27,Tamil Nadu,New
14647,Customer 14647,Male,39,Mysuru,2023-11-14,Karnataka,Loyal
14648,Customer 14648,Female,58,Mysuru,2024-10-13,Karnataka,Regular
14649,Customer 14649,Female,57,Kolkata,2023-10-04,West Bengal,Loyal
14650,Customer 14650,Male,41,Jaipur,2023-07-27,Rajasthan,Loyal
14651,Customer 14651,Female,48,Mysuru,2024-09-23,Karnataka,Regular
14652,Customer 14652,Female,21,Mumbai,2024-07-11,Maharashtra,Regular
14653,Customer 14653,Male,41,Hyderabad,2023-01-31,Telangana,New
14654,Customer 14654,Female,60,Ahmedabad,2022-07-05,Gujarat,New
14655,Customer 14655,Male,34,Kolkata,2025-05-29,West Bengal,Loyal
14656,Customer 14656,Male,57,Mumbai,2025-04-13,Maharashtra,New
14657,Customer 14657,Female,36,Bengaluru,2023-01-06,Karnataka,Regular
14658,Customer 14658,Male,57,Delhi,2025-05-12,Delhi,Regular
14659,Customer 14659,Male,55,Kochi,2023-08-31,Kerala,Loyal
14660,Customer 14660,Female,51,Delhi,2022-10-09,Delhi,Regular
14661,Customer 14661,Female,64,Mysuru,2024-11-22,Karnataka,VIP
14662,Customer 14662,Female,50,Bengaluru,2022-03-23,Karnataka,Loyal
14663,Customer 14663,Female,23,Nagpur,2022-05-28,Maharashtra,Loyal
14664,Customer 14664,Female,53,Nagpur,2024-08-22,Maharashtra,New
14665,Customer 14665,Male,30,Ahmedabad,2024-09-18,Gujarat,Regular
14666,Customer 14666,Male,64,Mysuru,2024-08-05,Karnataka,New
14667,Customer 14667,Female,26,Noida,2023-05-10,Uttar Pradesh,Regular
14668,Customer 14668,Male,52,Mumbai,2025-04-08,Maharashtra,Loyal
14669,Customer 14669,Female,51,Mysuru,2023-12-24,Karnataka,New
14670,Customer 14670,Female,33,Chennai,2023-12-04,Tamil Nadu,New
14671,Customer 14671,Male,35,Coimbatore,2024-10-27,Tamil Nadu,Regular
14672,Customer 14672,Female,35,Ahmedabad,2024-04-05,Gujarat,Regular
14673,Customer 14673,Female,55,Delhi,2023-03-10,Delhi,Regular
14674,Customer 14674,Male,60,Nagpur,2024-11-23,Maharashtra,New
14675,Customer 14675,Other,49,Pune,2023-07-17,Maharashtra,Loyal
14676,Customer 14676,Female,24,Kochi,2022-05-18,Kerala,Regular
14677,Customer 14677,Male,40,Nagpur,2023-01-02,Maharashtra,Regular
14678,Customer 14678,Female,40,Ahmedabad,2022-04-16,Gujarat,Regular
14679,Customer 14679,Female,63,Delhi,2024-03-04,Delhi,Regular
14680,Customer 14680,Female,35,Ahmedabad,2024-11-21,Gujarat,Loyal
14681,Customer 14681,Female,24,Coimbatore,2023-09-28,Tamil Nadu,Loyal
14682,Customer 14682,Female,59,Delhi,2024-09-13,Delhi,Regular
14683,Customer 14683,Male,57,Jaipur,2024-08-15,Rajasthan,Regular
14684,Customer 14684,Female,41,Pune,2025-04-06,Maharashtra,New
14685,Customer 14685,Female,31,Mysuru,2024-05-04,Karnataka,Loyal
14686,Customer 14686,Male,22,Jaipur,2022-03-19,Rajasthan,Loyal
14687,Customer 14687,Male,63,Bengaluru,2022-07-28,Karnataka,Regular
14688,Customer 14688,Female,39,Pune,2022-01-08,Maharashtra,Loyal
14689,Customer 14689,Female,39,Delhi,2024-01-07,Delhi,New
14690,Customer 14690,Female,27,Delhi,2022-08-15,Delhi,Loyal
14691,Customer 14691,Female,43,Chennai,2022-06-24,Tamil Nadu,VIP
14692,Customer 14692,Female,32,Kolkata,2022-03-22,West Bengal,Regular
14693,Customer 14693,Female,55,Chennai,2024-12-16,Tamil Nadu,New
14694,Customer 14694,Female,58,Hyderabad,2025-03-04,Telangana,Loyal
14695,Customer 14695,Male,59,Chennai,2022-08-26,Tamil Nadu,New
14696,Customer 14696,Female,18,Mumbai,2025-05-25,Maharashtra,Loyal
14697,Customer 14697,Female,31,Bengaluru,2024-11-15,Karnataka,New
14698,Customer 14698,Female,53,Jaipur,2022-07-06,Rajasthan,Loyal
14699,Customer 14699,Female,48,Coimbatore,2023-09-22,Tamil Nadu,Regular
14700,Customer 14700,Female,45,Jaipur,2025-02-13,Rajasthan,Regular
14701,Customer 14701,Male,51,Jaipur,2024-10-10,Rajasthan,Loyal
14702,Customer 14702,Male,52,Pune,2024-03-25,Maharashtra,Loyal
14703,Customer 14703,Male,56,Delhi,2023-09-06,Delhi,Regular
14704,Customer 14704,Male,40,Hyderabad,2024-06-10,Telangana,Regular
14705,Customer 14705,Female,63,Hyderabad,2025-04-01,Telangana,Loyal
14706,Customer 14706,Male,61,Coimbatore,2022-06-27,Tamil Nadu,Loyal
14707,Customer 14707,Male,36,Bengaluru,2024-09-11,Karnataka,Loyal
14708,Customer 14708,Female,35,Pune,2022-10-07,Maharashtra,Regular
14709,Customer 14709,Female,32,Nagpur,2024-03-08,Maharashtra,Regular
14710,Customer 14710,Male,18,Ahmedabad,2025-05-20,Gujarat,Loyal
14711,Customer 14711,Female,42,Chennai,2024-12-13,Tamil Nadu,Loyal
14712,Customer 14712,Female,43,Ahmedabad,2022-03-08,Gujarat,Regular
14713,Customer 14713,Male,52,Ahmedabad,2023-06-28,Gujarat,Regular
14714,Customer 14714,Male,32,Mysuru,2023-06-04,Karnataka,Regular
14715,Customer 14715,Female,21,Ahmedabad,2023-05-14,Gujarat,Loyal
14716,Customer 14716,Female,32,Hyderabad,2024-08-03,Telangana,Loyal
14717,Customer 14717,Female,59,Chennai,2023-12-28,Tamil Nadu,Loyal
14718,Customer 14718,Male,55,Chennai,2024-12-05,Tamil Nadu,Regular
14719,Customer 14719,Male,62,Mumbai,2024-11-24,Maharashtra,Regular
14720,Customer 14720,Female,56,Bengaluru,2022-07-08,Karnataka,Loyal
14721,Customer 14721,Male,18,Mysuru,2025-01-17,Karnataka,Regular
14722,Customer 14722,Male,39,Ahmedabad,2024-08-04,Gujarat,Regular
14723,Customer 14723,Female,28,Kolkata,2022-05-16,West Bengal,Regular
14724,Customer 14724,Male,63,Nagpur,2023-06-30,Maharashtra,Loyal
14725,Customer 14725,Female,55,Jaipur,2024-03-03,Rajasthan,New
14726,Customer 14726,Female,54,Delhi,2025-02-10,Delhi,Regular
14727,Customer 14727,Male,43,Mumbai,2025-04-10,Maharashtra,Regular
14728,Customer 14728,Female,44,Chennai,2023-07-09,Tamil Nadu,Regular
14729,Customer 14729,Male,30,Chennai,2024-06-12,Tamil Nadu,Regular
14730,Customer 14730,Female,24,Noida,2024-08-03,Uttar Pradesh,Regular
14731,Customer 14731,Male,25,Mysuru,2023-06-09,Karnataka,Loyal
14732,Customer 14732,Male,63,Ahmedabad,2022-06-23,Gujarat,Regular
14733,Customer 14733,Female,40,Mysuru,2023-09-29,Karnataka,Regular
14734,Customer 14734,Male,43,Noida,2022-07-26,Uttar Pradesh,Loyal
14735,Customer 14735,Female,61,Kochi,2024-08-06,Kerala,Regular
14736,Customer 14736,Male,44,Jaipur,2022-04-14,Rajasthan,Regular
14737,Customer 14737,Male,26,Mysuru,2024-11-29,Karnataka,Regular
14738,Customer 14738,Female,63,Chennai,2024-11-12,Tamil Nadu,Loyal
14739,Customer 14739,Male,55,Hyderabad,2025-06-29,Telangana,Loyal
14740,Customer 14740,Male,64,Pune,2022-10-17,Maharashtra,Regular
14741,Customer 14741,Female,30,Chennai,2025-05-10,Tamil Nadu,New
14742,Customer 14742,Female,24,Mumbai,2025-03-24,Maharashtra,Loyal
14743,Customer 14743,Female,28,Bengaluru,2023-07-21,Karnataka,Regular
14744,Customer 14744,Female,27,Kochi,2025-02-03,Kerala,Loyal
14745,Customer 14745,Male,50,Noida,2024-08-21,Uttar Pradesh,Regular
14746,Customer 14746,Female,56,Nagpur,2025-05-08,Maharashtra,Regular
14747,Customer 14747,Male,20,Delhi,2024-04-17,Delhi,Regular
14748,Customer 14748,Female,58,Nagpur,2025-05-25,Maharashtra,New
14749,Customer 14749,Male,46,Chennai,2023-02-15,Tamil Nadu,Regular
14750,Customer 14750,Other,54,Mumbai,2024-05-31,Maharashtra,New
14751,Customer 14751,Female,62,Ahmedabad,2025-02-14,Gujarat,Regular
14752,Customer 14752,Female,33,Chennai,2024-06-04,Tamil Nadu,Regular
14753,Customer 14753,Female,33,Bengaluru,2023-02-28,Karnataka,Regular
14754,Customer 14754,Female,61,Hyderabad,2025-05-20,Telangana,Regular
14755,Customer 14755,Female,60,Jaipur,2022-06-04,Rajasthan,Loyal
14756,Customer 14756,Male,24,Kolkata,2022-05-31,West Bengal,Loyal
14757,Customer 14757,Male,32,Delhi,2022-07-31,Delhi,Regular
14758,Customer 14758,Male,55,Bengaluru,2025-04-30,Karnataka,Regular
14759,Customer 14759,Male,23,Noida,2024-05-30,Uttar Pradesh,New
14760,Customer 14760,Female,35,Ahmedabad,2024-01-25,Gujarat,New
14761,Customer 14761,Female,36,Noida,2025-01-26,Uttar Pradesh,Loyal
14762,Customer 14762,Female,19,Chennai,2023-06-25,Tamil Nadu,Regular
14763,Customer 14763,Female,20,Mumbai,2023-12-02,Maharashtra,Loyal
14764,Customer 14764,Female,63,Bengaluru,2022-06-21,Karnataka,Regular
14765,Customer 14765,Male,42,Coimbatore,2023-01-06,Tamil Nadu,New
14766,Customer 14766,Male,53,Ahmedabad,2025-03-24,Gujarat,Loyal
14767,Customer 14767,Male,45,Mumbai,2025-03-09,Maharashtra,New
14768,Customer 14768,Male,55,Hyderabad,2024-07-01,Telangana,New
14769,Customer 14769,Female,45,Ahmedabad,2024-03-12,Gujarat,Regular
14770,Customer 14770,Female,49,Noida,2022-09-13,Uttar Pradesh,VIP
14771,Customer 14771,Female,58,Ahmedabad,2024-09-16,Gujarat,Regular
14772,Customer 14772,Female,53,Kolkata,2023-11-07,West Bengal,Regular
14773,Customer 14773,Female,56,Chennai,2024-05-13,Tamil Nadu,Loyal
14774,Customer 14774,Male,53,Mysuru,2023-02-20,Karnataka,Regular
14775,Customer 14775,Female,60,Noida,2022-11-25,Uttar Pradesh,Loyal
14776,Customer 14776,Male,40,Kolkata,2024-07-06,West Bengal,Regular
14777,Customer 14777,Male,19,Kochi,2025-03-08,Kerala,VIP
14778,Customer 14778,Male,27,Delhi,2024-08-19,Delhi,Loyal
14779,Customer 14779,Male,23,Pune,2024-04-03,Maharashtra,Regular
14780,Customer 14780,Male,25,Mysuru,2022-09-06,Karnataka,Regular
14781,Customer 14781,Male,32,Chennai,2024-01-15,Tamil Nadu,Loyal
14782,Customer 14782,Female,62,Coimbatore,2022-11-04,Tamil Nadu,Loyal
14783,Customer 14783,Female,46,Mysuru,2023-07-27,Karnataka,Regular
14784,Customer 14784,Male,45,Delhi,2025-05-27,Delhi,Loyal
14785,Customer 14785,Male,39,Mumbai,2024-03-08,Maharashtra,Regular
14786,Customer 14786,Female,51,Coimbatore,2024-09-27,Tamil Nadu,New
14787,Customer 14787,Male,37,Noida,2024-01-31,Uttar Pradesh,Regular
14788,Customer 14788,Female,50,Coimbatore,2022-10-20,Tamil Nadu,Regular
14789,Customer 14789,Female,32,Bengaluru,2023-02-14,Karnataka,New
14790,Customer 14790,Male,24,Delhi,2022-07-17,Delhi,Regular
14791,Customer 14791,Male,41,Kochi,2022-03-21,Kerala,Loyal
14792,Customer 14792,Male,43,Ahmedabad,2022-05-17,Gujarat,New
14793,Customer 14793,Male,27,Kolkata,2022-08-01,West Bengal,New
14794,Customer 14794,Male,32,Mysuru,2023-09-11,Karnataka,Loyal
14795,Customer 14795,Female,54,Bengaluru,2024-08-17,Karnataka,Regular
14796,Customer 14796,Male,41,Jaipur,2025-05-15,Rajasthan,New
14797,Customer 14797,Female,28,Coimbatore,2025-03-02,Tamil Nadu,Loyal
14798,Customer 14798,Female,57,Bengaluru,2022-06-15,Karnataka,Loyal
14799,Customer 14799,Male,38,Nagpur,2023-03-06,Maharashtra,Regular
14800,Customer 14800,Male,57,Delhi,2025-04-18,Delhi,Regular
14801,Customer 14801,Male,55,Kolkata,2022-05-01,West Bengal,New
14802,Customer 14802,Male,32,Hyderabad,2025-04-12,Telangana,Loyal
14803,Customer 14803,Female,32,Mumbai,2022-11-27,Maharashtra,Regular
14804,Customer 14804,Male,54,Coimbatore,2024-12-27,Tamil Nadu,Regular
14805,Customer 14805,Female,62,Delhi,2025-03-07,Delhi,Loyal
14806,Customer 14806,Male,31,Hyderabad,2025-06-15,Telangana,New
14807,Customer 14807,Male,60,Hyderabad,2025-01-04,Telangana,New
14808,Customer 14808,Female,38,Jaipur,2025-03-20,Rajasthan,New
14809,Customer 14809,Female,61,Chennai,2023-09-12,Tamil Nadu,New
14810,Customer 14810,Male,37,Kolkata,2022-02-06,West Bengal,Loyal
14811,Customer 14811,Male,50,Bengaluru,2024-08-21,Karnataka,Regular
14812,Customer 14812,Female,20,Hyderabad,2024-04-24,Telangana,Regular
14813,Customer 14813,Male,57,Nagpur,2025-02-23,Maharashtra,New
14814,Customer 14814,Male,40,Jaipur,2024-03-07,Rajasthan,New
14815,Customer 14815,Female,61,Delhi,2022-10-13,Delhi,VIP
14816,Customer 14816,Female,64,Jaipur,2025-06-17,Rajasthan,Loyal
14817,Customer 14817,Female,40,Pune,2024-06-05,Maharashtra,Regular
14818,Customer 14818,Female,44,Pune,2022-08-08,Maharashtra,Regular
14819,Customer 14819,Female,52,Ahmedabad,2024-10-27,Gujarat,Regular
14820,Customer 14820,Female,42,Jaipur,2022-08-04,Rajasthan,New
14821,Customer 14821,Female,49,Ahmedabad,2023-11-12,Gujarat,VIP
14822,Customer 14822,Female,39,Coimbatore,2022-10-20,Tamil Nadu,Loyal
14823,Customer 14823,Female,25,Ahmedabad,2022-02-12,Gujarat,Regular
14824,Customer 14824,Male,55,Noida,2025-01-21,Uttar Pradesh,Regular
14825,Customer 14825,Male,35,Bengaluru,2023-11-24,Karnataka,Regular
14826,Customer 14826,Female,45,Noida,2025-05-23,Uttar Pradesh,Regular
14827,Customer 14827,Female,45,Hyderabad,2024-08-16,Telangana,Regular
14828,Customer 14828,Male,28,Delhi,2022-04-24,Delhi,Regular
14829,Customer 14829,Female,29,Coimbatore,2025-04-23,Tamil Nadu,New
14830,Customer 14830,Male,19,Mysuru,2024-07-09,Karnataka,New
14831,Customer 14831,Female,54,Hyderabad,2025-02-22,Telangana,Regular
14832,Customer 14832,Female,21,Bengaluru,2025-02-02,Karnataka,Loyal
14833,Customer 14833,Female,58,Pune,2022-08-25,Maharashtra,Loyal
14834,Customer 14834,Male,62,Kolkata,2023-10-15,West Bengal,New
14835,Customer 14835,Female,62,Ahmedabad,2022-06-07,Gujarat,New
14836,Customer 14836,Male,64,Chennai,2024-06-26,Tamil Nadu,Regular
14837,Customer 14837,Male,51,Delhi,2024-08-18,Delhi,Loyal
14838,Customer 14838,Male,40,Mumbai,2024-05-02,Maharashtra,VIP
14839,Customer 14839,Female,30,Kolkata,2025-02-14,West Bengal,Loyal
14840,Customer 14840,Male,24,Noida,2024-06-04,Uttar Pradesh,Loyal
14841,Customer 14841,Male,49,Ahmedabad,2022-03-01,Gujarat,Regular
14842,Customer 14842,Female,40,Coimbatore,2023-02-05,Tamil Nadu,New
14843,Customer 14843,Female,25,Noida,2024-04-07,Uttar Pradesh,New
14844,Customer 14844,Female,64,Delhi,2025-04-18,Delhi,Regular
14845,Customer 14845,Female,64,Noida,2025-06-09,Uttar Pradesh,New
14846,Customer 14846,Male,54,Delhi,2023-04-21,Delhi,Loyal
14847,Customer 14847,Female,51,Noida,2023-10-17,Uttar Pradesh,Loyal
14848,Customer 14848,Female,46,Kolkata,2024-04-24,West Bengal,New
14849,Customer 14849,Male,54,Jaipur,2024-07-12,Rajasthan,Loyal
14850,Customer 14850,Male,40,Nagpur,2025-06-22,Maharashtra,Regular
14851,Customer 14851,Male,55,Kolkata,2023-09-30,West Bengal,Loyal
14852,Customer 14852,Male,46,Jaipur,2023-10-11,Rajasthan,Loyal
14853,Customer 14853,Female,61,Mysuru,2022-08-01,Karnataka,New
14854,Customer 14854,Female,22,Hyderabad,2024-09-16,Telangana,Regular
14855,Customer 14855,Female,57,Hyderabad,2024-03-14,Telangana,New
14856,Customer 14856,Female,28,Bengaluru,2022-05-08,Karnataka,Loyal
14857,Customer 14857,Male,31,Ahmedabad,2024-08-09,Gujarat,Regular
14858,Customer 14858,Female,59,Kolkata,2022-08-05,West Bengal,Loyal
14859,Customer 14859,Male,19,Kolkata,2023-12-12,West Bengal,Regular
14860,Customer 14860,Female,52,Mumbai,2022-01-20,Maharashtra,Loyal
14861,Customer 14861,Male,62,Mumbai,2024-12-19,Maharashtra,VIP
14862,Customer 14862,Female,52,Bengaluru,2023-11-06,Karnataka,Loyal
14863,Customer 14863,Male,59,Chennai,2023-12-15,Tamil Nadu,New
14864,Customer 14864,Male,45,Hyderabad,2024-01-09,Telangana,Regular
14865,Customer 14865,Male,25,Chennai,2025-02-26,Tamil Nadu,New
14866,Customer 14866,Female,49,Ahmedabad,2023-07-11,Gujarat,New
14867,Customer 14867,Female,21,Delhi,2022-07-16,Delhi,Regular
14868,Customer 14868,Male,62,Delhi,2024-07-24,Delhi,Regular
14869,Customer 14869,Female,24,Kochi,2023-11-09,Kerala,Loyal
14870,Customer 14870,Female,56,Pune,2023-05-19,Maharashtra,Regular
14871,Customer 14871,Female,44,Noida,2025-06-24,Uttar Pradesh,Loyal
14872,Customer 14872,Female,54,Mumbai,2024-01-08,Maharashtra,New
14873,Customer 14873,Male,34,Pune,2024-03-02,Maharashtra,New
14874,Customer 14874,Male,27,Mysuru,2022-07-16,Karnataka,New
14875,Customer 14875,Female,21,Bengaluru,2025-02-04,Karnataka,Regular
14876,Customer 14876,Female,40,Bengaluru,2024-02-20,Karnataka,Regular
14877,Customer 14877,Female,31,Delhi,2024-01-14,Delhi,Regular
14878,Customer 14878,Female,22,Kolkata,2025-03-29,West Bengal,VIP
14879,Customer 14879,Male,19,Hyderabad,2023-02-26,Telangana,Regular
14880,Customer 14880,Female,63,Chennai,2025-05-15,Tamil Nadu,New
14881,Customer 14881,Male,41,Mumbai,2023-03-08,Maharashtra,New
14882,Customer 14882,Other,35,Pune,2024-07-14,Maharashtra,Loyal
14883,Customer 14883,Male,44,Chennai,2022-08-23,Tamil Nadu,Loyal
14884,Customer 14884,Female,41,Kolkata,2022-11-23,West Bengal,Loyal
14885,Customer 14885,Female,46,Pune,2024-07-22,Maharashtra,New
14886,Customer 14886,Male,28,Jaipur,2023-04-24,Rajasthan,New
14887,Customer 14887,Male,35,Noida,2023-03-04,Uttar Pradesh,New
14888,Customer 14888,Female,21,Mysuru,2023-10-28,Karnataka,Loyal
14889,Customer 14889,Female,50,Kochi,2025-01-28,Kerala,Regular
14890,Customer 14890,Male,31,Mysuru,2025-06-15,Karnataka,Regular
14891,Customer 14891,Female,61,Chennai,2025-02-04,Tamil Nadu,Regular
14892,Customer 14892,Female,59,Chennai,2024-05-07,Tamil Nadu,Regular
14893,Customer 14893,Male,49,Kochi,2023-10-04,Kerala,New
14894,Customer 14894,Male,21,Chennai,2024-03-21,Tamil Nadu,Regular
14895,Customer 14895,Female,37,Kochi,2024-12-02,Kerala,New
14896,Customer 14896,Female,38,Pune,2023-07-29,Maharashtra,VIP
14897,Customer 14897,Female,20,Kochi,2025-01-01,Kerala,New
14898,Customer 14898,Female,42,Noida,2024-10-15,Uttar Pradesh,New
14899,Customer 14899,Male,21,Kochi,2024-10-25,Kerala,Regular
14900,Customer 14900,Male,64,Jaipur,2024-03-13,Rajasthan,Loyal
14901,Customer 14901,Male,28,Kochi,2023-02-04,Kerala,Regular
14902,Customer 14902,Male,33,Nagpur,2023-08-18,Maharashtra,Regular
14903,Customer 14903,Female,53,Kochi,2025-02-04,Kerala,New
14904,Customer 14904,Female,23,Chennai,2022-04-27,Tamil Nadu,New
14905,Customer 14905,Male,48,Jaipur,2023-01-18,Rajasthan,Regular
14906,Customer 14906,Male,57,Hyderabad,2024-05-08,Telangana,New
14907,Customer 14907,Female,30,Ahmedabad,2022-03-23,Gujarat,Loyal
14908,Customer 14908,Female,40,Jaipur,2024-04-11,Rajasthan,Loyal
14909,Customer 14909,Female,21,Kolkata,2024-05-22,West Bengal,Loyal
14910,Customer 14910,Female,54,Ahmedabad,2023-10-15,Gujarat,New
14911,Customer 14911,Female,59,Mumbai,2024-01-04,Maharashtra,Regular
14912,Customer 14912,Female,54,Mumbai,2022-03-11,Maharashtra,VIP
14913,Customer 14913,Male,61,Kolkata,2023-01-22,West Bengal,Loyal
14914,Customer 14914,Male,50,Jaipur,2023-06-08,Rajasthan,New
14915,Customer 14915,Male,59,Pune,2022-10-24,Maharashtra,Regular
14916,Customer 14916,Female,46,Kolkata,2023-09-09,West Bengal,Loyal
14917,Customer 14917,Female,54,Ahmedabad,2023-12-20,Gujarat,Regular
14918,Customer 14918,Female,36,Ahmedabad,2024-12-24,Gujarat,Loyal
14919,Customer 14919,Male,37,Chennai,2022-06-27,Tamil Nadu,Regular
14920,Customer 14920,Male,49,Delhi,2024-10-28,Delhi,New
14921,Customer 14921,Male,61,Bengaluru,2025-03-28,Karnataka,New
14922,Customer 14922,Male,33,Nagpur,2022-01-11,Maharashtra,New
14923,Customer 14923,Female,22,Ahmedabad,2024-02-24,Gujarat,New
14924,Customer 14924,Female,63,Hyderabad,2023-02-15,Telangana,Loyal
14925,Customer 14925,Female,29,Kolkata,2024-06-10,West Bengal,Loyal
14926,Customer 14926,Female,62,Noida,2023-08-30,Uttar Pradesh,Loyal
14927,Customer 14927,Female,38,Kochi,2022-06-04,Kerala,Regular
14928,Customer 14928,Female,31,Delhi,2025-05-14,Delhi,Regular
14929,Customer 14929,Male,54,Ahmedabad,2025-02-12,Gujarat,Regular
14930,Customer 14930,Female,39,Kolkata,2023-08-22,West Bengal,Loyal
14931,Customer 14931,Female,47,Mysuru,2024-04-03,Karnataka,Regular
14932,Customer 14932,Female,40,Delhi,2022-12-16,Delhi,Regular
14933,Customer 14933,Male,22,Pune,2025-01-26,Maharashtra,VIP
14934,Customer 14934,Male,46,Nagpur,2024-07-31,Maharashtra,Regular
14935,Customer 14935,Male,47,Coimbatore,2022-01-19,Tamil Nadu,Loyal
14936,Customer 14936,Female,35,Coimbatore,2022-11-09,Tamil Nadu,Loyal
14937,Customer 14937,Male,63,Chennai,2024-07-15,Tamil Nadu,Regular
14938,Customer 14938,Female,18,Chennai,2023-06-12,Tamil Nadu,New
14939,Customer 14939,Female,56,Pune,2023-07-11,Maharashtra,VIP
14940,Customer 14940,Male,34,Noida,2023-03-21,Uttar Pradesh,Regular
14941,Customer 14941,Female,20,Chennai,2022-08-19,Tamil Nadu,New
14942,Customer 14942,Female,59,Bengaluru,2023-09-17,Karnataka,Regular
14943,Customer 14943,Male,24,Ahmedabad,2024-10-07,Gujarat,Regular
14944,Customer 14944,Female,44,Nagpur,2024-06-07,Maharashtra,Loyal
14945,Customer 14945,Male,45,Jaipur,2022-12-25,Rajasthan,VIP
14946,Customer 14946,Male,61,Kolkata,2022-02-13,West Bengal,Loyal
14947,Customer 14947,Female,48,Jaipur,2024-05-26,Rajasthan,VIP
14948,Customer 14948,Female,32,Pune,2025-02-08,Maharashtra,New
14949,Customer 14949,Other,25,Mumbai,2022-08-11,Maharashtra,Loyal
14950,Customer 14950,Female,23,Kolkata,2024-06-20,West Bengal,Regular
14951,Customer 14951,Female,45,Kolkata,2022-09-28,West Bengal,New
14952,Customer 14952,Female,21,Mysuru,2022-07-31,Karnataka,Loyal
14953,Customer 14953,Female,47,Pune,2022-09-04,Maharashtra,Regular
14954,Customer 14954,Female,60,Pune,2024-08-05,Maharashtra,Loyal
14955,Customer 14955,Male,34,Coimbatore,2024-03-31,Tamil Nadu,New
14956,Customer 14956,Female,51,Hyderabad,2022-03-13,Telangana,Loyal
14957,Customer 14957,Male,23,Jaipur,2025-05-21,Rajasthan,New
14958,Customer 14958,Female,53,Noida,2022-10-22,Uttar Pradesh,New
14959,Customer 14959,Male,52,Hyderabad,2022-06-20,Telangana,Regular
14960,Customer 14960,Female,56,Kochi,2022-09-03,Kerala,Regular
14961,Customer 14961,Male,56,Bengaluru,2025-03-10,Karnataka,Regular
14962,Customer 14962,Male,33,Kochi,2023-09-09,Kerala,VIP
14963,Customer 14963,Female,19,Mumbai,2022-08-28,Maharashtra,Loyal
14964,Customer 14964,Male,25,Kolkata,2022-11-07,West Bengal,Regular
14965,Customer 14965,Female,32,Coimbatore,2023-02-02,Tamil Nadu,New
14966,Customer 14966,Male,44,Mumbai,2024-07-11,Maharashtra,Regular
14967,Customer 14967,Male,33,Kolkata,2024-03-02,West Bengal,Regular
14968,Customer 14968,Male,18,Bengaluru,2022-01-22,Karnataka,Regular
14969,Customer 14969,Female,27,Hyderabad,2025-01-06,Telangana,Regular
14970,Customer 14970,Male,24,Pune,2024-03-23,Maharashtra,Loyal
14971,Customer 14971,Female,27,Chennai,2024-06-22,Tamil Nadu,New
14972,Customer 14972,Male,29,Jaipur,2024-04-11,Rajasthan,Regular
14973,Customer 14973,Male,34,Chennai,2024-11-10,Tamil Nadu,Regular
14974,Customer 14974,Male,62,Ahmedabad,2023-05-22,Gujarat,Regular
14975,Customer 14975,Male,29,Delhi,2022-06-09,Delhi,Loyal
14976,Customer 14976,Female,32,Mysuru,2024-01-14,Karnataka,Regular
14977,Customer 14977,Female,63,Noida,2024-03-23,Uttar Pradesh,Regular
14978,Customer 14978,Female,49,Bengaluru,2022-06-29,Karnataka,Regular
14979,Customer 14979,Male,49,Mysuru,2022-08-01,Karnataka,Loyal
14980,Customer 14980,Male,43,Ahmedabad,2023-06-14,Gujarat,Loyal
14981,Customer 14981,Male,31,Ahmedabad,2022-01-27,Gujarat,Regular
14982,Customer 14982,Female,43,Noida,2024-07-27,Uttar Pradesh,Regular
14983,Customer 14983,Male,22,Kolkata,2024-05-19,West Bengal,New
14984,Customer 14984,Female,55,Mysuru,2023-03-14,Karnataka,New
14985,Customer 14985,Male,63,Hyderabad,2022-10-12,Telangana,VIP
14986,Customer 14986,Male,21,Noida,2023-10-23,Uttar Pradesh,Regular
14987,Customer 14987,Male,45,Ahmedabad,2023-10-11,Gujarat,Loyal
14988,Customer 14988,Male,18,Hyderabad,2022-07-08,Telangana,New
14989,Customer 14989,Female,30,Pune,2025-05-07,Maharashtra,Regular
14990,Customer 14990,Male,60,Coimbatore,2025-01-30,Tamil Nadu,VIP
14991,Customer 14991,Female,20,Hyderabad,2023-04-24,Telangana,New
14992,Customer 14992,Male,42,Kolkata,2023-08-26,West Bengal,Regular
14993,Customer 14993,Female,59,Chennai,2024-10-11,Tamil Nadu,Loyal
14994,Customer 14994,Male,33,Mysuru,2025-06-01,Karnataka,VIP
14995,Customer 14995,Female,38,Kolkata,2023-06-01,West Bengal,Loyal
14996,Customer 14996,Female,30,Delhi,2024-07-04,Delhi,Loyal
14997,Customer 14997,Female,61,Jaipur,2022-08-18,Rajasthan,Loyal
14998,Customer 14998,Male,53,Nagpur,2024-05-18,Maharashtra,Regular
14999,Customer 14999,Female,25,Ahmedabad,2025-02-11,Gujarat,Loyal
15000,Customer 15000,Male,61,Jaipur,2025-04-22,Rajasthan,VIP
15001,Customer 15001,Male,36,Jaipur,2024-01-29,Rajasthan,Regular
15002,Customer 15002,Male,64,Noida,2022-02-03,Uttar Pradesh,Regular
15003,Customer 15003,Male,33,Bengaluru,2022-10-23,Karnataka,Regular
15004,Customer 15004,Other,29,Delhi,2023-03-29,Delhi,Loyal
15005,Customer 15005,Male,37,Chennai,2025-02-24,Tamil Nadu,Regular
15006,Customer 15006,Female,35,Hyderabad,2022-05-22,Telangana,Loyal
15007,Customer 15007,Female,29,Coimbatore,2023-10-10,Tamil Nadu,Regular
15008,Customer 15008,Female,42,Kolkata,2022-05-08,West Bengal,Regular
15009,Customer 15009,Female,28,Pune,2024-04-14,Maharashtra,Regular
15010,Customer 15010,Male,39,Nagpur,2024-07-13,Maharashtra,New
15011,Customer 15011,Female,63,Mumbai,2023-12-31,Maharashtra,Regular
15012,Customer 15012,Male,51,Delhi,2023-04-08,Delhi,Regular
15013,Customer 15013,Female,30,Jaipur,2025-06-21,Rajasthan,Regular
15014,Customer 15014,Female,63,Coimbatore,2023-07-18,Tamil Nadu,Regular
15015,Customer 15015,Female,55,Mumbai,2025-04-24,Maharashtra,Regular
15016,Customer 15016,Male,29,Nagpur,2025-06-10,Maharashtra,Regular
15017,Customer 15017,Male,56,Bengaluru,2023-05-29,Karnataka,VIP
15018,Customer 15018,Male,53,Bengaluru,2022-01-01,Karnataka,Loyal
15019,Customer 15019,Male,45,Mysuru,2025-06-16,Karnataka,Loyal
15020,Customer 15020,Male,44,Kochi,2024-12-14,Kerala,Regular
15021,Customer 15021,Female,56,Nagpur,2022-12-04,Maharashtra,Regular
15022,Customer 15022,Male,30,Nagpur,2024-06-26,Maharashtra,Regular
15023,Customer 15023,Female,60,Mumbai,2024-03-28,Maharashtra,Loyal
15024,Customer 15024,Female,57,Coimbatore,2024-10-30,Tamil Nadu,Regular
15025,Customer 15025,Female,44,Kolkata,2025-02-01,West Bengal,Loyal
15026,Customer 15026,Male,48,Noida,2022-12-11,Uttar Pradesh,Regular
15027,Customer 15027,Male,19,Kochi,2024-09-03,Kerala,New
15028,Customer 15028,Male,35,Mumbai,2024-06-01,Maharashtra,New
15029,Customer 15029,Male,43,Pune,2022-07-17,Maharashtra,Loyal
15030,Customer 15030,Female,59,Jaipur,2024-11-03,Rajasthan,Regular
15031,Customer 15031,Male,48,Bengaluru,2024-05-21,Karnataka,Regular
15032,Customer 15032,Female,55,Jaipur,2023-06-26,Rajasthan,Loyal
15033,Customer 15033,Female,39,Bengaluru,2023-04-02,Karnataka,Loyal
15034,Customer 15034,Female,53,Mysuru,2024-01-20,Karnataka,New
15035,Customer 15035,Male,36,Kolkata,2023-01-01,West Bengal,New
15036,Customer 15036,Male,31,Pune,2023-02-05,Maharashtra,Regular
15037,Customer 15037,Female,31,Bengaluru,2023-07-28,Karnataka,Regular
15038,Customer 15038,Male,46,Mumbai,2023-04-27,Maharashtra,Loyal
15039,Customer 15039,Male,34,Pune,2022-04-20,Maharashtra,Regular
15040,Customer 15040,Male,54,Mumbai,2024-10-15,Maharashtra,Loyal
15041,Customer 15041,Male,26,Noida,2023-02-10,Uttar Pradesh,New
15042,Customer 15042,Female,18,Noida,2022-11-05,Uttar Pradesh,Regular
15043,Customer 15043,Male,21,Jaipur,2022-06-09,Rajasthan,VIP
15044,Customer 15044,Female,24,Bengaluru,2024-04-23,Karnataka,New
15045,Customer 15045,Male,28,Bengaluru,2022-02-24,Karnataka,Loyal
15046,Customer 15046,Female,31,Coimbatore,2024-01-31,Tamil Nadu,Loyal
15047,Customer 15047,Female,59,Noida,2022-09-13,Uttar Pradesh,New
15048,Customer 15048,Female,36,Kolkata,2023-06-18,West Bengal,Regular
15049,Customer 15049,Male,57,Kolkata,2023-02-26,West Bengal,Regular
15050,Customer 15050,Male,20,Delhi,2024-08-03,Delhi,VIP
15051,Customer 15051,Male,25,Delhi,2024-08-19,Delhi,Regular
15052,Customer 15052,Female,46,Mysuru,2024-03-23,Karnataka,Regular
15053,Customer 15053,Female,54,Noida,2024-06-05,Uttar Pradesh,New
15054,Customer 15054,Female,60,Mumbai,2022-09-21,Maharashtra,Regular
15055,Customer 15055,Male,26,Mumbai,2024-01-18,Maharashtra,Regular
15056,Customer 15056,Female,36,Chennai,2024-04-12,Tamil Nadu,New
15057,Customer 15057,Male,29,Pune,2022-08-21,Maharashtra,VIP
15058,Customer 15058,Female,44,Hyderabad,2023-11-11,Telangana,Regular
15059,Customer 15059,Male,54,Jaipur,2022-08-21,Rajasthan,New
15060,Customer 15060,Female,42,Delhi,2024-12-04,Delhi,Loyal
15061,Customer 15061,Male,62,Jaipur,2023-07-12,Rajasthan,Loyal
15062,Customer 15062,Male,55,Bengaluru,2024-07-01,Karnataka,New
15063,Customer 15063,Female,34,Mysuru,2023-11-12,Karnataka,New
15064,Customer 15064,Male,61,Kolkata,2022-12-01,West Bengal,New
15065,Customer 15065,Female,50,Hyderabad,2023-02-08,Telangana,New
15066,Customer 15066,Female,56,Nagpur,2025-04-02,Maharashtra,Loyal
15067,Customer 15067,Female,31,Mysuru,2022-09-13,Karnataka,Regular
15068,Customer 15068,Male,45,Nagpur,2024-12-25,Maharashtra,Loyal
15069,Customer 15069,Male,35,Ahmedabad,2024-10-16,Gujarat,Regular
15070,Customer 15070,Female,50,Noida,2024-07-29,Uttar Pradesh,Loyal
15071,Customer 15071,Male,59,Nagpur,2024-02-11,Maharashtra,Regular
15072,Customer 15072,Female,32,Nagpur,2024-08-03,Maharashtra,Loyal
15073,Customer 15073,Male,28,Jaipur,2025-01-16,Rajasthan,Regular
15074,Customer 15074,Male,53,Ahmedabad,2025-06-17,Gujarat,Loyal
15075,Customer 15075,Male,32,Coimbatore,2022-11-07,Tamil Nadu,Regular
15076,Customer 15076,Male,47,Coimbatore,2023-11-13,Tamil Nadu,Regular
15077,Customer 15077,Male,32,Coimbatore,2022-05-09,Tamil Nadu,Loyal
15078,Customer 15078,Female,40,Noida,2024-02-20,Uttar Pradesh,New
15079,Customer 15079,Female,60,Hyderabad,2022-11-22,Telangana,Regular
15080,Customer 15080,Male,32,Mysuru,2024-02-29,Karnataka,Loyal
15081,Customer 15081,Female,46,Mysuru,2022-01-17,Karnataka,Loyal
15082,Customer 15082,Female,28,Kochi,2023-11-30,Kerala,Regular
15083,Customer 15083,Female,62,Bengaluru,2024-10-05,Karnataka,Regular
15084,Customer 15084,Female,35,Coimbatore,2022-12-08,Tamil Nadu,Regular
15085,Customer 15085,Female,57,Noida,2024-09-29,Uttar Pradesh,Loyal
15086,Customer 15086,Male,48,Bengaluru,2024-04-17,Karnataka,Regular
15087,Customer 15087,Male,26,Pune,2023-09-20,Maharashtra,Loyal
15088,Customer 15088,Male,39,Bengaluru,2024-02-10,Karnataka,New
15089,Customer 15089,Female,28,Jaipur,2024-05-27,Rajasthan,Regular
15090,Customer 15090,Male,34,Jaipur,2025-06-26,Rajasthan,Regular
15091,Customer 15091,Female,50,Hyderabad,2023-12-11,Telangana,Loyal
15092,Customer 15092,Male,28,Delhi,2024-04-28,Delhi,Regular
15093,Customer 15093,Female,56,Nagpur,2024-01-09,Maharashtra,New
15094,Customer 15094,Male,25,Coimbatore,2022-06-26,Tamil Nadu,New
15095,Customer 15095,Male,21,Kochi,2024-08-03,Kerala,Regular
15096,Customer 15096,Male,53,Ahmedabad,2022-12-23,Gujarat,New
15097,Customer 15097,Male,36,Kochi,2023-05-10,Kerala,Regular
15098,Customer 15098,Male,41,Delhi,2022-02-04,Delhi,Loyal
15099,Customer 15099,Female,58,Kolkata,2024-03-28,West Bengal,Regular
15100,Customer 15100,Male,35,Bengaluru,2022-01-10,Karnataka,Regular
15101,Customer 15101,Male,50,Noida,2024-09-12,Uttar Pradesh,VIP
15102,Customer 15102,Female,63,Nagpur,2023-06-15,Maharashtra,Regular
15103,Customer 15103,Male,53,Mysuru,2022-04-05,Karnataka,Loyal
15104,Customer 15104,Female,27,Mumbai,2023-07-30,Maharashtra,Regular
15105,Customer 15105,Other,31,Nagpur,2023-03-26,Maharashtra,Regular
15106,Customer 15106,Male,24,Hyderabad,2025-05-28,Telangana,Regular
15107,Customer 15107,Male,29,Kolkata,2024-10-14,West Bengal,Regular
15108,Customer 15108,Male,39,Hyderabad,2022-04-06,Telangana,Regular
15109,Customer 15109,Female,44,Jaipur,2024-05-14,Rajasthan,Regular
15110,Customer 15110,Female,54,Bengaluru,2023-10-31,Karnataka,Loyal
15111,Customer 15111,Female,28,Pune,2022-07-26,Maharashtra,Regular
15112,Customer 15112,Female,53,Jaipur,2024-04-29,Rajasthan,New
15113,Customer 15113,Male,30,Hyderabad,2022-09-03,Telangana,Regular
15114,Customer 15114,Female,49,Hyderabad,2024-06-02,Telangana,Loyal
15115,Customer 15115,Female,25,Noida,2022-03-24,Uttar Pradesh,Regular
15116,Customer 15116,Female,24,Bengaluru,2022-11-13,Karnataka,New
15117,Customer 15117,Female,60,Nagpur,2023-10-07,Maharashtra,Loyal
15118,Customer 15118,Female,60,Pune,2025-02-02,Maharashtra,VIP
15119,Customer 15119,Male,34,Delhi,2023-01-05,Delhi,New
15120,Customer 15120,Male,39,Mumbai,2024-01-19,Maharashtra,VIP
15121,Customer 15121,Female,63,Coimbatore,2023-09-22,Tamil Nadu,Regular
15122,Customer 15122,Male,51,Mysuru,2022-06-29,Karnataka,VIP
15123,Customer 15123,Female,37,Hyderabad,2023-08-25,Telangana,Regular
15124,Customer 15124,Male,25,Bengaluru,2023-08-23,Karnataka,Loyal
15125,Customer 15125,Female,39,Coimbatore,2025-01-11,Tamil Nadu,Loyal
15126,Customer 15126,Female,44,Jaipur,2024-04-20,Rajasthan,New
15127,Customer 15127,Male,51,Mysuru,2022-12-14,Karnataka,New
15128,Customer 15128,Female,38,Kochi,2022-11-27,Kerala,Regular
15129,Customer 15129,Female,32,Mysuru,2023-09-02,Karnataka,New
15130,Customer 15130,Female,22,Kochi,2024-01-14,Kerala,Regular
15131,Customer 15131,Male,55,Delhi,2023-07-23,Delhi,VIP
15132,Customer 15132,Male,34,Delhi,2023-01-24,Delhi,Regular
15133,Customer 15133,Male,25,Jaipur,2024-08-28,Rajasthan,Regular
15134,Customer 15134,Male,36,Delhi,2024-01-17,Delhi,Regular
15135,Customer 15135,Female,22,Ahmedabad,2022-05-17,Gujarat,Regular
15136,Customer 15136,Female,40,Chennai,2022-10-09,Tamil Nadu,New
15137,Customer 15137,Female,36,Chennai,2025-05-10,Tamil Nadu,Regular
15138,Customer 15138,Female,31,Mysuru,2024-10-15,Karnataka,Loyal
15139,Customer 15139,Female,27,Delhi,2024-01-14,Delhi,Loyal
15140,Customer 15140,Male,48,Noida,2023-06-15,Uttar Pradesh,Loyal
15141,Customer 15141,Female,30,Hyderabad,2022-01-16,Telangana,Loyal
15142,Customer 15142,Male,39,Coimbatore,2024-10-01,Tamil Nadu,Regular
15143,Customer 15143,Female,54,Coimbatore,2023-07-22,Tamil Nadu,Loyal
15144,Customer 15144,Male,56,Chennai,2025-02-11,Tamil Nadu,Regular
15145,Customer 15145,Male,27,Mysuru,2024-12-27,Karnataka,New
15146,Customer 15146,Female,48,Jaipur,2022-01-30,Rajasthan,Regular
15147,Customer 15147,Female,60,Bengaluru,2023-10-26,Karnataka,New
15148,Customer 15148,Female,52,Nagpur,2024-09-25,Maharashtra,Regular
15149,Customer 15149,Female,30,Nagpur,2024-05-24,Maharashtra,Regular
15150,Customer 15150,Male,47,Chennai,2022-01-22,Tamil Nadu,Regular
15151,Customer 15151,Female,51,Bengaluru,2024-11-19,Karnataka,Regular
15152,Customer 15152,Male,53,Ahmedabad,2024-08-13,Gujarat,Loyal
15153,Customer 15153,Female,52,Ahmedabad,2023-10-22,Gujarat,Regular
15154,Customer 15154,Female,64,Chennai,2024-12-08,Tamil Nadu,Loyal
15155,Customer 15155,Male,21,Nagpur,2022-11-21,Maharashtra,New
15156,Customer 15156,Female,21,Bengaluru,2022-06-30,Karnataka,Loyal
15157,Customer 15157,Female,64,Delhi,2022-05-02,Delhi,Loyal
15158,Customer 15158,Male,23,Mysuru,2022-05-04,Karnataka,VIP
15159,Customer 15159,Female,45,Jaipur,2022-09-23,Rajasthan,Regular
15160,Customer 15160,Female,47,Coimbatore,2022-01-28,Tamil Nadu,Regular
15161,Customer 15161,Female,44,Noida,2022-03-18,Uttar Pradesh,New
15162,Customer 15162,Male,22,Pune,2023-03-08,Maharashtra,Regular
15163,Customer 15163,Male,61,Kochi,2024-05-28,Kerala,Regular
15164,Customer 15164,Female,56,Kochi,2024-06-12,Kerala,Loyal
15165,Customer 15165,Male,52,Mysuru,2024-11-24,Karnataka,Regular
15166,Customer 15166,Female,56,Delhi,2023-03-12,Delhi,New
15167,Customer 15167,Male,61,Kolkata,2025-02-11,West Bengal,Regular
15168,Customer 15168,Female,32,Nagpur,2024-12-21,Maharashtra,New
15169,Customer 15169,Female,36,Kochi,2022-02-21,Kerala,Loyal
15170,Customer 15170,Male,47,Delhi,2022-04-26,Delhi,Loyal
15171,Customer 15171,Male,55,Kochi,2022-02-16,Kerala,Regular
15172,Customer 15172,Female,49,Kolkata,2023-03-14,West Bengal,Regular
15173,Customer 15173,Female,57,Chennai,2022-04-11,Tamil Nadu,Loyal
15174,Customer 15174,Male,46,Bengaluru,2022-04-17,Karnataka,New
15175,Customer 15175,Female,23,Coimbatore,2024-09-09,Tamil Nadu,Regular
15176,Customer 15176,Male,43,Hyderabad,2024-11-24,Telangana,Loyal
15177,Customer 15177,Male,44,Chennai,2024-09-27,Tamil Nadu,Regular
15178,Customer 15178,Female,52,Mysuru,2022-12-25,Karnataka,New
15179,Customer 15179,Male,45,Chennai,2024-06-05,Tamil Nadu,Regular
15180,Customer 15180,Female,22,Mysuru,2024-03-10,Karnataka,Loyal
15181,Customer 15181,Male,58,Hyderabad,2024-10-22,Telangana,New
15182,Customer 15182,Male,33,Mumbai,2025-03-13,Maharashtra,Regular
15183,Customer 15183,Male,58,Kolkata,2023-03-11,West Bengal,Loyal
15184,Customer 15184,Female,35,Coimbatore,2023-08-27,Tamil Nadu,Loyal
15185,Customer 15185,Female,30,Noida,2023-07-20,Uttar Pradesh,Regular
15186,Customer 15186,Female,60,Noida,2024-07-04,Uttar Pradesh,Regular
15187,Customer 15187,Male,42,Kolkata,2022-08-16,West Bengal,Regular
15188,Customer 15188,Male,27,Pune,2023-06-29,Maharashtra,Regular
15189,Customer 15189,Female,46,Kochi,2025-05-22,Kerala,Regular
15190,Customer 15190,Male,27,Delhi,2023-10-10,Delhi,Loyal
15191,Customer 15191,Female,23,Mumbai,2022-09-05,Maharashtra,New
15192,Customer 15192,Male,33,Kolkata,2024-12-12,West Bengal,New
15193,Customer 15193,Female,42,Noida,2022-11-10,Uttar Pradesh,Regular
15194,Customer 15194,Male,61,Chennai,2022-02-06,Tamil Nadu,Regular
15195,Customer 15195,Female,21,Delhi,2023-12-25,Delhi,Loyal
15196,Customer 15196,Male,54,Mumbai,2024-09-06,Maharashtra,Loyal
15197,Customer 15197,Male,51,Bengaluru,2022-03-25,Karnataka,Loyal
15198,Customer 15198,Male,36,Bengaluru,2024-06-18,Karnataka,Regular
15199,Customer 15199,Male,50,Delhi,2025-01-22,Delhi,Loyal
15200,Customer 15200,Male,21,Kolkata,2023-12-20,West Bengal,Regular
15201,Customer 15201,Female,61,Mysuru,2023-07-04,Karnataka,Regular
15202,Customer 15202,Female,51,Mysuru,2023-12-16,Karnataka,Regular
15203,Customer 15203,Female,29,Chennai,2023-08-10,Tamil Nadu,New
15204,Customer 15204,Female,48,Mumbai,2025-02-25,Maharashtra,Regular
15205,Customer 15205,Female,33,Mumbai,2022-06-01,Maharashtra,Regular
15206,Customer 15206,Male,19,Delhi,2024-11-27,Delhi,Regular
15207,Customer 15207,Male,19,Nagpur,2025-02-02,Maharashtra,Regular
15208,Customer 15208,Male,53,Bengaluru,2022-06-14,Karnataka,Loyal
15209,Customer 15209,Female,23,Mumbai,2024-07-26,Maharashtra,Regular
15210,Customer 15210,Male,40,Delhi,2022-07-31,Delhi,Loyal
15211,Customer 15211,Male,56,Hyderabad,2023-06-10,Telangana,Regular
15212,Customer 15212,Female,64,Pune,2024-01-12,Maharashtra,Regular
15213,Customer 15213,Male,61,Hyderabad,2022-05-12,Telangana,New
15214,Customer 15214,Female,54,Coimbatore,2025-03-21,Tamil Nadu,Regular
15215,Customer 15215,Female,63,Kolkata,2022-04-06,West Bengal,Loyal
15216,Customer 15216,Male,33,Chennai,2024-10-09,Tamil Nadu,Regular
15217,Customer 15217,Male,60,Mumbai,2023-06-06,Maharashtra,Regular
15218,Customer 15218,Female,61,Coimbatore,2023-01-09,Tamil Nadu,Regular
15219,Customer 15219,Female,36,Noida,2024-11-05,Uttar Pradesh,New
15220,Customer 15220,Male,41,Coimbatore,2023-08-31,Tamil Nadu,Regular
15221,Customer 15221,Female,44,Jaipur,2022-01-18,Rajasthan,Regular
15222,Customer 15222,Female,24,Kochi,2024-10-27,Kerala,Regular
15223,Customer 15223,Male,47,Delhi,2025-06-22,Delhi,Loyal
15224,Customer 15224,Male,58,Mumbai,2024-09-04,Maharashtra,Loyal
15225,Customer 15225,Female,31,Pune,2024-05-28,Maharashtra,Regular
15226,Customer 15226,Male,61,Kolkata,2023-08-17,West Bengal,Regular
15227,Customer 15227,Female,32,Delhi,2023-10-05,Delhi,Loyal
15228,Customer 15228,Male,29,Jaipur,2022-05-09,Rajasthan,Loyal
15229,Customer 15229,Female,46,Delhi,2024-03-11,Delhi,New
15230,Customer 15230,Female,40,Jaipur,2023-03-31,Rajasthan,Regular
15231,Customer 15231,Female,30,Chennai,2024-05-25,Tamil Nadu,Regular
15232,Customer 15232,Male,26,Chennai,2023-07-25,Tamil Nadu,New
15233,Customer 15233,Male,41,Bengaluru,2024-12-31,Karnataka,New
15234,Customer 15234,Female,56,Bengaluru,2024-10-10,Karnataka,New
15235,Customer 15235,Male,47,Mysuru,2025-03-29,Karnataka,Loyal
15236,Customer 15236,Male,18,Nagpur,2025-01-15,Maharashtra,Regular
15237,Customer 15237,Female,27,Mumbai,2023-02-05,Maharashtra,Regular
15238,Customer 15238,Male,55,Mumbai,2023-04-07,Maharashtra,Regular
15239,Customer 15239,Male,64,Ahmedabad,2022-03-30,Gujarat,Loyal
15240,Customer 15240,Male,32,Jaipur,2024-04-02,Rajasthan,Regular
15241,Customer 15241,Female,26,Coimbatore,2022-01-06,Tamil Nadu,Regular
15242,Customer 15242,Female,30,Mumbai,2024-08-02,Maharashtra,New
15243,Customer 15243,Male,40,Mumbai,2022-03-25,Maharashtra,Regular
15244,Customer 15244,Male,50,Nagpur,2025-06-27,Maharashtra,Regular
15245,Customer 15245,Male,26,Noida,2024-12-31,Uttar Pradesh,Regular
15246,Customer 15246,Female,20,Bengaluru,2023-09-13,Karnataka,Regular
15247,Customer 15247,Male,47,Bengaluru,2025-02-09,Karnataka,Regular
15248,Customer 15248,Female,26,Pune,2022-06-21,Maharashtra,Regular
15249,Customer 15249,Male,42,Mumbai,2023-11-30,Maharashtra,Regular
15250,Customer 15250,Other,64,Nagpur,2022-09-30,Maharashtra,New
15251,Customer 15251,Male,41,Kolkata,2023-06-14,West Bengal,Regular
15252,Customer 15252,Female,49,Bengaluru,2022-11-15,Karnataka,Loyal
15253,Customer 15253,Male,24,Nagpur,2025-01-10,Maharashtra,Loyal
15254,Customer 15254,Male,53,Hyderabad,2025-01-03,Telangana,VIP
15255,Customer 15255,Female,42,Kochi,2023-03-05,Kerala,New
15256,Customer 15256,Female,37,Noida,2024-04-26,Uttar Pradesh,Regular
15257,Customer 15257,Male,34,Mumbai,2022-09-06,Maharashtra,Regular
15258,Customer 15258,Female,53,Kochi,2023-01-22,Kerala,Regular
15259,Customer 15259,Female,43,Pune,2022-12-29,Maharashtra,New
15260,Customer 15260,Female,36,Jaipur,2022-03-09,Rajasthan,Regular
15261,Customer 15261,Male,54,Coimbatore,2023-03-14,Tamil Nadu,Regular
15262,Customer 15262,Female,20,Bengaluru,2024-10-12,Karnataka,Regular
15263,Customer 15263,Male,60,Hyderabad,2025-03-02,Telangana,VIP
15264,Customer 15264,Male,45,Kolkata,2022-10-23,West Bengal,Regular
15265,Customer 15265,Female,39,Jaipur,2023-10-09,Rajasthan,New
15266,Customer 15266,Male,64,Nagpur,2022-02-02,Maharashtra,New
15267,Customer 15267,Male,36,Chennai,2022-02-01,Tamil Nadu,Loyal
15268,Customer 15268,Female,63,Delhi,2023-07-09,Delhi,Loyal
15269,Customer 15269,Female,33,Mumbai,2022-11-01,Maharashtra,New
15270,Customer 15270,Male,23,Mumbai,2024-03-03,Maharashtra,Regular
15271,Customer 15271,Male,54,Hyderabad,2025-02-05,Telangana,Loyal
15272,Customer 15272,Female,48,Nagpur,2022-04-06,Maharashtra,Regular
15273,Customer 15273,Male,51,Mysuru,2024-12-25,Karnataka,VIP
15274,Customer 15274,Female,48,Mumbai,2023-06-05,Maharashtra,Regular
15275,Customer 15275,Female,28,Mysuru,2022-08-18,Karnataka,New
15276,Customer 15276,Male,53,Kolkata,2024-01-03,West Bengal,Loyal
15277,Customer 15277,Female,23,Chennai,2022-12-24,Tamil Nadu,Regular
15278,Customer 15278,Female,44,Hyderabad,2023-02-06,Telangana,Regular
15279,Customer 15279,Male,24,Jaipur,2024-02-29,Rajasthan,Regular
15280,Customer 15280,Female,49,Kochi,2022-04-09,Kerala,Loyal
15281,Customer 15281,Female,25,Nagpur,2022-09-28,Maharashtra,New
15282,Customer 15282,Female,50,Nagpur,2022-12-28,Maharashtra,Regular
15283,Customer 15283,Female,64,Ahmedabad,2025-04-02,Gujarat,New
15284,Customer 15284,Male,61,Kolkata,2023-06-12,West Bengal,Loyal
15285,Customer 15285,Male,32,Kolkata,2025-04-07,West Bengal,Regular
15286,Customer 15286,Male,44,Noida,2024-11-10,Uttar Pradesh,Regular
15287,Customer 15287,Male,47,Delhi,2023-06-24,Delhi,Regular
15288,Customer 15288,Male,39,Bengaluru,2023-08-18,Karnataka,Loyal
15289,Customer 15289,Female,64,Bengaluru,2024-04-12,Karnataka,Loyal
15290,Customer 15290,Female,46,Ahmedabad,2023-02-01,Gujarat,Regular
15291,Customer 15291,Female,58,Coimbatore,2024-11-25,Tamil Nadu,Loyal
15292,Customer 15292,Female,47,Pune,2023-05-10,Maharashtra,Regular
15293,Customer 15293,Female,19,Hyderabad,2022-11-10,Telangana,New
15294,Customer 15294,Male,32,Chennai,2023-05-05,Tamil Nadu,Loyal
15295,Customer 15295,Female,64,Nagpur,2022-08-21,Maharashtra,Regular
15296,Customer 15296,Male,44,Delhi,2024-10-26,Delhi,Regular
15297,Customer 15297,Female,24,Mysuru,2023-10-26,Karnataka,VIP
15298,Customer 15298,Female,44,Hyderabad,2022-09-01,Telangana,Regular
15299,Customer 15299,Male,38,Coimbatore,2022-08-29,Tamil Nadu,New
15300,Customer 15300,Female,30,Kochi,2023-07-12,Kerala,Loyal
15301,Customer 15301,Female,34,Hyderabad,2022-03-16,Telangana,Regular
15302,Customer 15302,Male,28,Coimbatore,2022-10-10,Tamil Nadu,Regular
15303,Customer 15303,Female,27,Nagpur,2022-03-28,Maharashtra,Regular
15304,Customer 15304,Male,50,Pune,2024-05-30,Maharashtra,Regular
15305,Customer 15305,Male,31,Coimbatore,2024-07-18,Tamil Nadu,Loyal
15306,Customer 15306,Female,54,Nagpur,2025-03-18,Maharashtra,Regular
15307,Customer 15307,Female,25,Nagpur,2025-03-19,Maharashtra,Regular
15308,Customer 15308,Female,50,Pune,2022-06-09,Maharashtra,Loyal
15309,Customer 15309,Female,24,Bengaluru,2023-03-22,Karnataka,Regular
15310,Customer 15310,Male,51,Hyderabad,2022-03-23,Telangana,Regular
15311,Customer 15311,Female,24,Ahmedabad,2024-10-27,Gujarat,Loyal
15312,Customer 15312,Female,24,Mumbai,2022-07-01,Maharashtra,Loyal
15313,Customer 15313,Female,58,Mumbai,2024-05-19,Maharashtra,Regular
15314,Customer 15314,Male,53,Ahmedabad,2024-08-23,Gujarat,Regular
15315,Customer 15315,Female,24,Kochi,2023-04-23,Kerala,Regular
15316,Customer 15316,Female,37,Mysuru,2022-07-02,Karnataka,Regular
15317,Customer 15317,Female,35,Kolkata,2022-06-23,West Bengal,Regular
15318,Customer 15318,Female,62,Mysuru,2022-01-14,Karnataka,Loyal
15319,Customer 15319,Male,60,Kolkata,2022-03-14,West Bengal,New
15320,Customer 15320,Female,58,Ahmedabad,2023-05-29,Gujarat,VIP
15321,Customer 15321,Female,31,Mumbai,2023-08-25,Maharashtra,Loyal
15322,Customer 15322,Male,57,Chennai,2022-12-09,Tamil Nadu,Regular
15323,Customer 15323,Female,31,Mumbai,2022-11-29,Maharashtra,New
15324,Customer 15324,Male,38,Mysuru,2022-12-21,Karnataka,Loyal
15325,Customer 15325,Male,44,Delhi,2024-04-26,Delhi,Loyal
15326,Customer 15326,Female,63,Ahmedabad,2022-06-12,Gujarat,VIP
15327,Customer 15327,Male,43,Kochi,2022-04-26,Kerala,Regular
15328,Customer 15328,Male,44,Mysuru,2025-01-07,Karnataka,New
15329,Customer 15329,Female,41,Chennai,2024-10-28,Tamil Nadu,Loyal
15330,Customer 15330,Male,22,Hyderabad,2024-11-12,Telangana,Regular
15331,Customer 15331,Male,59,Kolkata,2024-03-01,West Bengal,Loyal
15332,Customer 15332,Male,55,Mumbai,2023-06-27,Maharashtra,New
15333,Customer 15333,Male,45,Kochi,2023-02-18,Kerala,Loyal
15334,Customer 15334,Female,59,Pune,2023-11-13,Maharashtra,New
15335,Customer 15335,Female,60,Delhi,2023-10-04,Delhi,Loyal
15336,Customer 15336,Female,49,Nagpur,2023-10-31,Maharashtra,Regular
15337,Customer 15337,Female,41,Chennai,2022-01-22,Tamil Nadu,VIP
15338,Customer 15338,Male,23,Mysuru,2024-08-26,Karnataka,New
15339,Customer 15339,Female,27,Kolkata,2025-03-26,West Bengal,Regular
15340,Customer 15340,Female,63,Pune,2022-11-26,Maharashtra,New
15341,Customer 15341,Female,20,Kochi,2024-11-11,Kerala,Loyal
15342,Customer 15342,Female,24,Coimbatore,2024-06-20,Tamil Nadu,Regular
15343,Customer 15343,Female,46,Bengaluru,2023-12-25,Karnataka,Regular
15344,Customer 15344,Female,51,Mumbai,2025-04-02,Maharashtra,New
15345,Customer 15345,Male,24,Jaipur,2025-03-05,Rajasthan,Regular
15346,Customer 15346,Female,34,Bengaluru,2022-09-09,Karnataka,Regular
15347,Customer 15347,Male,30,Chennai,2022-07-24,Tamil Nadu,Regular
15348,Customer 15348,Male,38,Coimbatore,2025-06-19,Tamil Nadu,Loyal
15349,Customer 15349,Male,48,Coimbatore,2024-04-11,Tamil Nadu,New
15350,Customer 15350,Male,26,Kochi,2024-03-01,Kerala,Regular
15351,Customer 15351,Male,62,Coimbatore,2024-12-20,Tamil Nadu,Loyal
15352,Customer 15352,Male,64,Nagpur,2023-04-10,Maharashtra,Loyal
15353,Customer 15353,Female,30,Chennai,2023-01-29,Tamil Nadu,Loyal
15354,Customer 15354,Female,34,Jaipur,2024-10-17,Rajasthan,Regular
15355,Customer 15355,Other,25,Hyderabad,2023-10-22,Telangana,Regular
15356,Customer 15356,Male,26,Bengaluru,2024-06-30,Karnataka,New
15357,Customer 15357,Female,26,Jaipur,2023-06-14,Rajasthan,New
15358,Customer 15358,Female,57,Hyderabad,2025-04-25,Telangana,Regular
15359,Customer 15359,Male,47,Pune,2025-05-20,Maharashtra,Loyal
15360,Customer 15360,Female,24,Noida,2024-11-24,Uttar Pradesh,New
15361,Customer 15361,Female,34,Delhi,2025-03-16,Delhi,New
15362,Customer 15362,Male,56,Delhi,2025-06-26,Delhi,Regular
15363,Customer 15363,Female,55,Hyderabad,2022-02-26,Telangana,Regular
15364,Customer 15364,Female,22,Noida,2023-06-06,Uttar Pradesh,Regular
15365,Customer 15365,Male,34,Kochi,2022-12-27,Kerala,Regular
15366,Customer 15366,Male,57,Jaipur,2025-06-14,Rajasthan,New
15367,Customer 15367,Male,18,Noida,2022-08-22,Uttar Pradesh,Regular
15368,Customer 15368,Male,33,Mumbai,2022-08-11,Maharashtra,Loyal
15369,Customer 15369,Female,34,Pune,2022-11-23,Maharashtra,Loyal
15370,Customer 15370,Female,47,Chennai,2025-01-26,Tamil Nadu,Loyal
15371,Customer 15371,Male,48,Noida,2025-06-03,Uttar Pradesh,Regular
15372,Customer 15372,Female,52,Mysuru,2024-04-15,Karnataka,Loyal
15373,Customer 15373,Male,62,Ahmedabad,2023-05-04,Gujarat,Regular
15374,Customer 15374,Male,25,Kochi,2023-04-23,Kerala,Loyal
15375,Customer 15375,Male,47,Delhi,2024-09-11,Delhi,Regular
15376,Customer 15376,Female,56,Mysuru,2024-03-02,Karnataka,Regular
15377,Customer 15377,Male,38,Pune,2023-05-27,Maharashtra,Regular
15378,Customer 15378,Male,32,Noida,2024-10-09,Uttar Pradesh,Regular
15379,Customer 15379,Male,51,Bengaluru,2023-01-17,Karnataka,New
15380,Customer 15380,Female,44,Delhi,2025-03-22,Delhi,VIP
15381,Customer 15381,Other,19,Mumbai,2023-03-28,Maharashtra,Regular
15382,Customer 15382,Male,27,Kolkata,2025-02-16,West Bengal,Regular
15383,Customer 15383,Male,22,Mumbai,2022-08-02,Maharashtra,Regular
15384,Customer 15384,Female,44,Ahmedabad,2023-07-19,Gujarat,New
15385,Customer 15385,Female,21,Coimbatore,2024-01-02,Tamil Nadu,Loyal
15386,Customer 15386,Male,64,Kolkata,2023-03-15,West Bengal,Regular
15387,Customer 15387,Female,30,Nagpur,2024-01-25,Maharashtra,Loyal
15388,Customer 15388,Female,34,Noida,2023-09-21,Uttar Pradesh,New
15389,Customer 15389,Male,38,Pune,2024-06-21,Maharashtra,Loyal
15390,Customer 15390,Female,40,Delhi,2024-12-01,Delhi,Regular
15391,Customer 15391,Female,50,Nagpur,2023-01-30,Maharashtra,Loyal
15392,Customer 15392,Female,32,Pune,2022-09-04,Maharashtra,New
15393,Customer 15393,Male,31,Ahmedabad,2024-06-23,Gujarat,Loyal
15394,Customer 15394,Male,26,Hyderabad,2022-09-05,Telangana,Regular
15395,Customer 15395,Male,61,Noida,2023-08-22,Uttar Pradesh,Regular
15396,Customer 15396,Male,54,Chennai,2024-05-14,Tamil Nadu,New
15397,Customer 15397,Female,47,Chennai,2022-03-25,Tamil Nadu,Regular
15398,Customer 15398,Female,46,Noida,2024-02-12,Uttar Pradesh,New
15399,Customer 15399,Female,40,Kolkata,2025-05-29,West Bengal,Regular
15400,Customer 15400,Other,51,Coimbatore,2022-02-20,Tamil Nadu,Regular
15401,Customer 15401,Male,24,Coimbatore,2023-07-04,Tamil Nadu,Loyal
15402,Customer 15402,Female,26,Kolkata,2024-02-10,West Bengal,VIP
15403,Customer 15403,Female,21,Jaipur,2024-09-07,Rajasthan,Regular
15404,Customer 15404,Male,19,Chennai,2025-04-25,Tamil Nadu,Regular
15405,Customer 15405,Female,44,Bengaluru,2025-05-31,Karnataka,Regular
15406,Customer 15406,Male,50,Kolkata,2023-04-10,West Bengal,Loyal
15407,Customer 15407,Female,49,Delhi,2023-02-23,Delhi,VIP
15408,Customer 15408,Female,61,Chennai,2022-03-28,Tamil Nadu,VIP
15409,Customer 15409,Male,62,Bengaluru,2022-09-16,Karnataka,VIP
15410,Customer 15410,Female,63,Ahmedabad,2025-04-19,Gujarat,Loyal
15411,Customer 15411,Female,54,Nagpur,2022-11-07,Maharashtra,VIP
15412,Customer 15412,Male,44,Bengaluru,2022-06-22,Karnataka,Regular
15413,Customer 15413,Male,45,Nagpur,2025-06-22,Maharashtra,VIP
15414,Customer 15414,Male,20,Pune,2024-07-28,Maharashtra,Loyal
15415,Customer 15415,Female,53,Kochi,2023-05-20,Kerala,New
15416,Customer 15416,Female,60,Mysuru,2022-11-25,Karnataka,New
15417,Customer 15417,Female,25,Pune,2022-07-15,Maharashtra,Regular
15418,Customer 15418,Female,61,Chennai,2022-03-03,Tamil Nadu,Loyal
15419,Customer 15419,Female,58,Nagpur,2024-11-14,Maharashtra,Regular
15420,Customer 15420,Male,54,Chennai,2023-07-16,Tamil Nadu,Regular
15421,Customer 15421,Female,62,Kolkata,2024-06-15,West Bengal,Loyal
15422,Customer 15422,Male,55,Noida,2024-12-11,Uttar Pradesh,New
15423,Customer 15423,Male,39,Delhi,2024-04-23,Delhi,Loyal
15424,Customer 15424,Female,31,Mumbai,2022-02-09,Maharashtra,Loyal
15425,Customer 15425,Male,32,Chennai,2023-12-29,Tamil Nadu,VIP
15426,Customer 15426,Female,63,Delhi,2023-04-02,Delhi,New
15427,Customer 15427,Female,21,Kolkata,2024-05-27,West Bengal,Loyal
15428,Customer 15428,Male,35,Bengaluru,2024-02-27,Karnataka,Regular
15429,Customer 15429,Male,18,Kolkata,2022-01-02,West Bengal,Regular
15430,Customer 15430,Female,29,Ahmedabad,2025-02-03,Gujarat,Regular
15431,Customer 15431,Female,58,Pune,2022-08-04,Maharashtra,Regular
15432,Customer 15432,Male,59,Jaipur,2024-02-16,Rajasthan,VIP
15433,Customer 15433,Male,34,Bengaluru,2023-11-10,Karnataka,Regular
15434,Customer 15434,Female,36,Mumbai,2023-02-18,Maharashtra,Loyal
15435,Customer 15435,Female,53,Nagpur,2022-07-29,Maharashtra,Regular
15436,Customer 15436,Male,24,Noida,2024-12-17,Uttar Pradesh,Regular
15437,Customer 15437,Male,26,Delhi,2022-02-12,Delhi,Regular
15438,Customer 15438,Female,25,Noida,2022-05-18,Uttar Pradesh,Regular
15439,Customer 15439,Female,42,Mysuru,2023-09-30,Karnataka,VIP
15440,Customer 15440,Other,24,Kolkata,2023-04-14,West Bengal,Loyal
15441,Customer 15441,Female,59,Chennai,2023-12-27,Tamil Nadu,Regular
15442,Customer 15442,Female,25,Nagpur,2025-05-06,Maharashtra,Loyal
15443,Customer 15443,Male,41,Mysuru,2022-07-21,Karnataka,Regular
15444,Customer 15444,Female,34,Kolkata,2022-07-11,West Bengal,New
15445,Customer 15445,Male,29,Hyderabad,2022-04-17,Telangana,Regular
15446,Customer 15446,Female,63,Chennai,2022-11-23,Tamil Nadu,Regular
15447,Customer 15447,Male,48,Bengaluru,2024-01-20,Karnataka,VIP
15448,Customer 15448,Male,29,Pune,2023-10-06,Maharashtra,New
15449,Customer 15449,Female,19,Kochi,2022-12-23,Kerala,Regular
15450,Customer 15450,Female,29,Delhi,2023-08-18,Delhi,New
15451,Customer 15451,Male,44,Jaipur,2023-05-16,Rajasthan,New
15452,Customer 15452,Female,63,Ahmedabad,2023-04-13,Gujarat,Regular
15453,Customer 15453,Male,24,Mumbai,2023-05-23,Maharashtra,Regular
15454,Customer 15454,Male,30,Mumbai,2022-04-16,Maharashtra,Loyal
15455,Customer 15455,Female,53,Jaipur,2024-12-25,Rajasthan,Regular
15456,Customer 15456,Male,18,Bengaluru,2022-07-14,Karnataka,Regular
15457,Customer 15457,Female,52,Coimbatore,2025-04-26,Tamil Nadu,Regular
15458,Customer 15458,Male,47,Mumbai,2022-02-16,Maharashtra,New
15459,Customer 15459,Female,48,Delhi,2024-10-05,Delhi,Loyal
15460,Customer 15460,Female,34,Bengaluru,2023-06-21,Karnataka,New
15461,Customer 15461,Male,25,Nagpur,2024-04-26,Maharashtra,New
15462,Customer 15462,Male,20,Mumbai,2023-12-10,Maharashtra,Regular
15463,Customer 15463,Female,27,Noida,2025-06-23,Uttar Pradesh,VIP
15464,Customer 15464,Female,51,Bengaluru,2024-03-18,Karnataka,Loyal
15465,Customer 15465,Male,39,Delhi,2023-09-04,Delhi,Regular
15466,Customer 15466,Female,21,Jaipur,2025-04-16,Rajasthan,New
15467,Customer 15467,Male,49,Kochi,2022-04-25,Kerala,Regular
15468,Customer 15468,Male,46,Noida,2023-11-11,Uttar Pradesh,Loyal
15469,Customer 15469,Male,63,Chennai,2023-09-23,Tamil Nadu,Regular
15470,Customer 15470,Male,28,Chennai,2025-04-03,Tamil Nadu,Regular
15471,Customer 15471,Female,63,Mumbai,2022-08-07,Maharashtra,New
15472,Customer 15472,Female,30,Noida,2022-07-16,Uttar Pradesh,New
15473,Customer 15473,Female,21,Pune,2023-02-05,Maharashtra,Regular
15474,Customer 15474,Female,19,Kolkata,2024-01-19,West Bengal,New
15475,Customer 15475,Female,51,Chennai,2023-11-12,Tamil Nadu,Regular
15476,Customer 15476,Female,60,Pune,2022-03-17,Maharashtra,Regular
15477,Customer 15477,Female,39,Nagpur,2022-10-14,Maharashtra,Regular
15478,Customer 15478,Female,22,Bengaluru,2024-05-10,Karnataka,New
15479,Customer 15479,Female,26,Kolkata,2024-01-12,West Bengal,Regular
15480,Customer 15480,Male,37,Mysuru,2022-10-21,Karnataka,Loyal
15481,Customer 15481,Female,38,Delhi,2024-03-19,Delhi,New
15482,Customer 15482,Female,34,Ahmedabad,2024-06-04,Gujarat,Regular
15483,Customer 15483,Female,29,Bengaluru,2023-02-18,Karnataka,Loyal
15484,Customer 15484,Female,45,Jaipur,2023-03-07,Rajasthan,Regular
15485,Customer 15485,Female,35,Kolkata,2025-06-07,West Bengal,New
15486,Customer 15486,Other,20,Delhi,2025-01-24,Delhi,New
15487,Customer 15487,Male,22,Kolkata,2022-06-20,West Bengal,Regular
15488,Customer 15488,Female,31,Noida,2023-06-28,Uttar Pradesh,Regular
15489,Customer 15489,Male,43,Nagpur,2024-09-15,Maharashtra,Regular
15490,Customer 15490,Female,36,Hyderabad,2022-03-13,Telangana,Loyal
15491,Customer 15491,Female,58,Ahmedabad,2024-10-19,Gujarat,Loyal
15492,Customer 15492,Male,34,Mumbai,2023-06-16,Maharashtra,Regular
15493,Customer 15493,Male,56,Kolkata,2022-08-27,West Bengal,Loyal
15494,Customer 15494,Female,59,Delhi,2023-12-12,Delhi,Regular
15495,Customer 15495,Male,21,Delhi,2023-07-31,Delhi,Loyal
15496,Customer 15496,Male,59,Noida,2025-01-17,Uttar Pradesh,New
15497,Customer 15497,Female,52,Pune,2023-12-14,Maharashtra,Loyal
15498,Customer 15498,Male,41,Bengaluru,2023-10-04,Karnataka,Regular
15499,Customer 15499,Male,58,Jaipur,2025-03-23,Rajasthan,Regular
15500,Customer 15500,Female,30,Hyderabad,2023-08-13,Telangana,New
15501,Customer 15501,Male,50,Coimbatore,2022-07-09,Tamil Nadu,Loyal
15502,Customer 15502,Male,32,Mumbai,2024-03-22,Maharashtra,New
15503,Customer 15503,Female,32,Mysuru,2025-03-23,Karnataka,New
15504,Customer 15504,Female,48,Coimbatore,2024-10-11,Tamil Nadu,New
15505,Customer 15505,Female,60,Bengaluru,2023-09-17,Karnataka,New
15506,Customer 15506,Female,45,Mumbai,2023-09-21,Maharashtra,Loyal
15507,Customer 15507,Female,27,Delhi,2024-06-07,Delhi,VIP
15508,Customer 15508,Male,24,Kochi,2024-11-24,Kerala,Loyal
15509,Customer 15509,Male,50,Mysuru,2024-02-23,Karnataka,Loyal
15510,Customer 15510,Male,24,Kolkata,2023-11-02,West Bengal,New
15511,Customer 15511,Male,22,Pune,2023-12-23,Maharashtra,New
15512,Customer 15512,Female,43,Hyderabad,2023-06-10,Telangana,Regular
15513,Customer 15513,Female,33,Kolkata,2023-06-21,West Bengal,VIP
15514,Customer 15514,Male,25,Jaipur,2024-04-26,Rajasthan,Loyal
15515,Customer 15515,Female,39,Pune,2025-05-26,Maharashtra,Regular
15516,Customer 15516,Male,51,Nagpur,2024-09-22,Maharashtra,New
15517,Customer 15517,Male,57,Kochi,2025-05-11,Kerala,New
15518,Customer 15518,Female,45,Noida,2025-01-29,Uttar Pradesh,Regular
15519,Customer 15519,Male,63,Mumbai,2024-07-02,Maharashtra,Loyal
15520,Customer 15520,Male,53,Kolkata,2022-06-27,West Bengal,New
15521,Customer 15521,Male,64,Pune,2022-10-03,Maharashtra,Loyal
15522,Customer 15522,Male,24,Kochi,2022-11-08,Kerala,VIP
15523,Customer 15523,Female,57,Coimbatore,2024-03-01,Tamil Nadu,Loyal
15524,Customer 15524,Female,60,Noida,2025-05-25,Uttar Pradesh,Loyal
15525,Customer 15525,Male,45,Pune,2023-11-29,Maharashtra,New
15526,Customer 15526,Male,19,Chennai,2022-01-27,Tamil Nadu,VIP
15527,Customer 15527,Female,26,Nagpur,2024-07-01,Maharashtra,Regular
15528,Customer 15528,Female,23,Bengaluru,2023-02-26,Karnataka,Loyal
15529,Customer 15529,Male,18,Kolkata,2024-11-03,West Bengal,New
15530,Customer 15530,Male,20,Jaipur,2023-05-16,Rajasthan,Regular
15531,Customer 15531,Female,27,Hyderabad,2024-06-26,Telangana,New
15532,Customer 15532,Female,54,Kochi,2022-11-21,Kerala,New
15533,Customer 15533,Male,61,Nagpur,2022-10-12,Maharashtra,VIP
15534,Customer 15534,Female,40,Noida,2025-01-17,Uttar Pradesh,Loyal
15535,Customer 15535,Male,50,Chennai,2024-12-04,Tamil Nadu,Regular
15536,Customer 15536,Female,26,Mumbai,2023-05-13,Maharashtra,Regular
15537,Customer 15537,Female,30,Coimbatore,2024-06-30,Tamil Nadu,Loyal
15538,Customer 15538,Female,45,Hyderabad,2022-05-25,Telangana,Regular
15539,Customer 15539,Male,24,Kolkata,2024-08-05,West Bengal,Loyal
15540,Customer 15540,Male,43,Kochi,2022-03-23,Kerala,Regular
15541,Customer 15541,Male,33,Hyderabad,2024-09-06,Telangana,Regular
15542,Customer 15542,Female,57,Nagpur,2025-04-05,Maharashtra,VIP
15543,Customer 15543,Male,43,Kochi,2025-02-02,Kerala,Regular
15544,Customer 15544,Male,56,Noida,2023-05-03,Uttar Pradesh,Regular
15545,Customer 15545,Male,49,Mumbai,2022-03-23,Maharashtra,Loyal
15546,Customer 15546,Female,53,Delhi,2022-04-04,Delhi,Loyal
15547,Customer 15547,Male,59,Jaipur,2022-12-09,Rajasthan,VIP
15548,Customer 15548,Male,18,Chennai,2024-03-07,Tamil Nadu,Regular
15549,Customer 15549,Male,38,Kolkata,2022-12-27,West Bengal,Regular
15550,Customer 15550,Female,30,Delhi,2024-12-25,Delhi,Regular
15551,Customer 15551,Female,43,Coimbatore,2023-09-16,Tamil Nadu,New
15552,Customer 15552,Female,62,Mumbai,2024-05-17,Maharashtra,Loyal
15553,Customer 15553,Female,26,Ahmedabad,2023-03-05,Gujarat,Regular
15554,Customer 15554,Female,54,Ahmedabad,2022-06-20,Gujarat,Regular
15555,Customer 15555,Male,40,Mumbai,2023-08-01,Maharashtra,Loyal
15556,Customer 15556,Female,18,Chennai,2022-03-09,Tamil Nadu,VIP
15557,Customer 15557,Male,19,Mysuru,2024-11-23,Karnataka,New
15558,Customer 15558,Male,60,Delhi,2022-01-01,Delhi,Regular
15559,Customer 15559,Female,45,Pune,2022-05-31,Maharashtra,Loyal
15560,Customer 15560,Male,53,Hyderabad,2024-06-20,Telangana,Regular
15561,Customer 15561,Male,48,Kolkata,2022-09-15,West Bengal,Loyal
15562,Customer 15562,Male,58,Mysuru,2024-01-20,Karnataka,Loyal
15563,Customer 15563,Female,22,Pune,2023-09-20,Maharashtra,Regular
15564,Customer 15564,Male,54,Jaipur,2024-03-05,Rajasthan,Regular
15565,Customer 15565,Female,42,Noida,2022-01-19,Uttar Pradesh,Regular
15566,Customer 15566,Female,25,Kolkata,2022-02-04,West Bengal,Loyal
15567,Customer 15567,Female,51,Kolkata,2023-01-06,West Bengal,Regular
15568,Customer 15568,Male,56,Ahmedabad,2023-05-06,Gujarat,Loyal
15569,Customer 15569,Female,49,Chennai,2024-03-27,Tamil Nadu,Loyal
15570,Customer 15570,Male,28,Noida,2025-06-18,Uttar Pradesh,Regular
15571,Customer 15571,Male,64,Hyderabad,2022-01-07,Telangana,VIP
15572,Customer 15572,Male,42,Bengaluru,2023-07-03,Karnataka,Regular
15573,Customer 15573,Female,20,Pune,2023-01-06,Maharashtra,Loyal
15574,Customer 15574,Male,62,Ahmedabad,2024-01-27,Gujarat,New
15575,Customer 15575,Male,49,Kolkata,2025-06-27,West Bengal,Regular
15576,Customer 15576,Male,52,Mysuru,2025-02-12,Karnataka,Regular
15577,Customer 15577,Male,49,Ahmedabad,2023-07-28,Gujarat,Regular
15578,Customer 15578,Female,51,Pune,2023-11-12,Maharashtra,New
15579,Customer 15579,Female,54,Pune,2025-03-11,Maharashtra,Loyal
15580,Customer 15580,Female,22,Chennai,2022-03-29,Tamil Nadu,Regular
15581,Customer 15581,Male,62,Kolkata,2023-04-08,West Bengal,VIP
15582,Customer 15582,Male,45,Noida,2024-12-07,Uttar Pradesh,Regular
15583,Customer 15583,Female,45,Delhi,2023-04-26,Delhi,New
15584,Customer 15584,Male,25,Jaipur,2024-04-02,Rajasthan,Regular
15585,Customer 15585,Female,44,Bengaluru,2023-06-08,Karnataka,VIP
15586,Customer 15586,Male,33,Chennai,2022-07-30,Tamil Nadu,Regular
15587,Customer 15587,Female,35,Coimbatore,2022-09-01,Tamil Nadu,New
15588,Customer 15588,Male,42,Jaipur,2022-08-27,Rajasthan,VIP
15589,Customer 15589,Male,18,Kolkata,2025-05-05,West Bengal,Regular
15590,Customer 15590,Female,25,Chennai,2024-02-08,Tamil Nadu,Loyal
15591,Customer 15591,Female,38,Hyderabad,2022-08-23,Telangana,Regular
15592,Customer 15592,Male,51,Bengaluru,2022-07-06,Karnataka,Regular
15593,Customer 15593,Female,41,Ahmedabad,2023-12-14,Gujarat,Regular
15594,Customer 15594,Female,54,Mumbai,2025-05-29,Maharashtra,Loyal
15595,Customer 15595,Male,43,Coimbatore,2023-05-12,Tamil Nadu,Loyal
15596,Customer 15596,Male,64,Nagpur,2022-07-06,Maharashtra,Regular
15597,Customer 15597,Male,31,Kochi,2024-07-24,Kerala,Regular
15598,Customer 15598,Male,46,Chennai,2025-06-22,Tamil Nadu,New
15599,Customer 15599,Female,47,Pune,2022-11-09,Maharashtra,New
15600,Customer 15600,Male,20,Delhi,2024-03-29,Delhi,Regular
15601,Customer 15601,Male,24,Mumbai,2022-01-22,Maharashtra,Regular
15602,Customer 15602,Male,53,Chennai,2022-03-09,Tamil Nadu,New
15603,Customer 15603,Female,28,Chennai,2023-01-27,Tamil Nadu,Regular
15604,Customer 15604,Male,49,Mysuru,2024-12-24,Karnataka,Loyal
15605,Customer 15605,Male,29,Jaipur,2023-12-30,Rajasthan,Loyal
15606,Customer 15606,Male,32,Mysuru,2023-06-25,Karnataka,Regular
15607,Customer 15607,Female,55,Mumbai,2023-07-22,Maharashtra,Loyal
15608,Customer 15608,Male,41,Noida,2024-06-18,Uttar Pradesh,Regular
15609,Customer 15609,Female,18,Ahmedabad,2022-07-31,Gujarat,Regular
15610,Customer 15610,Male,35,Mysuru,2022-07-19,Karnataka,Loyal
15611,Customer 15611,Male,63,Pune,2024-09-13,Maharashtra,Loyal
15612,Customer 15612,Female,24,Coimbatore,2022-06-27,Tamil Nadu,Regular
15613,Customer 15613,Male,59,Nagpur,2024-07-19,Maharashtra,Regular
15614,Customer 15614,Female,58,Jaipur,2022-02-13,Rajasthan,Loyal
15615,Customer 15615,Female,19,Bengaluru,2022-06-17,Karnataka,Regular
15616,Customer 15616,Female,57,Nagpur,2022-10-14,Maharashtra,Regular
15617,Customer 15617,Female,48,Nagpur,2023-12-10,Maharashtra,Loyal
15618,Customer 15618,Male,50,Bengaluru,2022-12-03,Karnataka,New
15619,Customer 15619,Male,47,Mysuru,2023-08-09,Karnataka,Regular
15620,Customer 15620,Female,48,Mumbai,2025-04-09,Maharashtra,VIP
15621,Customer 15621,Female,51,Bengaluru,2022-07-02,Karnataka,Regular
15622,Customer 15622,Female,24,Ahmedabad,2022-01-16,Gujarat,Regular
15623,Customer 15623,Male,42,Ahmedabad,2024-06-05,Gujarat,Regular
15624,Customer 15624,Male,33,Kolkata,2024-04-16,West Bengal,Regular
15625,Customer 15625,Female,39,Hyderabad,2022-04-20,Telangana,Regular
15626,Customer 15626,Male,53,Noida,2022-11-02,Uttar Pradesh,New
15627,Customer 15627,Male,44,Coimbatore,2024-09-06,Tamil Nadu,Regular
15628,Customer 15628,Male,34,Delhi,2022-01-06,Delhi,Regular
15629,Customer 15629,Female,21,Mysuru,2024-04-22,Karnataka,Regular
15630,Customer 15630,Male,52,Jaipur,2022-12-27,Rajasthan,Regular
15631,Customer 15631,Female,58,Noida,2025-04-23,Uttar Pradesh,Regular
15632,Customer 15632,Male,39,Bengaluru,2023-10-18,Karnataka,Regular
15633,Customer 15633,Female,64,Hyderabad,2025-01-28,Telangana,Regular
15634,Customer 15634,Female,52,Delhi,2025-01-18,Delhi,Regular
15635,Customer 15635,Male,61,Jaipur,2024-09-10,Rajasthan,Loyal
15636,Customer 15636,Female,32,Coimbatore,2025-06-23,Tamil Nadu,Loyal
15637,Customer 15637,Male,57,Kochi,2025-06-16,Kerala,Regular
15638,Customer 15638,Male,61,Coimbatore,2023-12-25,Tamil Nadu,New
15639,Customer 15639,Female,38,Mysuru,2025-01-09,Karnataka,New
15640,Customer 15640,Male,30,Bengaluru,2022-04-25,Karnataka,Regular
15641,Customer 15641,Male,64,Kochi,2022-10-03,Kerala,Regular
15642,Customer 15642,Male,28,Noida,2022-03-21,Uttar Pradesh,New
15643,Customer 15643,Male,44,Mumbai,2022-06-28,Maharashtra,Regular
15644,Customer 15644,Female,48,Noida,2023-07-15,Uttar Pradesh,VIP
15645,Customer 15645,Male,61,Noida,2023-05-24,Uttar Pradesh,Loyal
15646,Customer 15646,Female,49,Coimbatore,2022-09-17,Tamil Nadu,Loyal
15647,Customer 15647,Female,47,Mumbai,2022-10-19,Maharashtra,New
15648,Customer 15648,Male,35,Mumbai,2024-06-03,Maharashtra,New
15649,Customer 15649,Male,33,Mysuru,2022-10-18,Karnataka,New
15650,Customer 15650,Female,52,Jaipur,2023-06-26,Rajasthan,VIP
15651,Customer 15651,Male,26,Delhi,2024-02-03,Delhi,Regular
15652,Customer 15652,Male,56,Chennai,2024-12-22,Tamil Nadu,Regular
15653,Customer 15653,Male,54,Nagpur,2023-08-17,Maharashtra,Regular
15654,Customer 15654,Female,27,Jaipur,2024-08-05,Rajasthan,Loyal
15655,Customer 15655,Female,29,Nagpur,2023-04-25,Maharashtra,Regular
15656,Customer 15656,Male,25,Coimbatore,2023-01-16,Tamil Nadu,Regular
15657,Customer 15657,Male,20,Chennai,2022-11-06,Tamil Nadu,VIP
15658,Customer 15658,Female,36,Delhi,2024-12-15,Delhi,Regular
15659,Customer 15659,Female,28,Chennai,2024-04-26,Tamil Nadu,Regular
15660,Customer 15660,Female,25,Mysuru,2023-03-01,Karnataka,Regular
15661,Customer 15661,Female,43,Noida,2025-03-11,Uttar Pradesh,Loyal
15662,Customer 15662,Male,62,Coimbatore,2023-10-23,Tamil Nadu,Regular
15663,Customer 15663,Female,40,Mumbai,2022-08-14,Maharashtra,New
15664,Customer 15664,Male,27,Ahmedabad,2022-01-25,Gujarat,Loyal
15665,Customer 15665,Male,35,Coimbatore,2022-04-05,Tamil Nadu,Regular
15666,Customer 15666,Female,29,Nagpur,2023-05-23,Maharashtra,Loyal
15667,Customer 15667,Male,56,Kochi,2023-07-19,Kerala,Regular
15668,Customer 15668,Other,43,Delhi,2025-04-14,Delhi,Regular
15669,Customer 15669,Male,28,Chennai,2023-10-06,Tamil Nadu,New
15670,Customer 15670,Female,27,Delhi,2023-05-05,Delhi,Loyal
15671,Customer 15671,Female,20,Jaipur,2023-04-04,Rajasthan,Loyal
15672,Customer 15672,Male,24,Mysuru,2024-06-19,Karnataka,Regular
15673,Customer 15673,Female,21,Coimbatore,2022-12-04,Tamil Nadu,Regular
15674,Customer 15674,Male,57,Jaipur,2024-08-20,Rajasthan,VIP
15675,Customer 15675,Female,25,Kochi,2025-05-21,Kerala,Regular
15676,Customer 15676,Male,55,Bengaluru,2022-12-11,Karnataka,New
15677,Customer 15677,Female,30,Coimbatore,2023-07-30,Tamil Nadu,VIP
15678,Customer 15678,Male,29,Jaipur,2024-07-31,Rajasthan,Loyal
15679,Customer 15679,Male,52,Mumbai,2022-12-12,Maharashtra,Regular
15680,Customer 15680,Male,55,Coimbatore,2025-06-25,Tamil Nadu,VIP
15681,Customer 15681,Male,60,Hyderabad,2022-11-21,Telangana,New
15682,Customer 15682,Female,53,Mysuru,2023-04-12,Karnataka,New
15683,Customer 15683,Female,64,Pune,2022-04-01,Maharashtra,Loyal
15684,Customer 15684,Female,19,Mysuru,2022-10-21,Karnataka,New
15685,Customer 15685,Male,32,Chennai,2023-06-08,Tamil Nadu,Loyal
15686,Customer 15686,Male,51,Ahmedabad,2024-04-29,Gujarat,Loyal
15687,Customer 15687,Male,56,Pune,2022-09-16,Maharashtra,Regular
15688,Customer 15688,Female,43,Kochi,2025-01-15,Kerala,Loyal
15689,Customer 15689,Other,22,Chennai,2025-03-27,Tamil Nadu,New
15690,Customer 15690,Male,42,Chennai,2022-07-05,Tamil Nadu,Regular
15691,Customer 15691,Male,51,Mumbai,2022-12-10,Maharashtra,VIP
15692,Customer 15692,Male,64,Kochi,2024-03-31,Kerala,Loyal
15693,Customer 15693,Female,21,Mumbai,2024-01-11,Maharashtra,Regular
15694,Customer 15694,Female,51,Kochi,2023-07-23,Kerala,New
15695,Customer 15695,Female,44,Kolkata,2024-08-07,West Bengal,Regular
15696,Customer 15696,Male,59,Noida,2023-05-24,Uttar Pradesh,Regular
15697,Customer 15697,Female,46,Nagpur,2022-01-16,Maharashtra,Regular
15698,Customer 15698,Female,22,Kochi,2023-06-09,Kerala,New
15699,Customer 15699,Male,35,Noida,2022-07-19,Uttar Pradesh,Regular
15700,Customer 15700,Female,21,Noida,2025-04-22,Uttar Pradesh,Loyal
15701,Customer 15701,Male,18,Ahmedabad,2022-11-05,Gujarat,Regular
15702,Customer 15702,Male,37,Nagpur,2025-03-27,Maharashtra,New
15703,Customer 15703,Female,23,Bengaluru,2022-09-16,Karnataka,VIP
15704,Customer 15704,Male,37,Pune,2025-03-26,Maharashtra,Regular
15705,Customer 15705,Female,37,Delhi,2023-03-01,Delhi,Loyal
15706,Customer 15706,Female,63,Noida,2024-02-18,Uttar Pradesh,New
15707,Customer 15707,Male,44,Ahmedabad,2024-11-10,Gujarat,Regular
15708,Customer 15708,Female,43,Kolkata,2023-10-01,West Bengal,Regular
15709,Customer 15709,Female,49,Kochi,2024-07-08,Kerala,Regular
15710,Customer 15710,Male,27,Coimbatore,2024-10-08,Tamil Nadu,Regular
15711,Customer 15711,Male,35,Coimbatore,2022-12-16,Tamil Nadu,Regular
15712,Customer 15712,Male,58,Chennai,2024-08-18,Tamil Nadu,Regular
15713,Customer 15713,Male,29,Nagpur,2023-03-14,Maharashtra,Regular
15714,Customer 15714,Male,27,Chennai,2023-04-01,Tamil Nadu,Regular
15715,Customer 15715,Male,41,Kochi,2023-09-16,Kerala,VIP
15716,Customer 15716,Male,41,Ahmedabad,2025-01-08,Gujarat,Loyal
15717,Customer 15717,Female,55,Hyderabad,2023-10-05,Telangana,Loyal
15718,Customer 15718,Male,63,Hyderabad,2023-01-27,Telangana,Loyal
15719,Customer 15719,Female,42,Kolkata,2023-07-28,West Bengal,New
15720,Customer 15720,Female,25,Jaipur,2022-02-02,Rajasthan,Regular
15721,Customer 15721,Female,31,Delhi,2025-03-05,Delhi,Loyal
15722,Customer 15722,Male,60,Mumbai,2024-07-09,Maharashtra,New
15723,Customer 15723,Female,48,Kochi,2023-02-14,Kerala,Regular
15724,Customer 15724,Female,41,Mumbai,2024-10-19,Maharashtra,Regular
15725,Customer 15725,Female,33,Nagpur,2025-01-19,Maharashtra,Regular
15726,Customer 15726,Male,37,Nagpur,2023-02-17,Maharashtra,Regular
15727,Customer 15727,Male,55,Noida,2022-10-26,Uttar Pradesh,VIP
15728,Customer 15728,Female,64,Hyderabad,2022-03-14,Telangana,Loyal
15729,Customer 15729,Male,32,Noida,2022-09-18,Uttar Pradesh,Regular
15730,Customer 15730,Male,31,Mumbai,2023-11-21,Maharashtra,Regular
15731,Customer 15731,Male,29,Jaipur,2024-08-16,Rajasthan,Regular
15732,Customer 15732,Female,51,Pune,2024-01-02,Maharashtra,Regular
15733,Customer 15733,Female,25,Pune,2023-11-16,Maharashtra,Loyal
15734,Customer 15734,Male,36,Nagpur,2025-04-03,Maharashtra,Regular
15735,Customer 15735,Female,63,Jaipur,2024-04-19,Rajasthan,Loyal
15736,Customer 15736,Female,22,Chennai,2022-12-01,Tamil Nadu,Regular
15737,Customer 15737,Female,44,Mumbai,2024-01-02,Maharashtra,Regular
15738,Customer 15738,Female,58,Pune,2024-03-14,Maharashtra,Loyal
15739,Customer 15739,Female,30,Jaipur,2025-03-30,Rajasthan,Loyal
15740,Customer 15740,Female,49,Jaipur,2023-01-25,Rajasthan,Loyal
15741,Customer 15741,Male,48,Mumbai,2024-01-30,Maharashtra,VIP
15742,Customer 15742,Female,58,Mysuru,2024-06-01,Karnataka,Loyal
15743,Customer 15743,Male,63,Jaipur,2024-08-29,Rajasthan,Loyal
15744,Customer 15744,Male,54,Jaipur,2024-12-30,Rajasthan,Loyal
15745,Customer 15745,Male,19,Coimbatore,2024-07-29,Tamil Nadu,Regular
15746,Customer 15746,Female,24,Hyderabad,2025-01-20,Telangana,Regular
15747,Customer 15747,Female,28,Noida,2024-06-21,Uttar Pradesh,Regular
15748,Customer 15748,Male,28,Mumbai,2025-06-22,Maharashtra,Regular
15749,Customer 15749,Male,40,Coimbatore,2022-01-24,Tamil Nadu,Loyal
15750,Customer 15750,Female,48,Jaipur,2023-07-11,Rajasthan,New
15751,Customer 15751,Male,61,Mysuru,2023-12-02,Karnataka,Regular
15752,Customer 15752,Female,62,Noida,2023-02-07,Uttar Pradesh,Loyal
15753,Customer 15753,Male,25,Mumbai,2023-03-17,Maharashtra,New
15754,Customer 15754,Male,49,Nagpur,2024-05-31,Maharashtra,Regular
15755,Customer 15755,Other,38,Coimbatore,2024-07-14,Tamil Nadu,Regular
15756,Customer 15756,Male,48,Noida,2025-05-27,Uttar Pradesh,Loyal
15757,Customer 15757,Male,18,Mumbai,2023-04-30,Maharashtra,Regular
15758,Customer 15758,Male,30,Coimbatore,2025-05-26,Tamil Nadu,VIP
15759,Customer 15759,Female,28,Mysuru,2024-12-26,Karnataka,Regular
15760,Customer 15760,Female,46,Mumbai,2022-01-31,Maharashtra,Loyal
15761,Customer 15761,Male,21,Mumbai,2022-11-18,Maharashtra,Regular
15762,Customer 15762,Male,53,Kochi,2025-06-27,Kerala,Regular
15763,Customer 15763,Female,32,Mumbai,2023-07-20,Maharashtra,Regular
15764,Customer 15764,Male,20,Kolkata,2022-01-10,West Bengal,New
15765,Customer 15765,Female,46,Delhi,2023-11-09,Delhi,Regular
15766,Customer 15766,Male,38,Kolkata,2024-04-30,West Bengal,Regular
15767,Customer 15767,Male,19,Jaipur,2024-07-15,Rajasthan,New
15768,Customer 15768,Female,23,Nagpur,2022-10-12,Maharashtra,Loyal
15769,Customer 15769,Male,48,Jaipur,2022-06-02,Rajasthan,Regular
15770,Customer 15770,Female,41,Mysuru,2023-01-06,Karnataka,VIP
15771,Customer 15771,Male,57,Kolkata,2022-10-28,West Bengal,Loyal
15772,Customer 15772,Male,34,Noida,2022-05-26,Uttar Pradesh,New
15773,Customer 15773,Other,22,Ahmedabad,2024-12-11,Gujarat,Regular
15774,Customer 15774,Male,19,Delhi,2023-12-03,Delhi,Regular
15775,Customer 15775,Female,29,Chennai,2022-05-21,Tamil Nadu,Loyal
15776,Customer 15776,Male,22,Ahmedabad,2025-01-16,Gujarat,Loyal
15777,Customer 15777,Female,59,Delhi,2022-03-25,Delhi,Regular
15778,Customer 15778,Female,58,Hyderabad,2025-06-20,Telangana,New
15779,Customer 15779,Male,37,Hyderabad,2025-02-03,Telangana,Regular
15780,Customer 15780,Female,25,Mumbai,2022-01-21,Maharashtra,Loyal
15781,Customer 15781,Female,18,Jaipur,2024-10-26,Rajasthan,Loyal
15782,Customer 15782,Male,23,Delhi,2024-08-24,Delhi,Loyal
15783,Customer 15783,Female,28,Chennai,2025-05-29,Tamil Nadu,Loyal
15784,Customer 15784,Female,20,Delhi,2025-01-15,Delhi,New
15785,Customer 15785,Male,48,Nagpur,2023-03-29,Maharashtra,VIP
15786,Customer 15786,Male,45,Ahmedabad,2022-12-08,Gujarat,Loyal
15787,Customer 15787,Male,64,Nagpur,2023-01-28,Maharashtra,New
15788,Customer 15788,Male,60,Chennai,2025-06-23,Tamil Nadu,New
15789,Customer 15789,Female,22,Delhi,2024-09-29,Delhi,Regular
15790,Customer 15790,Male,43,Coimbatore,2025-02-10,Tamil Nadu,Loyal
15791,Customer 15791,Female,33,Kochi,2024-08-28,Kerala,Regular
15792,Customer 15792,Male,48,Jaipur,2022-06-07,Rajasthan,New
15793,Customer 15793,Male,45,Nagpur,2024-03-21,Maharashtra,Regular
15794,Customer 15794,Female,24,Nagpur,2025-06-14,Maharashtra,Regular
15795,Customer 15795,Female,55,Pune,2023-11-30,Maharashtra,Regular
15796,Customer 15796,Female,26,Delhi,2025-06-20,Delhi,Regular
15797,Customer 15797,Male,56,Jaipur,2022-06-15,Rajasthan,Loyal
15798,Customer 15798,Male,52,Nagpur,2022-02-03,Maharashtra,Regular
15799,Customer 15799,Male,60,Kolkata,2022-09-12,West Bengal,Loyal
15800,Customer 15800,Other,44,Mysuru,2022-10-29,Karnataka,Loyal
15801,Customer 15801,Male,29,Kochi,2022-08-08,Kerala,Regular
15802,Customer 15802,Female,42,Kochi,2024-11-21,Kerala,Regular
15803,Customer 15803,Female,60,Delhi,2024-07-23,Delhi,Regular
15804,Customer 15804,Male,46,Hyderabad,2023-05-24,Telangana,Regular
15805,Customer 15805,Female,48,Pune,2025-06-10,Maharashtra,Loyal
15806,Customer 15806,Female,51,Nagpur,2024-08-10,Maharashtra,Loyal
15807,Customer 15807,Female,50,Pune,2022-08-03,Maharashtra,Regular
15808,Customer 15808,Male,44,Hyderabad,2025-06-19,Telangana,Loyal
15809,Customer 15809,Male,19,Chennai,2022-09-02,Tamil Nadu,Loyal
15810,Customer 15810,Male,31,Chennai,2022-01-20,Tamil Nadu,Loyal
15811,Customer 15811,Male,30,Ahmedabad,2022-07-29,Gujarat,Regular
15812,Customer 15812,Female,41,Delhi,2023-03-02,Delhi,Loyal
15813,Customer 15813,Female,22,Hyderabad,2024-09-26,Telangana,Regular
15814,Customer 15814,Male,51,Bengaluru,2024-09-07,Karnataka,Loyal
15815,Customer 15815,Female,40,Ahmedabad,2022-03-13,Gujarat,Regular
15816,Customer 15816,Female,36,Bengaluru,2022-06-27,Karnataka,Loyal
15817,Customer 15817,Male,47,Delhi,2022-10-26,Delhi,Regular
15818,Customer 15818,Male,60,Mumbai,2022-09-23,Maharashtra,Loyal
15819,Customer 15819,Female,33,Jaipur,2023-06-04,Rajasthan,Loyal
15820,Customer 15820,Female,57,Pune,2022-10-02,Maharashtra,Regular
15821,Customer 15821,Female,51,Pune,2024-08-05,Maharashtra,New
15822,Customer 15822,Male,28,Jaipur,2022-02-22,Rajasthan,Loyal
15823,Customer 15823,Male,31,Jaipur,2024-03-22,Rajasthan,Regular
15824,Customer 15824,Male,64,Chennai,2023-05-04,Tamil Nadu,Regular
15825,Customer 15825,Female,32,Bengaluru,2023-05-17,Karnataka,Loyal
15826,Customer 15826,Female,52,Jaipur,2022-11-03,Rajasthan,Loyal
15827,Customer 15827,Male,24,Kolkata,2023-02-21,West Bengal,Regular
15828,Customer 15828,Female,46,Noida,2023-05-24,Uttar Pradesh,Regular
15829,Customer 15829,Female,61,Jaipur,2024-07-09,Rajasthan,Loyal
15830,Customer 15830,Female,39,Nagpur,2023-09-30,Maharashtra,Loyal
15831,Customer 15831,Female,40,Nagpur,2023-10-28,Maharashtra,Regular
15832,Customer 15832,Male,41,Nagpur,2022-01-06,Maharashtra,New
15833,Customer 15833,Female,52,Chennai,2023-02-26,Tamil Nadu,Regular
15834,Customer 15834,Male,27,Kochi,2023-01-25,Kerala,VIP
15835,Customer 15835,Male,25,Hyderabad,2022-11-30,Telangana,Regular
15836,Customer 15836,Female,29,Kolkata,2022-12-04,West Bengal,Regular
15837,Customer 15837,Female,46,Coimbatore,2024-04-27,Tamil Nadu,New
15838,Customer 15838,Female,46,Kochi,2025-01-16,Kerala,New
15839,Customer 15839,Female,40,Bengaluru,2022-09-26,Karnataka,Loyal
15840,Customer 15840,Female,43,Kolkata,2022-03-06,West Bengal,Regular
15841,Customer 15841,Female,54,Ahmedabad,2023-11-09,Gujarat,Regular
15842,Customer 15842,Male,49,Bengaluru,2024-12-23,Karnataka,New
15843,Customer 15843,Female,55,Kolkata,2023-10-19,West Bengal,Regular
15844,Customer 15844,Male,23,Noida,2024-02-20,Uttar Pradesh,Loyal
15845,Customer 15845,Male,25,Kolkata,2022-11-25,West Bengal,New
15846,Customer 15846,Male,34,Kolkata,2023-06-02,West Bengal,Loyal
15847,Customer 15847,Female,29,Kochi,2024-05-11,Kerala,New
15848,Customer 15848,Female,39,Kolkata,2023-02-25,West Bengal,New
15849,Customer 15849,Female,31,Pune,2022-11-05,Maharashtra,Regular
15850,Customer 15850,Female,51,Kochi,2024-03-24,Kerala,VIP
15851,Customer 15851,Male,36,Mumbai,2024-04-25,Maharashtra,Regular
15852,Customer 15852,Female,23,Delhi,2024-08-19,Delhi,Loyal
15853,Customer 15853,Female,35,Ahmedabad,2025-04-27,Gujarat,Regular
15854,Customer 15854,Female,53,Ahmedabad,2023-12-22,Gujarat,New
15855,Customer 15855,Female,54,Pune,2024-12-01,Maharashtra,Regular
15856,Customer 15856,Female,55,Jaipur,2023-08-13,Rajasthan,VIP
15857,Customer 15857,Female,32,Hyderabad,2022-11-16,Telangana,New
15858,Customer 15858,Female,55,Delhi,2024-10-07,Delhi,Loyal
15859,Customer 15859,Male,57,Bengaluru,2023-03-21,Karnataka,VIP
15860,Customer 15860,Female,26,Hyderabad,2022-10-13,Telangana,New
15861,Customer 15861,Male,23,Delhi,2022-06-20,Delhi,Regular
15862,Customer 15862,Male,19,Noida,2022-09-20,Uttar Pradesh,Regular
15863,Customer 15863,Female,33,Noida,2024-07-30,Uttar Pradesh,Regular
15864,Customer 15864,Male,18,Mysuru,2022-05-22,Karnataka,New
15865,Customer 15865,Female,47,Jaipur,2025-03-17,Rajasthan,Regular
15866,Customer 15866,Male,50,Kochi,2023-09-20,Kerala,Loyal
15867,Customer 15867,Male,18,Coimbatore,2023-08-16,Tamil Nadu,Loyal
15868,Customer 15868,Female,56,Noida,2023-02-20,Uttar Pradesh,Loyal
15869,Customer 15869,Male,33,Bengaluru,2022-01-25,Karnataka,New
15870,Customer 15870,Female,34,Mumbai,2023-09-19,Maharashtra,Regular
15871,Customer 15871,Male,55,Nagpur,2022-04-04,Maharashtra,Regular
15872,Customer 15872,Male,35,Mysuru,2022-11-01,Karnataka,Regular
15873,Customer 15873,Male,39,Nagpur,2022-07-04,Maharashtra,New
15874,Customer 15874,Male,39,Ahmedabad,2022-10-10,Gujarat,Regular
15875,Customer 15875,Female,52,Jaipur,2025-03-24,Rajasthan,Loyal
15876,Customer 15876,Male,48,Kolkata,2023-11-17,West Bengal,VIP
15877,Customer 15877,Female,57,Coimbatore,2024-05-12,Tamil Nadu,New
15878,Customer 15878,Female,44,Ahmedabad,2023-11-16,Gujarat,Loyal
15879,Customer 15879,Female,53,Delhi,2023-10-28,Delhi,Loyal
15880,Customer 15880,Female,21,Ahmedabad,2024-11-03,Gujarat,Regular
15881,Customer 15881,Male,22,Chennai,2024-06-08,Tamil Nadu,New
15882,Customer 15882,Male,42,Jaipur,2024-03-26,Rajasthan,VIP
15883,Customer 15883,Female,48,Noida,2022-12-07,Uttar Pradesh,Loyal
15884,Customer 15884,Female,31,Mumbai,2023-08-27,Maharashtra,VIP
15885,Customer 15885,Female,47,Coimbatore,2024-01-04,Tamil Nadu,Regular
15886,Customer 15886,Female,64,Nagpur,2024-03-29,Maharashtra,Regular
15887,Customer 15887,Male,29,Mysuru,2024-06-25,Karnataka,Regular
15888,Customer 15888,Male,44,Noida,2025-02-05,Uttar Pradesh,VIP
15889,Customer 15889,Female,62,Bengaluru,2023-06-24,Karnataka,Regular
15890,Customer 15890,Female,41,Noida,2023-03-15,Uttar Pradesh,New
15891,Customer 15891,Male,47,Mysuru,2024-09-14,Karnataka,Regular
15892,Customer 15892,Female,35,Mysuru,2023-10-28,Karnataka,Regular
15893,Customer 15893,Male,31,Chennai,2023-01-19,Tamil Nadu,Regular
15894,Customer 15894,Male,36,Kochi,2023-08-05,Kerala,Regular
15895,Customer 15895,Female,39,Noida,2022-06-09,Uttar Pradesh,Regular
15896,Customer 15896,Female,43,Ahmedabad,2023-03-08,Gujarat,Regular
15897,Customer 15897,Female,24,Noida,2023-09-07,Uttar Pradesh,New
15898,Customer 15898,Male,45,Jaipur,2023-05-03,Rajasthan,Regular
15899,Customer 15899,Male,55,Jaipur,2025-04-27,Rajasthan,New
15900,Customer 15900,Female,22,Kolkata,2022-12-09,West Bengal,Regular
15901,Customer 15901,Male,53,Chennai,2022-04-19,Tamil Nadu,Loyal
15902,Customer 15902,Female,35,Hyderabad,2024-04-28,Telangana,Regular
15903,Customer 15903,Female,31,Hyderabad,2022-10-28,Telangana,New
15904,Customer 15904,Female,40,Kolkata,2023-12-06,West Bengal,Regular
15905,Customer 15905,Male,31,Delhi,2024-12-30,Delhi,Regular
15906,Customer 15906,Female,49,Hyderabad,2022-09-26,Telangana,Regular
15907,Customer 15907,Male,22,Jaipur,2025-05-17,Rajasthan,Regular
15908,Customer 15908,Male,39,Kolkata,2023-04-23,West Bengal,Loyal
15909,Customer 15909,Male,45,Pune,2022-06-25,Maharashtra,Loyal
15910,Customer 15910,Male,60,Kochi,2022-08-27,Kerala,Regular
15911,Customer 15911,Female,29,Kochi,2024-06-11,Kerala,Regular
15912,Customer 15912,Male,35,Ahmedabad,2023-09-02,Gujarat,Loyal
15913,Customer 15913,Male,53,Noida,2024-05-08,Uttar Pradesh,New
15914,Customer 15914,Female,48,Ahmedabad,2023-05-07,Gujarat,New
15915,Customer 15915,Male,30,Kolkata,2022-04-09,West Bengal,Loyal
15916,Customer 15916,Female,37,Mumbai,2022-11-25,Maharashtra,Regular
15917,Customer 15917,Male,62,Noida,2023-03-21,Uttar Pradesh,Loyal
15918,Customer 15918,Male,53,Pune,2024-09-24,Maharashtra,Regular
15919,Customer 15919,Female,24,Pune,2022-10-22,Maharashtra,Regular
15920,Customer 15920,Male,40,Ahmedabad,2023-03-18,Gujarat,Loyal
15921,Customer 15921,Female,51,Nagpur,2024-03-05,Maharashtra,Regular
15922,Customer 15922,Male,49,Noida,2024-06-09,Uttar Pradesh,Regular
15923,Customer 15923,Male,38,Coimbatore,2022-01-31,Tamil Nadu,New
15924,Customer 15924,Male,23,Pune,2025-02-28,Maharashtra,New
15925,Customer 15925,Male,33,Kochi,2023-03-14,Kerala,New
15926,Customer 15926,Male,52,Mumbai,2022-10-13,Maharashtra,Regular
15927,Customer 15927,Female,64,Kochi,2022-10-18,Kerala,VIP
15928,Customer 15928,Male,37,Chennai,2023-01-03,Tamil Nadu,Loyal
15929,Customer 15929,Male,59,Delhi,2023-05-01,Delhi,Regular
15930,Customer 15930,Male,58,Nagpur,2023-07-09,Maharashtra,Loyal
15931,Customer 15931,Female,28,Chennai,2022-06-17,Tamil Nadu,Regular
15932,Customer 15932,Female,49,Nagpur,2025-04-08,Maharashtra,Regular
15933,Customer 15933,Female,31,Kochi,2024-02-10,Kerala,New
15934,Customer 15934,Female,41,Jaipur,2022-03-19,Rajasthan,Loyal
15935,Customer 15935,Male,61,Mumbai,2024-04-30,Maharashtra,New
15936,Customer 15936,Male,56,Kochi,2025-01-13,Kerala,Regular
15937,Customer 15937,Female,60,Jaipur,2024-06-10,Rajasthan,Loyal
15938,Customer 15938,Female,48,Ahmedabad,2023-10-23,Gujarat,New
15939,Customer 15939,Male,34,Mysuru,2025-05-09,Karnataka,New
15940,Customer 15940,Male,42,Noida,2023-08-12,Uttar Pradesh,Regular
15941,Customer 15941,Other,26,Kochi,2024-02-01,Kerala,Regular
15942,Customer 15942,Female,39,Jaipur,2023-07-19,Rajasthan,Regular
15943,Customer 15943,Male,62,Kolkata,2024-03-22,West Bengal,Regular
15944,Customer 15944,Female,52,Bengaluru,2022-10-29,Karnataka,Regular
15945,Customer 15945,Male,54,Coimbatore,2022-10-20,Tamil Nadu,Regular
15946,Customer 15946,Male,34,Chennai,2022-10-21,Tamil Nadu,Regular
15947,Customer 15947,Male,45,Noida,2022-04-19,Uttar Pradesh,VIP
15948,Customer 15948,Male,18,Coimbatore,2022-12-31,Tamil Nadu,Regular
15949,Customer 15949,Male,26,Mysuru,2023-08-23,Karnataka,Loyal
15950,Customer 15950,Female,30,Bengaluru,2023-11-09,Karnataka,Loyal
15951,Customer 15951,Male,64,Coimbatore,2022-04-03,Tamil Nadu,Regular
15952,Customer 15952,Female,49,Coimbatore,2024-12-23,Tamil Nadu,Regular
15953,Customer 15953,Male,45,Chennai,2023-03-04,Tamil Nadu,Regular
15954,Customer 15954,Male,48,Hyderabad,2023-09-30,Telangana,Loyal
15955,Customer 15955,Female,25,Bengaluru,2023-01-03,Karnataka,Regular
15956,Customer 15956,Female,25,Noida,2022-04-15,Uttar Pradesh,New
15957,Customer 15957,Female,51,Mysuru,2022-07-28,Karnataka,New
15958,Customer 15958,Other,40,Bengaluru,2024-10-08,Karnataka,Regular
15959,Customer 15959,Male,27,Ahmedabad,2023-04-19,Gujarat,New
15960,Customer 15960,Male,54,Mumbai,2024-12-20,Maharashtra,Loyal
15961,Customer 15961,Female,42,Ahmedabad,2022-01-12,Gujarat,New
15962,Customer 15962,Other,50,Hyderabad,2023-04-11,Telangana,Regular
15963,Customer 15963,Female,62,Mumbai,2023-10-11,Maharashtra,Loyal
15964,Customer 15964,Female,21,Mysuru,2025-05-03,Karnataka,Loyal
15965,Customer 15965,Female,24,Chennai,2025-01-02,Tamil Nadu,Regular
15966,Customer 15966,Male,50,Chennai,2024-05-24,Tamil Nadu,New
15967,Customer 15967,Female,19,Jaipur,2023-01-21,Rajasthan,Regular
15968,Customer 15968,Female,63,Mysuru,2025-03-05,Karnataka,Regular
15969,Customer 15969,Female,49,Nagpur,2024-06-02,Maharashtra,Regular
15970,Customer 15970,Male,22,Mysuru,2023-07-09,Karnataka,Regular
15971,Customer 15971,Male,63,Ahmedabad,2024-11-28,Gujarat,New
15972,Customer 15972,Male,34,Hyderabad,2023-10-16,Telangana,Loyal
15973,Customer 15973,Male,29,Kochi,2024-05-14,Kerala,New
15974,Customer 15974,Female,29,Pune,2024-09-15,Maharashtra,Regular
15975,Customer 15975,Male,52,Chennai,2022-12-19,Tamil Nadu,VIP
15976,Customer 15976,Male,38,Delhi,2023-05-29,Delhi,Loyal
15977,Customer 15977,Male,38,Hyderabad,2024-03-14,Telangana,Regular
15978,Customer 15978,Female,19,Kochi,2022-12-09,Kerala,New
15979,Customer 15979,Female,38,Kolkata,2022-12-02,West Bengal,VIP
15980,Customer 15980,Male,32,Hyderabad,2022-01-24,Telangana,New
15981,Customer 15981,Male,28,Hyderabad,2024-06-03,Telangana,Loyal
15982,Customer 15982,Male,27,Jaipur,2022-04-14,Rajasthan,Loyal
15983,Customer 15983,Female,35,Coimbatore,2023-07-28,Tamil Nadu,New
15984,Customer 15984,Male,40,Hyderabad,2024-02-14,Telangana,Loyal
15985,Customer 15985,Female,48,Jaipur,2024-06-05,Rajasthan,VIP
15986,Customer 15986,Male,43,Chennai,2022-08-31,Tamil Nadu,Regular
15987,Customer 15987,Male,19,Pune,2022-12-08,Maharashtra,Regular
15988,Customer 15988,Female,56,Pune,2023-09-25,Maharashtra,Loyal
15989,Customer 15989,Male,24,Hyderabad,2024-05-14,Telangana,Regular
15990,Customer 15990,Female,41,Kolkata,2022-06-22,West Bengal,Loyal
15991,Customer 15991,Male,56,Mumbai,2022-04-13,Maharashtra,Regular
15992,Customer 15992,Female,49,Chennai,2022-06-09,Tamil Nadu,New
15993,Customer 15993,Female,43,Jaipur,2023-12-15,Rajasthan,Regular
15994,Customer 15994,Female,40,Chennai,2023-07-11,Tamil Nadu,New
15995,Customer 15995,Male,31,Kolkata,2023-07-30,West Bengal,New
15996,Customer 15996,Male,46,Bengaluru,2022-07-15,Karnataka,New
15997,Customer 15997,Male,42,Ahmedabad,2024-09-15,Gujarat,Regular
15998,Customer 15998,Female,48,Kolkata,2024-07-22,West Bengal,New
15999,Customer 15999,Female,19,Jaipur,2022-03-11,Rajasthan,Loyal
16000,Customer 16000,Male,19,Kolkata,2024-04-22,West Bengal,Loyal
16001,Customer 16001,Male,40,Jaipur,2022-09-04,Rajasthan,Regular
16002,Customer 16002,Female,64,Noida,2022-11-25,Uttar Pradesh,Regular
16003,Customer 16003,Male,28,Nagpur,2022-06-07,Maharashtra,Regular
16004,Customer 16004,Male,46,Jaipur,2024-07-06,Rajasthan,Regular
16005,Customer 16005,Male,59,Kolkata,2023-11-29,West Bengal,Regular
16006,Customer 16006,Female,52,Nagpur,2024-01-13,Maharashtra,Loyal
16007,Customer 16007,Female,26,Jaipur,2023-08-08,Rajasthan,New
16008,Customer 16008,Other,49,Jaipur,2022-02-24,Rajasthan,Loyal
16009,Customer 16009,Male,47,Mumbai,2023-05-01,Maharashtra,Loyal
16010,Customer 16010,Female,32,Nagpur,2025-06-20,Maharashtra,Regular
16011,Customer 16011,Female,31,Bengaluru,2023-02-14,Karnataka,Regular
16012,Customer 16012,Male,34,Kolkata,2024-08-17,West Bengal,Regular
16013,Customer 16013,Female,39,Kolkata,2024-06-23,West Bengal,Regular
16014,Customer 16014,Male,47,Mysuru,2023-12-28,Karnataka,Regular
16015,Customer 16015,Male,34,Nagpur,2024-11-04,Maharashtra,Regular
16016,Customer 16016,Male,33,Chennai,2022-05-27,Tamil Nadu,New
16017,Customer 16017,Male,25,Kolkata,2024-11-14,West Bengal,New
16018,Customer 16018,Female,56,Kochi,2022-11-29,Kerala,New
16019,Customer 16019,Male,48,Ahmedabad,2025-04-12,Gujarat,Regular
16020,Customer 16020,Male,29,Mysuru,2022-10-17,Karnataka,Regular
16021,Customer 16021,Male,50,Nagpur,2023-07-24,Maharashtra,Regular
16022,Customer 16022,Female,29,Chennai,2024-03-01,Tamil Nadu,Regular
16023,Customer 16023,Female,42,Chennai,2025-03-14,Tamil Nadu,Loyal
16024,Customer 16024,Female,55,Kochi,2024-06-27,Kerala,Loyal
16025,Customer 16025,Female,35,Hyderabad,2025-02-19,Telangana,Regular
16026,Customer 16026,Male,36,Pune,2022-01-27,Maharashtra,Regular
16027,Customer 16027,Male,20,Mumbai,2024-12-25,Maharashtra,Loyal
16028,Customer 16028,Female,52,Bengaluru,2025-01-29,Karnataka,Regular
16029,Customer 16029,Male,22,Coimbatore,2024-07-14,Tamil Nadu,Regular
16030,Customer 16030,Male,52,Kolkata,2023-01-23,West Bengal,Loyal
16031,Customer 16031,Female,44,Noida,2025-01-22,Uttar Pradesh,Regular
16032,Customer 16032,Male,54,Nagpur,2024-12-26,Maharashtra,Regular
16033,Customer 16033,Male,63,Nagpur,2022-09-07,Maharashtra,VIP
16034,Customer 16034,Male,38,Mysuru,2022-05-22,Karnataka,Regular
16035,Customer 16035,Male,33,Mysuru,2022-09-24,Karnataka,VIP
16036,Customer 16036,Female,45,Jaipur,2022-08-03,Rajasthan,Regular
16037,Customer 16037,Female,42,Noida,2023-05-04,Uttar Pradesh,Regular
16038,Customer 16038,Female,50,Nagpur,2023-05-11,Maharashtra,Regular
16039,Customer 16039,Female,34,Delhi,2023-04-25,Delhi,Loyal
16040,Customer 16040,Male,60,Bengaluru,2023-10-05,Karnataka,New
16041,Customer 16041,Male,47,Jaipur,2022-01-01,Rajasthan,Regular
16042,Customer 16042,Male,58,Jaipur,2024-10-29,Rajasthan,Loyal
16043,Customer 16043,Male,21,Nagpur,2024-04-20,Maharashtra,Regular
16044,Customer 16044,Other,19,Kolkata,2023-01-15,West Bengal,New
16045,Customer 16045,Female,26,Pune,2024-04-23,Maharashtra,Regular
16046,Customer 16046,Male,48,Noida,2025-03-13,Uttar Pradesh,Loyal
16047,Customer 16047,Male,42,Jaipur,2022-10-29,Rajasthan,Loyal
16048,Customer 16048,Male,54,Kolkata,2023-10-12,West Bengal,Regular
16049,Customer 16049,Male,53,Delhi,2024-03-19,Delhi,Regular
16050,Customer 16050,Male,22,Bengaluru,2025-04-17,Karnataka,Regular
16051,Customer 16051,Female,41,Nagpur,2025-03-13,Maharashtra,Regular
16052,Customer 16052,Female,41,Coimbatore,2022-12-05,Tamil Nadu,Regular
16053,Customer 16053,Female,46,Hyderabad,2024-09-25,Telangana,Loyal
16054,Customer 16054,Male,62,Kolkata,2025-04-25,West Bengal,VIP
16055,Customer 16055,Male,48,Kochi,2023-10-28,Kerala,Loyal
16056,Customer 16056,Female,54,Pune,2025-04-10,Maharashtra,New
16057,Customer 16057,Female,36,Coimbatore,2023-02-08,Tamil Nadu,Regular
16058,Customer 16058,Female,40,Ahmedabad,2022-09-04,Gujarat,New
16059,Customer 16059,Female,52,Mysuru,2023-07-13,Karnataka,Regular
16060,Customer 16060,Female,23,Kolkata,2024-02-17,West Bengal,New
16061,Customer 16061,Female,23,Mysuru,2022-04-21,Karnataka,Regular
16062,Customer 16062,Male,54,Nagpur,2024-09-14,Maharashtra,Loyal
16063,Customer 16063,Female,47,Mysuru,2024-03-23,Karnataka,Regular
16064,Customer 16064,Male,18,Ahmedabad,2024-07-18,Gujarat,VIP
16065,Customer 16065,Male,25,Pune,2024-06-04,Maharashtra,Regular
16066,Customer 16066,Female,45,Bengaluru,2024-06-27,Karnataka,Regular
16067,Customer 16067,Male,42,Chennai,2024-03-01,Tamil Nadu,Regular
16068,Customer 16068,Male,50,Mumbai,2022-10-19,Maharashtra,Regular
16069,Customer 16069,Male,55,Noida,2025-06-29,Uttar Pradesh,VIP
16070,Customer 16070,Male,31,Bengaluru,2022-06-24,Karnataka,Regular
16071,Customer 16071,Male,28,Chennai,2022-04-19,Tamil Nadu,VIP
16072,Customer 16072,Male,19,Delhi,2024-08-19,Delhi,Regular
16073,Customer 16073,Male,47,Kochi,2024-04-27,Kerala,Regular
16074,Customer 16074,Male,47,Kolkata,2024-11-03,West Bengal,New
16075,Customer 16075,Other,21,Kolkata,2023-11-24,West Bengal,Loyal
16076,Customer 16076,Male,30,Jaipur,2024-08-21,Rajasthan,New
16077,Customer 16077,Male,24,Pune,2022-02-12,Maharashtra,VIP
16078,Customer 16078,Female,55,Kolkata,2023-04-06,West Bengal,Regular
16079,Customer 16079,Female,20,Coimbatore,2025-01-30,Tamil Nadu,Regular
16080,Customer 16080,Female,26,Chennai,2023-12-06,Tamil Nadu,Regular
16081,Customer 16081,Male,31,Pune,2024-10-29,Maharashtra,New
16082,Customer 16082,Female,28,Hyderabad,2022-05-29,Telangana,New
16083,Customer 16083,Female,54,Coimbatore,2022-12-04,Tamil Nadu,Loyal
16084,Customer 16084,Female,31,Kolkata,2024-09-29,West Bengal,Regular
16085,Customer 16085,Female,36,Mysuru,2022-08-12,Karnataka,Regular
16086,Customer 16086,Female,25,Ahmedabad,2025-02-07,Gujarat,New
16087,Customer 16087,Female,24,Mysuru,2022-12-20,Karnataka,New
16088,Customer 16088,Female,24,Coimbatore,2025-01-12,Tamil Nadu,Regular
16089,Customer 16089,Male,20,Delhi,2023-07-09,Delhi,Regular
16090,Customer 16090,Female,20,Kolkata,2022-03-07,West Bengal,Loyal
16091,Customer 16091,Female,35,Delhi,2023-09-13,Delhi,Regular
16092,Customer 16092,Male,62,Delhi,2025-03-04,Delhi,Loyal
16093,Customer 16093,Other,50,Chennai,2025-01-14,Tamil Nadu,New
16094,Customer 16094,Male,54,Noida,2022-03-25,Uttar Pradesh,New
16095,Customer 16095,Male,45,Chennai,2022-08-15,Tamil Nadu,New
16096,Customer 16096,Female,53,Nagpur,2024-06-10,Maharashtra,Loyal
16097,Customer 16097,Male,33,Mumbai,2024-10-09,Maharashtra,Loyal
16098,Customer 16098,Male,32,Coimbatore,2022-01-20,Tamil Nadu,New
16099,Customer 16099,Male,46,Bengaluru,2024-11-24,Karnataka,New
16100,Customer 16100,Male,35,Mumbai,2024-01-25,Maharashtra,Loyal
16101,Customer 16101,Male,63,Hyderabad,2024-07-29,Telangana,Loyal
16102,Customer 16102,Male,63,Ahmedabad,2022-09-27,Gujarat,Loyal
16103,Customer 16103,Male,36,Chennai,2023-02-10,Tamil Nadu,Regular
16104,Customer 16104,Other,46,Chennai,2022-10-31,Tamil Nadu,Regular
16105,Customer 16105,Other,23,Pune,2024-10-05,Maharashtra,Loyal
16106,Customer 16106,Male,62,Mumbai,2024-03-20,Maharashtra,Regular
16107,Customer 16107,Female,64,Jaipur,2024-11-18,Rajasthan,Regular
16108,Customer 16108,Male,44,Kochi,2023-01-26,Kerala,Regular
16109,Customer 16109,Male,24,Kochi,2024-06-27,Kerala,Regular
16110,Customer 16110,Male,44,Pune,2022-05-22,Maharashtra,VIP
16111,Customer 16111,Female,36,Bengaluru,2023-10-08,Karnataka,Loyal
16112,Customer 16112,Female,34,Pune,2024-03-19,Maharashtra,Regular
16113,Customer 16113,Male,58,Mumbai,2024-08-05,Maharashtra,New
16114,Customer 16114,Male,28,Coimbatore,2022-09-02,Tamil Nadu,Loyal
16115,Customer 16115,Male,22,Kolkata,2024-02-05,West Bengal,Regular
16116,Customer 16116,Female,19,Kolkata,2024-05-25,West Bengal,New
16117,Customer 16117,Female,64,Ahmedabad,2024-06-30,Gujarat,Regular
16118,Customer 16118,Male,29,Hyderabad,2024-10-25,Telangana,Regular
16119,Customer 16119,Female,59,Chennai,2024-07-08,Tamil Nadu,New
16120,Customer 16120,Male,59,Bengaluru,2024-07-27,Karnataka,Regular
16121,Customer 16121,Female,28,Kochi,2023-03-25,Kerala,New
16122,Customer 16122,Female,27,Chennai,2022-09-23,Tamil Nadu,Loyal
16123,Customer 16123,Male,45,Nagpur,2025-06-16,Maharashtra,Loyal
16124,Customer 16124,Female,24,Ahmedabad,2022-09-07,Gujarat,Loyal
16125,Customer 16125,Female,31,Hyderabad,2024-08-12,Telangana,Regular
16126,Customer 16126,Male,30,Noida,2023-06-27,Uttar Pradesh,Regular
16127,Customer 16127,Male,22,Kochi,2023-09-24,Kerala,Loyal
16128,Customer 16128,Female,59,Jaipur,2025-01-07,Rajasthan,VIP
16129,Customer 16129,Male,25,Jaipur,2024-06-25,Rajasthan,New
16130,Customer 16130,Male,18,Pune,2023-06-05,Maharashtra,Regular
16131,Customer 16131,Male,22,Mysuru,2024-06-02,Karnataka,Regular
16132,Customer 16132,Female,28,Mumbai,2024-01-04,Maharashtra,Regular
16133,Customer 16133,Female,60,Chennai,2022-05-24,Tamil Nadu,Regular
16134,Customer 16134,Female,27,Pune,2025-02-17,Maharashtra,VIP
16135,Customer 16135,Female,32,Bengaluru,2024-08-01,Karnataka,Regular
16136,Customer 16136,Male,56,Chennai,2023-07-19,Tamil Nadu,Regular
16137,Customer 16137,Female,64,Noida,2025-04-14,Uttar Pradesh,VIP
16138,Customer 16138,Female,46,Kolkata,2022-03-11,West Bengal,Regular
16139,Customer 16139,Male,42,Hyderabad,2023-09-25,Telangana,Loyal
16140,Customer 16140,Male,23,Ahmedabad,2024-06-07,Gujarat,New
16141,Customer 16141,Male,28,Hyderabad,2025-05-11,Telangana,VIP
16142,Customer 16142,Female,34,Kolkata,2024-03-11,West Bengal,New
16143,Customer 16143,Female,32,Chennai,2022-06-29,Tamil Nadu,VIP
16144,Customer 16144,Female,33,Bengaluru,2023-08-16,Karnataka,New
16145,Customer 16145,Other,19,Hyderabad,2023-07-21,Telangana,Regular
16146,Customer 16146,Male,53,Jaipur,2023-11-22,Rajasthan,Regular
16147,Customer 16147,Female,36,Hyderabad,2025-02-07,Telangana,Regular
16148,Customer 16148,Female,55,Noida,2023-10-27,Uttar Pradesh,Regular
16149,Customer 16149,Male,38,Kochi,2023-02-10,Kerala,VIP
16150,Customer 16150,Female,28,Mumbai,2024-09-12,Maharashtra,Regular
16151,Customer 16151,Male,58,Bengaluru,2023-09-29,Karnataka,Loyal
16152,Customer 16152,Female,20,Bengaluru,2025-01-19,Karnataka,New
16153,Customer 16153,Female,51,Coimbatore,2024-11-26,Tamil Nadu,Loyal
16154,Customer 16154,Female,35,Kochi,2023-06-01,Kerala,Regular
16155,Customer 16155,Female,32,Kochi,2024-04-29,Kerala,VIP
16156,Customer 16156,Male,42,Kolkata,2024-06-26,West Bengal,Regular
16157,Customer 16157,Female,32,Coimbatore,2022-11-12,Tamil Nadu,New
16158,Customer 16158,Male,47,Jaipur,2025-04-10,Rajasthan,Regular
16159,Customer 16159,Female,34,Kolkata,2022-01-27,West Bengal,Loyal
16160,Customer 16160,Female,35,Hyderabad,2022-02-24,Telangana,Loyal
16161,Customer 16161,Female,48,Kolkata,2022-09-06,West Bengal,Loyal
16162,Customer 16162,Male,60,Mysuru,2022-09-30,Karnataka,New
16163,Customer 16163,Female,35,Coimbatore,2022-07-10,Tamil Nadu,Regular
16164,Customer 16164,Female,52,Hyderabad,2023-07-29,Telangana,VIP
16165,Customer 16165,Female,30,Delhi,2024-05-06,Delhi,New
16166,Customer 16166,Male,31,Nagpur,2023-09-08,Maharashtra,New
16167,Customer 16167,Male,53,Nagpur,2024-10-14,Maharashtra,Loyal
16168,Customer 16168,Male,35,Bengaluru,2023-11-04,Karnataka,Regular
16169,Customer 16169,Female,22,Mysuru,2023-11-14,Karnataka,Loyal
16170,Customer 16170,Female,31,Noida,2022-04-19,Uttar Pradesh,Regular
16171,Customer 16171,Other,42,Mumbai,2023-10-14,Maharashtra,VIP
16172,Customer 16172,Male,61,Coimbatore,2024-09-07,Tamil Nadu,Loyal
16173,Customer 16173,Male,56,Delhi,2025-01-31,Delhi,Loyal
16174,Customer 16174,Female,29,Hyderabad,2022-08-14,Telangana,Regular
16175,Customer 16175,Female,57,Mysuru,2022-12-19,Karnataka,Regular
16176,Customer 16176,Female,45,Kochi,2025-03-29,Kerala,Loyal
16177,Customer 16177,Female,52,Kochi,2022-05-25,Kerala,Regular
16178,Customer 16178,Male,18,Bengaluru,2024-07-03,Karnataka,Loyal
16179,Customer 16179,Female,20,Ahmedabad,2025-03-01,Gujarat,Regular
16180,Customer 16180,Female,60,Coimbatore,2025-01-21,Tamil Nadu,New
16181,Customer 16181,Female,24,Mysuru,2022-09-30,Karnataka,Regular
16182,Customer 16182,Male,26,Coimbatore,2023-06-18,Tamil Nadu,New
16183,Customer 16183,Male,53,Ahmedabad,2025-05-02,Gujarat,Loyal
16184,Customer 16184,Male,40,Mumbai,2025-04-08,Maharashtra,Loyal
16185,Customer 16185,Female,41,Mumbai,2023-04-05,Maharashtra,New
16186,Customer 16186,Male,27,Noida,2024-07-29,Uttar Pradesh,Regular
16187,Customer 16187,Male,29,Kochi,2024-10-31,Kerala,Loyal
16188,Customer 16188,Male,36,Jaipur,2022-06-30,Rajasthan,Loyal
16189,Customer 16189,Female,49,Nagpur,2025-06-09,Maharashtra,Regular
16190,Customer 16190,Male,41,Kochi,2022-01-29,Kerala,Regular
16191,Customer 16191,Female,39,Kolkata,2023-06-16,West Bengal,Loyal
16192,Customer 16192,Male,20,Pune,2024-10-25,Maharashtra,Regular
16193,Customer 16193,Male,57,Pune,2022-05-20,Maharashtra,Loyal
16194,Customer 16194,Female,44,Coimbatore,2024-11-17,Tamil Nadu,Loyal
16195,Customer 16195,Male,36,Ahmedabad,2022-04-08,Gujarat,Loyal
16196,Customer 16196,Male,26,Noida,2022-09-19,Uttar Pradesh,VIP
16197,Customer 16197,Male,30,Pune,2022-01-19,Maharashtra,Loyal
16198,Customer 16198,Female,19,Kolkata,2022-01-12,West Bengal,New
16199,Customer 16199,Female,53,Bengaluru,2023-06-21,Karnataka,Regular
16200,Customer 16200,Male,46,Pune,2022-09-16,Maharashtra,New
16201,Customer 16201,Male,28,Chennai,2022-01-24,Tamil Nadu,New
16202,Customer 16202,Female,51,Hyderabad,2024-10-28,Telangana,New
16203,Customer 16203,Female,21,Noida,2022-08-16,Uttar Pradesh,Regular
16204,Customer 16204,Male,21,Bengaluru,2023-01-11,Karnataka,New
16205,Customer 16205,Female,18,Mysuru,2025-02-20,Karnataka,Regular
16206,Customer 16206,Female,42,Bengaluru,2025-01-18,Karnataka,Loyal
16207,Customer 16207,Female,43,Nagpur,2022-08-12,Maharashtra,Loyal
16208,Customer 16208,Male,28,Mysuru,2024-01-06,Karnataka,VIP
16209,Customer 16209,Male,40,Kochi,2022-09-14,Kerala,Regular
16210,Customer 16210,Male,19,Delhi,2023-05-30,Delhi,Regular
16211,Customer 16211,Female,36,Hyderabad,2024-04-12,Telangana,Regular
16212,Customer 16212,Female,46,Hyderabad,2025-03-17,Telangana,Regular
16213,Customer 16213,Male,57,Hyderabad,2023-12-02,Telangana,Regular
16214,Customer 16214,Female,21,Ahmedabad,2024-06-29,Gujarat,New
16215,Customer 16215,Female,33,Hyderabad,2023-11-30,Telangana,Regular
16216,Customer 16216,Other,64,Coimbatore,2023-03-14,Tamil Nadu,Loyal
16217,Customer 16217,Female,54,Hyderabad,2022-02-06,Telangana,Loyal
16218,Customer 16218,Other,44,Kolkata,2022-04-16,West Bengal,Regular
16219,Customer 16219,Male,22,Kochi,2023-09-07,Kerala,Regular
16220,Customer 16220,Female,32,Hyderabad,2022-08-20,Telangana,Regular
16221,Customer 16221,Female,40,Jaipur,2024-05-16,Rajasthan,New
16222,Customer 16222,Male,20,Kochi,2025-03-15,Kerala,VIP
16223,Customer 16223,Male,35,Hyderabad,2024-11-06,Telangana,Loyal
16224,Customer 16224,Female,60,Ahmedabad,2025-03-28,Gujarat,New
16225,Customer 16225,Male,43,Noida,2024-08-17,Uttar Pradesh,New
16226,Customer 16226,Female,23,Coimbatore,2022-10-05,Tamil Nadu,Regular
16227,Customer 16227,Male,61,Ahmedabad,2022-05-05,Gujarat,Regular
16228,Customer 16228,Male,34,Mumbai,2023-11-06,Maharashtra,VIP
16229,Customer 16229,Male,63,Bengaluru,2023-12-16,Karnataka,Loyal
16230,Customer 16230,Male,55,Jaipur,2023-10-29,Rajasthan,Regular
16231,Customer 16231,Female,59,Jaipur,2024-07-01,Rajasthan,New
16232,Customer 16232,Female,44,Bengaluru,2023-01-30,Karnataka,Loyal
16233,Customer 16233,Male,37,Mysuru,2024-02-12,Karnataka,Regular
16234,Customer 16234,Male,23,Noida,2022-07-05,Uttar Pradesh,Regular
16235,Customer 16235,Male,52,Chennai,2023-04-11,Tamil Nadu,Regular
16236,Customer 16236,Male,29,Bengaluru,2024-12-16,Karnataka,New
16237,Customer 16237,Female,20,Pune,2023-04-03,Maharashtra,Loyal
16238,Customer 16238,Male,21,Chennai,2024-09-27,Tamil Nadu,Regular
16239,Customer 16239,Male,62,Hyderabad,2025-05-16,Telangana,Regular
16240,Customer 16240,Male,21,Hyderabad,2022-03-15,Telangana,New
16241,Customer 16241,Male,21,Coimbatore,2025-01-13,Tamil Nadu,Regular
16242,Customer 16242,Male,56,Chennai,2023-09-24,Tamil Nadu,Loyal
16243,Customer 16243,Male,38,Pune,2024-11-03,Maharashtra,Regular
16244,Customer 16244,Female,61,Coimbatore,2024-04-19,Tamil Nadu,Loyal
16245,Customer 16245,Female,19,Kolkata,2024-06-30,West Bengal,New
16246,Customer 16246,Female,33,Ahmedabad,2024-03-04,Gujarat,Regular
16247,Customer 16247,Male,24,Kochi,2022-02-18,Kerala,Loyal
16248,Customer 16248,Male,36,Kochi,2024-08-23,Kerala,Loyal
16249,Customer 16249,Female,60,Mysuru,2022-12-25,Karnataka,Regular
16250,Customer 16250,Female,50,Chennai,2022-08-30,Tamil Nadu,New
16251,Customer 16251,Other,26,Noida,2024-12-12,Uttar Pradesh,New
16252,Customer 16252,Male,54,Hyderabad,2024-12-28,Telangana,Loyal
16253,Customer 16253,Male,34,Kochi,2022-02-25,Kerala,New
16254,Customer 16254,Female,44,Hyderabad,2024-05-28,Telangana,New
16255,Customer 16255,Female,50,Nagpur,2022-09-12,Maharashtra,Regular
16256,Customer 16256,Female,29,Ahmedabad,2022-01-05,Gujarat,Regular
16257,Customer 16257,Female,62,Ahmedabad,2024-12-11,Gujarat,Loyal
16258,Customer 16258,Female,28,Kochi,2022-11-25,Kerala,Regular
16259,Customer 16259,Female,30,Coimbatore,2022-04-08,Tamil Nadu,Regular
16260,Customer 16260,Female,48,Mumbai,2025-03-30,Maharashtra,New
16261,Customer 16261,Female,30,Mumbai,2024-09-07,Maharashtra,Regular
16262,Customer 16262,Female,55,Coimbatore,2024-09-29,Tamil Nadu,New
16263,Customer 16263,Male,43,Noida,2024-02-22,Uttar Pradesh,Regular
16264,Customer 16264,Male,48,Delhi,2023-07-31,Delhi,Regular
16265,Customer 16265,Female,39,Coimbatore,2022-11-23,Tamil Nadu,Loyal
16266,Customer 16266,Male,23,Noida,2022-08-31,Uttar Pradesh,Loyal
16267,Customer 16267,Female,37,Mysuru,2023-01-02,Karnataka,Regular
16268,Customer 16268,Male,38,Hyderabad,2024-02-13,Telangana,New
16269,Customer 16269,Male,27,Pune,2023-12-25,Maharashtra,Regular
16270,Customer 16270,Female,36,Delhi,2025-03-23,Delhi,Regular
16271,Customer 16271,Male,52,Chennai,2022-08-22,Tamil Nadu,Loyal
16272,Customer 16272,Male,43,Jaipur,2023-10-14,Rajasthan,VIP
16273,Customer 16273,Male,24,Delhi,2022-11-29,Delhi,Regular
16274,Customer 16274,Female,54,Pune,2023-05-10,Maharashtra,Regular
16275,Customer 16275,Male,25,Nagpur,2025-02-12,Maharashtra,Loyal
16276,Customer 16276,Female,22,Ahmedabad,2023-01-04,Gujarat,Regular
16277,Customer 16277,Male,61,Hyderabad,2025-02-27,Telangana,Regular
16278,Customer 16278,Female,53,Mumbai,2025-04-16,Maharashtra,Regular
16279,Customer 16279,Male,45,Noida,2022-04-05,Uttar Pradesh,Regular
16280,Customer 16280,Male,20,Coimbatore,2024-06-25,Tamil Nadu,New
16281,Customer 16281,Male,56,Coimbatore,2025-01-29,Tamil Nadu,Regular
16282,Customer 16282,Male,25,Jaipur,2025-05-04,Rajasthan,Regular
16283,Customer 16283,Female,32,Mumbai,2024-03-12,Maharashtra,Loyal
16284,Customer 16284,Male,44,Delhi,2022-07-27,Delhi,Loyal
16285,Customer 16285,Male,53,Hyderabad,2023-08-30,Telangana,VIP
16286,Customer 16286,Female,33,Bengaluru,2023-04-18,Karnataka,New
16287,Customer 16287,Male,43,Noida,2024-10-28,Uttar Pradesh,Regular
16288,Customer 16288,Male,62,Kolkata,2022-05-16,West Bengal,Regular
16289,Customer 16289,Female,61,Mysuru,2023-09-02,Karnataka,Loyal
16290,Customer 16290,Female,21,Pune,2024-06-29,Maharashtra,Regular
16291,Customer 16291,Male,29,Jaipur,2022-09-18,Rajasthan,New
16292,Customer 16292,Male,34,Delhi,2025-03-16,Delhi,Regular
16293,Customer 16293,Female,58,Ahmedabad,2023-04-03,Gujarat,VIP
16294,Customer 16294,Male,61,Ahmedabad,2022-08-20,Gujarat,Loyal
16295,Customer 16295,Female,43,Chennai,2022-04-11,Tamil Nadu,Regular
16296,Customer 16296,Male,48,Nagpur,2022-05-27,Maharashtra,Loyal
16297,Customer 16297,Female,32,Ahmedabad,2023-12-18,Gujarat,New
16298,Customer 16298,Male,51,Coimbatore,2023-05-22,Tamil Nadu,Regular
16299,Customer 16299,Female,46,Delhi,2023-07-12,Delhi,Loyal
16300,Customer 16300,Male,26,Nagpur,2022-04-14,Maharashtra,Regular
16301,Customer 16301,Female,31,Pune,2022-12-02,Maharashtra,New
16302,Customer 16302,Male,53,Coimbatore,2023-03-22,Tamil Nadu,Loyal
16303,Customer 16303,Male,21,Coimbatore,2024-01-04,Tamil Nadu,Regular
16304,Customer 16304,Female,55,Bengaluru,2023-03-20,Karnataka,VIP
16305,Customer 16305,Female,54,Kolkata,2022-04-28,West Bengal,New
16306,Customer 16306,Female,41,Delhi,2024-07-17,Delhi,Regular
16307,Customer 16307,Male,34,Kochi,2023-12-24,Kerala,Regular
16308,Customer 16308,Female,30,Hyderabad,2023-07-21,Telangana,Loyal
16309,Customer 16309,Male,37,Jaipur,2022-03-29,Rajasthan,Regular
16310,Customer 16310,Female,34,Jaipur,2023-04-21,Rajasthan,Regular
16311,Customer 16311,Female,44,Mumbai,2022-10-22,Maharashtra,New
16312,Customer 16312,Male,50,Mumbai,2023-12-21,Maharashtra,Loyal
16313,Customer 16313,Female,38,Mysuru,2024-09-21,Karnataka,Regular
16314,Customer 16314,Female,34,Chennai,2024-04-23,Tamil Nadu,New
16315,Customer 16315,Male,39,Nagpur,2023-11-17,Maharashtra,Regular
16316,Customer 16316,Female,42,Jaipur,2023-10-01,Rajasthan,Regular
16317,Customer 16317,Male,20,Delhi,2025-03-25,Delhi,New
16318,Customer 16318,Female,44,Ahmedabad,2025-04-18,Gujarat,New
16319,Customer 16319,Male,44,Noida,2024-08-18,Uttar Pradesh,Loyal
16320,Customer 16320,Male,63,Kochi,2024-07-23,Kerala,New
16321,Customer 16321,Male,29,Chennai,2024-06-08,Tamil Nadu,New
16322,Customer 16322,Female,32,Bengaluru,2024-07-02,Karnataka,Regular
16323,Customer 16323,Female,55,Ahmedabad,2025-01-15,Gujarat,VIP
16324,Customer 16324,Female,37,Coimbatore,2023-02-10,Tamil Nadu,New
16325,Customer 16325,Male,39,Hyderabad,2024-12-23,Telangana,Loyal
16326,Customer 16326,Male,19,Delhi,2022-04-29,Delhi,Loyal
16327,Customer 16327,Female,21,Jaipur,2022-12-07,Rajasthan,Regular
16328,Customer 16328,Female,62,Kolkata,2022-11-09,West Bengal,Regular
16329,Customer 16329,Male,30,Chennai,2022-06-12,Tamil Nadu,Loyal
16330,Customer 16330,Male,49,Chennai,2022-10-20,Tamil Nadu,Loyal
16331,Customer 16331,Female,39,Hyderabad,2023-11-21,Telangana,Loyal
16332,Customer 16332,Male,42,Ahmedabad,2023-11-04,Gujarat,Loyal
16333,Customer 16333,Female,44,Mysuru,2023-02-03,Karnataka,Regular
16334,Customer 16334,Female,34,Kochi,2024-06-27,Kerala,Loyal
16335,Customer 16335,Female,23,Nagpur,2023-05-02,Maharashtra,New
16336,Customer 16336,Female,60,Ahmedabad,2024-11-13,Gujarat,Regular
16337,Customer 16337,Male,33,Nagpur,2024-12-18,Maharashtra,Regular
16338,Customer 16338,Female,25,Jaipur,2024-01-19,Rajasthan,New
16339,Customer 16339,Female,50,Chennai,2022-08-28,Tamil Nadu,New
16340,Customer 16340,Male,27,Pune,2022-11-07,Maharashtra,New
16341,Customer 16341,Female,51,Chennai,2022-11-17,Tamil Nadu,Regular
16342,Customer 16342,Male,36,Jaipur,2023-11-03,Rajasthan,Loyal
16343,Customer 16343,Female,31,Chennai,2023-07-26,Tamil Nadu,Regular
16344,Customer 16344,Male,20,Hyderabad,2023-02-18,Telangana,Loyal
16345,Customer 16345,Female,58,Coimbatore,2023-02-06,Tamil Nadu,New
16346,Customer 16346,Male,40,Hyderabad,2022-02-28,Telangana,New
16347,Customer 16347,Male,57,Kochi,2022-02-22,Kerala,Regular
16348,Customer 16348,Other,28,Delhi,2024-12-23,Delhi,Regular
16349,Customer 16349,Female,64,Chennai,2023-09-25,Tamil Nadu,Regular
16350,Customer 16350,Male,23,Kochi,2025-02-16,Kerala,Loyal
16351,Customer 16351,Male,51,Nagpur,2022-10-13,Maharashtra,Regular
16352,Customer 16352,Male,18,Noida,2022-01-18,Uttar Pradesh,Regular
16353,Customer 16353,Female,52,Nagpur,2024-10-25,Maharashtra,New
16354,Customer 16354,Female,42,Kolkata,2022-06-09,West Bengal,New
16355,Customer 16355,Female,46,Ahmedabad,2022-05-22,Gujarat,New
16356,Customer 16356,Female,40,Mumbai,2023-02-01,Maharashtra,Loyal
16357,Customer 16357,Female,35,Kolkata,2024-11-07,West Bengal,Regular
16358,Customer 16358,Male,31,Jaipur,2023-08-03,Rajasthan,New
16359,Customer 16359,Male,34,Mysuru,2025-02-11,Karnataka,Regular
16360,Customer 16360,Female,19,Kochi,2023-06-18,Kerala,Regular
16361,Customer 16361,Female,48,Bengaluru,2024-06-29,Karnataka,New
16362,Customer 16362,Female,36,Delhi,2023-04-06,Delhi,Regular
16363,Customer 16363,Female,49,Delhi,2022-10-13,Delhi,Loyal
16364,Customer 16364,Female,45,Kochi,2024-10-25,Kerala,Regular
16365,Customer 16365,Female,58,Mysuru,2022-05-09,Karnataka,Loyal
16366,Customer 16366,Male,25,Noida,2024-08-13,Uttar Pradesh,New
16367,Customer 16367,Male,59,Bengaluru,2023-11-02,Karnataka,Loyal
16368,Customer 16368,Female,58,Coimbatore,2023-05-14,Tamil Nadu,Loyal
16369,Customer 16369,Female,57,Chennai,2022-10-03,Tamil Nadu,Regular
16370,Customer 16370,Male,56,Bengaluru,2025-01-11,Karnataka,Regular
16371,Customer 16371,Male,39,Jaipur,2025-02-15,Rajasthan,Regular
16372,Customer 16372,Male,41,Jaipur,2022-01-29,Rajasthan,Regular
16373,Customer 16373,Male,55,Noida,2024-10-01,Uttar Pradesh,New
16374,Customer 16374,Female,19,Pune,2023-10-12,Maharashtra,Loyal
16375,Customer 16375,Male,58,Mumbai,2025-03-26,Maharashtra,New
16376,Customer 16376,Female,58,Bengaluru,2022-01-31,Karnataka,Regular
16377,Customer 16377,Male,36,Bengaluru,2024-04-22,Karnataka,Loyal
16378,Customer 16378,Female,58,Jaipur,2022-12-02,Rajasthan,Loyal
16379,Customer 16379,Male,19,Mumbai,2023-07-24,Maharashtra,New
16380,Customer 16380,Female,45,Chennai,2022-11-09,Tamil Nadu,Loyal
16381,Customer 16381,Female,49,Bengaluru,2023-08-22,Karnataka,VIP
16382,Customer 16382,Female,36,Mumbai,2025-02-20,Maharashtra,New
16383,Customer 16383,Male,33,Mumbai,2024-05-14,Maharashtra,Regular
16384,Customer 16384,Male,47,Jaipur,2023-01-06,Rajasthan,Loyal
16385,Customer 16385,Male,39,Mumbai,2024-03-15,Maharashtra,Loyal
16386,Customer 16386,Male,31,Hyderabad,2022-11-10,Telangana,Regular
16387,Customer 16387,Female,18,Noida,2022-01-28,Uttar Pradesh,New
16388,Customer 16388,Female,62,Hyderabad,2025-03-24,Telangana,Loyal
16389,Customer 16389,Female,19,Pune,2024-08-23,Maharashtra,VIP
16390,Customer 16390,Female,39,Kolkata,2025-06-07,West Bengal,Loyal
16391,Customer 16391,Male,63,Jaipur,2024-10-26,Rajasthan,VIP
16392,Customer 16392,Male,50,Coimbatore,2023-04-18,Tamil Nadu,Regular
16393,Customer 16393,Male,32,Kochi,2025-06-02,Kerala,Loyal
16394,Customer 16394,Female,58,Hyderabad,2024-11-22,Telangana,Loyal
16395,Customer 16395,Female,39,Hyderabad,2022-03-30,Telangana,Loyal
16396,Customer 16396,Male,57,Kolkata,2022-02-09,West Bengal,New
16397,Customer 16397,Male,56,Noida,2023-11-12,Uttar Pradesh,Loyal
16398,Customer 16398,Female,58,Kolkata,2023-01-10,West Bengal,New
16399,Customer 16399,Female,58,Jaipur,2024-09-24,Rajasthan,New
16400,Customer 16400,Female,28,Coimbatore,2023-01-28,Tamil Nadu,Regular
16401,Customer 16401,Male,21,Mysuru,2024-11-07,Karnataka,Regular
16402,Customer 16402,Male,24,Mumbai,2022-05-12,Maharashtra,New
16403,Customer 16403,Female,38,Ahmedabad,2022-10-17,Gujarat,VIP
16404,Customer 16404,Female,24,Delhi,2024-03-16,Delhi,Loyal
16405,Customer 16405,Male,21,Jaipur,2022-07-28,Rajasthan,Loyal
16406,Customer 16406,Female,29,Coimbatore,2022-11-23,Tamil Nadu,VIP
16407,Customer 16407,Female,44,Pune,2024-09-18,Maharashtra,Regular
16408,Customer 16408,Male,34,Chennai,2023-05-18,Tamil Nadu,Regular
16409,Customer 16409,Male,37,Pune,2022-10-06,Maharashtra,New
16410,Customer 16410,Male,48,Mumbai,2024-02-27,Maharashtra,Regular
16411,Customer 16411,Male,43,Kochi,2024-10-03,Kerala,Regular
16412,Customer 16412,Female,48,Coimbatore,2024-08-09,Tamil Nadu,Regular
16413,Customer 16413,Male,52,Jaipur,2022-10-04,Rajasthan,Regular
16414,Customer 16414,Female,26,Pune,2025-01-04,Maharashtra,New
16415,Customer 16415,Other,22,Jaipur,2022-10-25,Rajasthan,Regular
16416,Customer 16416,Male,25,Kochi,2023-03-09,Kerala,New
16417,Customer 16417,Male,38,Kochi,2024-10-06,Kerala,Loyal
16418,Customer 16418,Female,33,Pune,2025-02-09,Maharashtra,New
16419,Customer 16419,Female,33,Jaipur,2024-12-31,Rajasthan,Regular
16420,Customer 16420,Female,35,Kolkata,2022-11-13,West Bengal,New
16421,Customer 16421,Male,64,Mysuru,2024-11-10,Karnataka,Loyal
16422,Customer 16422,Male,45,Kochi,2025-04-26,Kerala,Regular
16423,Customer 16423,Female,35,Mysuru,2022-05-01,Karnataka,New
16424,Customer 16424,Female,31,Coimbatore,2023-10-15,Tamil Nadu,Regular
16425,Customer 16425,Male,54,Mumbai,2022-10-31,Maharashtra,Loyal
16426,Customer 16426,Female,57,Hyderabad,2024-07-24,Telangana,Loyal
16427,Customer 16427,Male,33,Nagpur,2023-12-22,Maharashtra,Regular
16428,Customer 16428,Other,38,Bengaluru,2023-05-11,Karnataka,Loyal
16429,Customer 16429,Female,18,Delhi,2022-07-04,Delhi,New
16430,Customer 16430,Male,28,Bengaluru,2024-06-06,Karnataka,New
16431,Customer 16431,Female,28,Noida,2024-03-18,Uttar Pradesh,Regular
16432,Customer 16432,Male,19,Ahmedabad,2022-11-28,Gujarat,Regular
16433,Customer 16433,Male,49,Mysuru,2023-12-14,Karnataka,Loyal
16434,Customer 16434,Male,36,Coimbatore,2023-07-30,Tamil Nadu,VIP
16435,Customer 16435,Male,22,Bengaluru,2022-12-16,Karnataka,New
16436,Customer 16436,Male,20,Kochi,2024-04-17,Kerala,Regular
16437,Customer 16437,Female,45,Mumbai,2022-11-16,Maharashtra,Regular
16438,Customer 16438,Female,43,Delhi,2023-06-21,Delhi,Regular
16439,Customer 16439,Male,40,Bengaluru,2023-02-16,Karnataka,Loyal
16440,Customer 16440,Female,47,Delhi,2024-06-24,Delhi,Loyal
16441,Customer 16441,Female,25,Chennai,2025-03-25,Tamil Nadu,Regular
16442,Customer 16442,Female,53,Mumbai,2023-06-17,Maharashtra,Regular
16443,Customer 16443,Female,46,Ahmedabad,2023-05-17,Gujarat,Loyal
16444,Customer 16444,Male,30,Nagpur,2025-03-23,Maharashtra,Regular
16445,Customer 16445,Male,42,Kolkata,2024-07-02,West Bengal,VIP
16446,Customer 16446,Female,39,Pune,2024-12-27,Maharashtra,New
16447,Customer 16447,Male,63,Delhi,2024-11-30,Delhi,Regular
16448,Customer 16448,Male,50,Ahmedabad,2023-06-11,Gujarat,New
16449,Customer 16449,Male,54,Mumbai,2025-04-07,Maharashtra,Regular
16450,Customer 16450,Male,24,Jaipur,2023-12-12,Rajasthan,Regular
16451,Customer 16451,Male,40,Kochi,2024-01-20,Kerala,Loyal
16452,Customer 16452,Male,23,Delhi,2024-08-13,Delhi,Loyal
16453,Customer 16453,Male,32,Delhi,2022-04-22,Delhi,Regular
16454,Customer 16454,Female,32,Hyderabad,2023-04-08,Telangana,Regular
16455,Customer 16455,Female,57,Hyderabad,2022-02-21,Telangana,Loyal
16456,Customer 16456,Male,51,Kolkata,2022-09-12,West Bengal,Loyal
16457,Customer 16457,Male,31,Kochi,2025-03-27,Kerala,New
16458,Customer 16458,Male,46,Ahmedabad,2022-10-27,Gujarat,Loyal
16459,Customer 16459,Male,33,Mumbai,2024-08-15,Maharashtra,VIP
16460,Customer 16460,Male,46,Kolkata,2023-03-03,West Bengal,Regular
16461,Customer 16461,Male,40,Hyderabad,2024-09-16,Telangana,Regular
16462,Customer 16462,Female,27,Noida,2022-11-03,Uttar Pradesh,Regular
16463,Customer 16463,Female,64,Kochi,2022-04-09,Kerala,Regular
16464,Customer 16464,Male,21,Nagpur,2022-05-01,Maharashtra,Loyal
16465,Customer 16465,Male,29,Kolkata,2024-11-19,West Bengal,Regular
16466,Customer 16466,Female,59,Coimbatore,2022-08-18,Tamil Nadu,Loyal
16467,Customer 16467,Female,51,Kolkata,2023-10-13,West Bengal,Regular
16468,Customer 16468,Female,21,Mumbai,2024-11-20,Maharashtra,Regular
16469,Customer 16469,Female,37,Mumbai,2025-03-31,Maharashtra,Loyal
16470,Customer 16470,Male,45,Noida,2025-03-25,Uttar Pradesh,Regular
16471,Customer 16471,Male,45,Jaipur,2023-09-21,Rajasthan,Regular
16472,Customer 16472,Female,23,Mysuru,2025-04-29,Karnataka,Regular
16473,Customer 16473,Male,31,Mysuru,2025-04-14,Karnataka,New
16474,Customer 16474,Other,52,Hyderabad,2024-08-05,Telangana,VIP
16475,Customer 16475,Female,64,Coimbatore,2023-06-01,Tamil Nadu,Regular
16476,Customer 16476,Female,18,Hyderabad,2024-04-24,Telangana,Loyal
16477,Customer 16477,Male,36,Chennai,2024-04-12,Tamil Nadu,Regular
16478,Customer 16478,Female,18,Chennai,2024-03-30,Tamil Nadu,Loyal
16479,Customer 16479,Male,30,Pune,2024-03-21,Maharashtra,Regular
16480,Customer 16480,Male,25,Chennai,2024-02-01,Tamil Nadu,Regular
16481,Customer 16481,Male,35,Mysuru,2022-11-15,Karnataka,VIP
16482,Customer 16482,Female,52,Jaipur,2022-04-21,Rajasthan,Regular
16483,Customer 16483,Female,40,Nagpur,2024-03-17,Maharashtra,Loyal
16484,Customer 16484,Male,43,Chennai,2024-11-06,Tamil Nadu,New
16485,Customer 16485,Male,58,Hyderabad,2025-05-28,Telangana,Regular
16486,Customer 16486,Female,55,Delhi,2023-05-02,Delhi,Loyal
16487,Customer 16487,Female,37,Mumbai,2024-03-21,Maharashtra,Loyal
16488,Customer 16488,Female,19,Nagpur,2023-06-01,Maharashtra,Regular
16489,Customer 16489,Female,43,Nagpur,2025-02-26,Maharashtra,Loyal
16490,Customer 16490,Male,53,Kolkata,2024-04-14,West Bengal,Regular
16491,Customer 16491,Female,42,Hyderabad,2023-09-16,Telangana,Regular
16492,Customer 16492,Male,47,Mumbai,2024-11-13,Maharashtra,Regular
16493,Customer 16493,Female,35,Mysuru,2025-03-01,Karnataka,Regular
16494,Customer 16494,Female,24,Nagpur,2023-07-10,Maharashtra,Regular
16495,Customer 16495,Male,44,Pune,2023-05-12,Maharashtra,Regular
16496,Customer 16496,Male,28,Hyderabad,2024-06-06,Telangana,VIP
16497,Customer 16497,Female,54,Nagpur,2023-01-17,Maharashtra,New
16498,Customer 16498,Male,25,Coimbatore,2022-08-04,Tamil Nadu,New
16499,Customer 16499,Male,28,Ahmedabad,2024-01-26,Gujarat,New
16500,Customer 16500,Female,41,Kolkata,2023-06-27,West Bengal,Regular
16501,Customer 16501,Male,47,Mumbai,2024-07-04,Maharashtra,Regular
16502,Customer 16502,Female,47,Chennai,2024-10-31,Tamil Nadu,New
16503,Customer 16503,Male,32,Nagpur,2022-03-23,Maharashtra,Regular
16504,Customer 16504,Female,52,Hyderabad,2024-09-20,Telangana,Regular
16505,Customer 16505,Male,56,Chennai,2025-03-25,Tamil Nadu,Loyal
16506,Customer 16506,Male,41,Ahmedabad,2022-06-15,Gujarat,VIP
16507,Customer 16507,Female,25,Pune,2022-07-27,Maharashtra,Regular
16508,Customer 16508,Female,60,Chennai,2022-01-24,Tamil Nadu,New
16509,Customer 16509,Male,59,Coimbatore,2024-03-17,Tamil Nadu,New
16510,Customer 16510,Male,37,Mysuru,2024-06-05,Karnataka,Loyal
16511,Customer 16511,Female,58,Nagpur,2023-11-22,Maharashtra,Loyal
16512,Customer 16512,Female,64,Bengaluru,2022-11-28,Karnataka,New
16513,Customer 16513,Other,43,Bengaluru,2024-09-28,Karnataka,Regular
16514,Customer 16514,Other,41,Chennai,2022-08-29,Tamil Nadu,Loyal
16515,Customer 16515,Female,39,Noida,2024-04-15,Uttar Pradesh,Regular
16516,Customer 16516,Male,22,Mumbai,2022-06-30,Maharashtra,Regular
16517,Customer 16517,Female,32,Kolkata,2025-01-11,West Bengal,Regular
16518,Customer 16518,Female,53,Bengaluru,2022-03-31,Karnataka,Regular
16519,Customer 16519,Male,54,Noida,2023-03-15,Uttar Pradesh,Loyal
16520,Customer 16520,Male,46,Jaipur,2023-06-27,Rajasthan,Loyal
16521,Customer 16521,Male,32,Bengaluru,2022-07-12,Karnataka,Loyal
16522,Customer 16522,Male,44,Noida,2023-05-03,Uttar Pradesh,Regular
16523,Customer 16523,Male,25,Mumbai,2023-09-04,Maharashtra,Loyal
16524,Customer 16524,Male,46,Delhi,2025-01-17,Delhi,Regular
16525,Customer 16525,Female,36,Bengaluru,2024-08-12,Karnataka,Regular
16526,Customer 16526,Male,48,Coimbatore,2025-02-20,Tamil Nadu,Loyal
16527,Customer 16527,Male,26,Ahmedabad,2024-12-06,Gujarat,Regular
16528,Customer 16528,Male,27,Kochi,2022-05-26,Kerala,Regular
16529,Customer 16529,Female,54,Nagpur,2024-10-23,Maharashtra,VIP
16530,Customer 16530,Male,27,Noida,2022-11-23,Uttar Pradesh,VIP
16531,Customer 16531,Female,50,Ahmedabad,2024-09-14,Gujarat,Regular
16532,Customer 16532,Female,42,Nagpur,2025-01-09,Maharashtra,New
16533,Customer 16533,Male,21,Kochi,2022-06-02,Kerala,Regular
16534,Customer 16534,Male,22,Hyderabad,2023-02-06,Telangana,VIP
16535,Customer 16535,Male,40,Hyderabad,2024-03-30,Telangana,Regular
16536,Customer 16536,Female,56,Kolkata,2023-05-03,West Bengal,VIP
16537,Customer 16537,Female,22,Ahmedabad,2022-03-08,Gujarat,New
16538,Customer 16538,Female,25,Mumbai,2022-03-30,Maharashtra,Regular
16539,Customer 16539,Male,34,Noida,2025-03-04,Uttar Pradesh,Regular
16540,Customer 16540,Other,18,Pune,2022-07-21,Maharashtra,Regular
16541,Customer 16541,Male,29,Hyderabad,2023-03-04,Telangana,VIP
16542,Customer 16542,Male,52,Mumbai,2024-07-28,Maharashtra,Regular
16543,Customer 16543,Female,31,Ahmedabad,2025-04-17,Gujarat,Regular
16544,Customer 16544,Female,35,Hyderabad,2022-12-05,Telangana,Regular
16545,Customer 16545,Male,27,Hyderabad,2022-03-20,Telangana,Loyal
16546,Customer 16546,Male,32,Pune,2023-01-13,Maharashtra,Regular
16547,Customer 16547,Male,59,Bengaluru,2022-06-14,Karnataka,Loyal
16548,Customer 16548,Male,50,Chennai,2024-01-19,Tamil Nadu,New
16549,Customer 16549,Male,36,Ahmedabad,2024-07-25,Gujarat,Regular
16550,Customer 16550,Female,51,Kolkata,2022-06-04,West Bengal,New
16551,Customer 16551,Female,62,Delhi,2025-02-20,Delhi,New
16552,Customer 16552,Female,42,Hyderabad,2025-05-10,Telangana,Regular
16553,Customer 16553,Female,33,Ahmedabad,2024-11-29,Gujarat,VIP
16554,Customer 16554,Female,25,Hyderabad,2022-06-18,Telangana,New
16555,Customer 16555,Female,52,Coimbatore,2024-12-29,Tamil Nadu,Regular
16556,Customer 16556,Female,38,Kochi,2024-03-02,Kerala,Regular
16557,Customer 16557,Male,36,Jaipur,2024-09-29,Rajasthan,Regular
16558,Customer 16558,Female,63,Delhi,2022-12-20,Delhi,Loyal
16559,Customer 16559,Female,28,Pune,2022-11-24,Maharashtra,Loyal
16560,Customer 16560,Female,61,Nagpur,2023-05-13,Maharashtra,New
16561,Customer 16561,Other,28,Noida,2022-12-11,Uttar Pradesh,Loyal
16562,Customer 16562,Male,28,Hyderabad,2023-10-05,Telangana,Regular
16563,Customer 16563,Female,39,Kochi,2024-02-28,Kerala,Regular
16564,Customer 16564,Male,38,Chennai,2023-01-12,Tamil Nadu,Regular
16565,Customer 16565,Female,44,Noida,2023-03-10,Uttar Pradesh,Loyal
16566,Customer 16566,Male,35,Delhi,2023-05-16,Delhi,Regular
16567,Customer 16567,Male,59,Noida,2025-01-13,Uttar Pradesh,Regular
16568,Customer 16568,Male,57,Bengaluru,2023-06-05,Karnataka,Regular
16569,Customer 16569,Female,55,Hyderabad,2023-07-16,Telangana,Regular
16570,Customer 16570,Male,47,Noida,2023-05-28,Uttar Pradesh,Regular
16571,Customer 16571,Female,62,Nagpur,2023-05-31,Maharashtra,Regular
16572,Customer 16572,Male,64,Nagpur,2023-05-12,Maharashtra,Loyal
16573,Customer 16573,Female,62,Hyderabad,2023-08-25,Telangana,Regular
16574,Customer 16574,Female,50,Mysuru,2024-10-11,Karnataka,Regular
16575,Customer 16575,Male,38,Nagpur,2025-03-31,Maharashtra,Loyal
16576,Customer 16576,Male,19,Noida,2023-10-29,Uttar Pradesh,Loyal
16577,Customer 16577,Female,30,Kolkata,2022-12-31,West Bengal,Regular
16578,Customer 16578,Female,19,Mumbai,2024-08-24,Maharashtra,Regular
16579,Customer 16579,Female,60,Nagpur,2022-12-30,Maharashtra,Loyal
16580,Customer 16580,Male,62,Ahmedabad,2022-04-18,Gujarat,Regular
16581,Customer 16581,Male,48,Delhi,2024-11-03,Delhi,Regular
16582,Customer 16582,Other,27,Mysuru,2024-11-12,Karnataka,New
16583,Customer 16583,Male,40,Ahmedabad,2023-09-15,Gujarat,VIP
16584,Customer 16584,Male,39,Noida,2022-11-17,Uttar Pradesh,New
16585,Customer 16585,Male,64,Pune,2023-05-25,Maharashtra,New
16586,Customer 16586,Female,46,Coimbatore,2023-11-03,Tamil Nadu,Regular
16587,Customer 16587,Female,50,Pune,2024-11-30,Maharashtra,Loyal
16588,Customer 16588,Male,48,Bengaluru,2022-10-31,Karnataka,Regular
16589,Customer 16589,Male,31,Ahmedabad,2024-08-26,Gujarat,Loyal
16590,Customer 16590,Male,27,Coimbatore,2022-12-31,Tamil Nadu,Loyal
16591,Customer 16591,Male,35,Bengaluru,2024-01-08,Karnataka,Regular
16592,Customer 16592,Male,28,Coimbatore,2024-09-15,Tamil Nadu,Loyal
16593,Customer 16593,Other,56,Coimbatore,2024-10-17,Tamil Nadu,New
16594,Customer 16594,Male,64,Mumbai,2022-06-01,Maharashtra,Loyal
16595,Customer 16595,Male,20,Chennai,2022-09-16,Tamil Nadu,Loyal
16596,Customer 16596,Female,19,Delhi,2023-12-08,Delhi,VIP
16597,Customer 16597,Female,25,Pune,2022-08-11,Maharashtra,Loyal
16598,Customer 16598,Female,48,Kochi,2022-08-18,Kerala,Loyal
16599,Customer 16599,Male,25,Nagpur,2023-03-15,Maharashtra,Regular
16600,Customer 16600,Male,60,Noida,2022-05-30,Uttar Pradesh,Regular
16601,Customer 16601,Female,19,Mysuru,2024-06-28,Karnataka,Regular
16602,Customer 16602,Female,39,Delhi,2024-09-04,Delhi,New
16603,Customer 16603,Male,22,Bengaluru,2025-03-05,Karnataka,Loyal
16604,Customer 16604,Female,24,Mumbai,2023-09-27,Maharashtra,New
16605,Customer 16605,Female,37,Bengaluru,2023-02-03,Karnataka,New
16606,Customer 16606,Male,45,Chennai,2023-09-14,Tamil Nadu,Loyal
16607,Customer 16607,Female,30,Mysuru,2022-05-23,Karnataka,Loyal
16608,Customer 16608,Female,19,Kochi,2024-08-05,Kerala,Loyal
16609,Customer 16609,Male,49,Jaipur,2024-12-29,Rajasthan,Loyal
16610,Customer 16610,Female,43,Mumbai,2022-02-23,Maharashtra,Regular
16611,Customer 16611,Female,20,Bengaluru,2024-04-23,Karnataka,Loyal
16612,Customer 16612,Female,58,Chennai,2024-07-26,Tamil Nadu,Regular
16613,Customer 16613,Male,59,Jaipur,2023-07-06,Rajasthan,VIP
16614,Customer 16614,Male,30,Noida,2024-11-16,Uttar Pradesh,New
16615,Customer 16615,Female,38,Noida,2022-10-26,Uttar Pradesh,Loyal
16616,Customer 16616,Male,62,Kochi,2023-11-23,Kerala,Regular
16617,Customer 16617,Male,54,Bengaluru,2023-07-12,Karnataka,Regular
16618,Customer 16618,Male,40,Kochi,2023-03-21,Kerala,Loyal
16619,Customer 16619,Male,24,Delhi,2022-04-08,Delhi,Loyal
16620,Customer 16620,Female,34,Mysuru,2025-02-23,Karnataka,Loyal
16621,Customer 16621,Male,45,Hyderabad,2022-02-27,Telangana,New
16622,Customer 16622,Female,64,Delhi,2022-06-26,Delhi,New
16623,Customer 16623,Male,47,Noida,2023-12-20,Uttar Pradesh,New
16624,Customer 16624,Female,22,Mysuru,2023-10-28,Karnataka,New
16625,Customer 16625,Male,41,Chennai,2024-11-16,Tamil Nadu,Regular
16626,Customer 16626,Female,24,Mumbai,2022-11-19,Maharashtra,Loyal
16627,Customer 16627,Female,51,Kolkata,2023-11-06,West Bengal,Regular
16628,Customer 16628,Male,59,Ahmedabad,2025-06-27,Gujarat,Loyal
16629,Customer 16629,Female,50,Coimbatore,2024-04-25,Tamil Nadu,Regular
16630,Customer 16630,Male,44,Bengaluru,2022-03-31,Karnataka,Regular
16631,Customer 16631,Female,31,Kolkata,2022-05-11,West Bengal,New
16632,Customer 16632,Other,36,Pune,2024-11-18,Maharashtra,Loyal
16633,Customer 16633,Female,55,Mysuru,2023-10-24,Karnataka,Loyal
16634,Customer 16634,Female,29,Ahmedabad,2025-01-14,Gujarat,Regular
16635,Customer 16635,Male,20,Nagpur,2022-02-27,Maharashtra,Regular
16636,Customer 16636,Male,24,Chennai,2024-12-16,Tamil Nadu,Regular
16637,Customer 16637,Male,52,Hyderabad,2024-09-20,Telangana,Loyal
16638,Customer 16638,Female,42,Coimbatore,2024-11-14,Tamil Nadu,Loyal
16639,Customer 16639,Female,32,Nagpur,2022-07-09,Maharashtra,Regular
16640,Customer 16640,Male,36,Hyderabad,2024-08-16,Telangana,Regular
16641,Customer 16641,Female,36,Pune,2022-03-17,Maharashtra,New
16642,Customer 16642,Male,40,Noida,2023-01-06,Uttar Pradesh,New
16643,Customer 16643,Male,28,Delhi,2024-06-17,Delhi,New
16644,Customer 16644,Female,38,Bengaluru,2024-04-30,Karnataka,New
16645,Customer 16645,Male,51,Mumbai,2023-05-21,Maharashtra,New
16646,Customer 16646,Female,56,Hyderabad,2022-07-02,Telangana,Regular
16647,Customer 16647,Male,24,Coimbatore,2022-06-03,Tamil Nadu,Regular
16648,Customer 16648,Female,59,Kolkata,2024-06-21,West Bengal,Regular
16649,Customer 16649,Male,61,Jaipur,2024-11-12,Rajasthan,Regular
16650,Customer 16650,Male,44,Mysuru,2023-06-10,Karnataka,Loyal
16651,Customer 16651,Female,40,Noida,2023-08-29,Uttar Pradesh,Regular
16652,Customer 16652,Female,55,Jaipur,2024-05-28,Rajasthan,Regular
16653,Customer 16653,Male,37,Mysuru,2024-12-11,Karnataka,Loyal
16654,Customer 16654,Male,44,Coimbatore,2022-12-05,Tamil Nadu,Loyal
16655,Customer 16655,Female,25,Mysuru,2024-11-30,Karnataka,Regular
16656,Customer 16656,Male,54,Hyderabad,2023-06-02,Telangana,New
16657,Customer 16657,Female,20,Kolkata,2023-02-11,West Bengal,Loyal
16658,Customer 16658,Female,19,Jaipur,2022-05-18,Rajasthan,Loyal
16659,Customer 16659,Male,39,Chennai,2025-01-27,Tamil Nadu,New
16660,Customer 16660,Male,23,Jaipur,2022-12-07,Rajasthan,New
16661,Customer 16661,Female,56,Mysuru,2023-06-26,Karnataka,Loyal
16662,Customer 16662,Male,57,Delhi,2022-08-13,Delhi,Regular
16663,Customer 16663,Female,53,Kolkata,2022-09-18,West Bengal,Loyal
16664,Customer 16664,Male,61,Pune,2025-06-24,Maharashtra,Regular
16665,Customer 16665,Female,41,Mumbai,2025-01-07,Maharashtra,Loyal
16666,Customer 16666,Male,29,Hyderabad,2023-11-28,Telangana,New
16667,Customer 16667,Female,34,Ahmedabad,2024-03-21,Gujarat,Regular
16668,Customer 16668,Male,39,Nagpur,2023-04-18,Maharashtra,VIP
16669,Customer 16669,Male,36,Kochi,2022-03-18,Kerala,Regular
16670,Customer 16670,Female,26,Kolkata,2022-09-19,West Bengal,New
16671,Customer 16671,Male,29,Ahmedabad,2024-10-22,Gujarat,Loyal
16672,Customer 16672,Male,49,Ahmedabad,2022-01-17,Gujarat,New
16673,Customer 16673,Male,48,Ahmedabad,2022-12-10,Gujarat,New
16674,Customer 16674,Male,34,Coimbatore,2024-11-01,Tamil Nadu,Regular
16675,Customer 16675,Female,40,Noida,2024-07-28,Uttar Pradesh,Regular
16676,Customer 16676,Female,27,Jaipur,2023-11-25,Rajasthan,Loyal
16677,Customer 16677,Male,47,Kolkata,2024-04-25,West Bengal,Loyal
16678,Customer 16678,Female,36,Hyderabad,2024-10-27,Telangana,Regular
16679,Customer 16679,Female,43,Jaipur,2022-09-03,Rajasthan,Regular
16680,Customer 16680,Female,43,Jaipur,2024-09-12,Rajasthan,Regular
16681,Customer 16681,Male,28,Chennai,2025-03-26,Tamil Nadu,Loyal
16682,Customer 16682,Female,37,Ahmedabad,2022-06-23,Gujarat,Loyal
16683,Customer 16683,Female,62,Noida,2024-04-25,Uttar Pradesh,Loyal
16684,Customer 16684,Male,21,Kochi,2023-11-24,Kerala,VIP
16685,Customer 16685,Male,64,Delhi,2024-10-05,Delhi,Regular
16686,Customer 16686,Male,29,Coimbatore,2022-10-08,Tamil Nadu,Regular
16687,Customer 16687,Female,42,Noida,2024-09-16,Uttar Pradesh,Regular
16688,Customer 16688,Male,27,Mysuru,2022-08-25,Karnataka,New
16689,Customer 16689,Female,39,Hyderabad,2022-06-06,Telangana,New
16690,Customer 16690,Male,24,Pune,2025-06-28,Maharashtra,Loyal
16691,Customer 16691,Female,41,Coimbatore,2024-10-19,Tamil Nadu,Regular
16692,Customer 16692,Female,19,Bengaluru,2025-05-29,Karnataka,Regular
16693,Customer 16693,Female,49,Delhi,2022-12-04,Delhi,Regular
16694,Customer 16694,Female,38,Ahmedabad,2025-05-31,Gujarat,Loyal
16695,Customer 16695,Female,24,Mumbai,2025-05-19,Maharashtra,New
16696,Customer 16696,Male,25,Coimbatore,2022-12-03,Tamil Nadu,Regular
16697,Customer 16697,Female,55,Chennai,2025-03-03,Tamil Nadu,Regular
16698,Customer 16698,Male,38,Hyderabad,2024-02-10,Telangana,Loyal
16699,Customer 16699,Female,25,Mysuru,2023-05-10,Karnataka,Regular
16700,Customer 16700,Male,42,Mumbai,2023-07-01,Maharashtra,VIP
16701,Customer 16701,Female,45,Mumbai,2025-04-21,Maharashtra,Regular
16702,Customer 16702,Female,45,Delhi,2022-06-10,Delhi,VIP
16703,Customer 16703,Male,48,Noida,2023-08-28,Uttar Pradesh,Loyal
16704,Customer 16704,Male,53,Chennai,2023-01-22,Tamil Nadu,Regular
16705,Customer 16705,Other,42,Noida,2025-05-05,Uttar Pradesh,Regular
16706,Customer 16706,Male,58,Mysuru,2024-09-14,Karnataka,Regular
16707,Customer 16707,Male,54,Mumbai,2022-08-22,Maharashtra,Loyal
16708,Customer 16708,Male,55,Chennai,2023-12-12,Tamil Nadu,Regular
16709,Customer 16709,Female,29,Chennai,2023-04-04,Tamil Nadu,Regular
16710,Customer 16710,Female,54,Nagpur,2023-02-17,Maharashtra,Regular
16711,Customer 16711,Female,54,Jaipur,2024-11-07,Rajasthan,Loyal
16712,Customer 16712,Female,48,Hyderabad,2022-03-13,Telangana,New
16713,Customer 16713,Male,35,Kochi,2023-01-13,Kerala,New
16714,Customer 16714,Female,43,Mumbai,2023-11-13,Maharashtra,New
16715,Customer 16715,Male,23,Mumbai,2024-04-13,Maharashtra,Regular
16716,Customer 16716,Male,26,Chennai,2022-05-31,Tamil Nadu,Regular
16717,Customer 16717,Male,28,Noida,2025-01-08,Uttar Pradesh,Loyal
16718,Customer 16718,Female,48,Jaipur,2025-02-03,Rajasthan,Regular
16719,Customer 16719,Female,63,Mumbai,2023-12-21,Maharashtra,New
16720,Customer 16720,Male,19,Chennai,2022-05-10,Tamil Nadu,Regular
16721,Customer 16721,Female,46,Mumbai,2025-04-09,Maharashtra,VIP
16722,Customer 16722,Male,63,Kochi,2023-02-10,Kerala,Regular
16723,Customer 16723,Male,59,Jaipur,2024-11-22,Rajasthan,VIP
16724,Customer 16724,Male,22,Chennai,2023-06-20,Tamil Nadu,New
16725,Customer 16725,Female,40,Nagpur,2022-07-16,Maharashtra,New
16726,Customer 16726,Female,53,Kochi,2024-07-05,Kerala,Loyal
16727,Customer 16727,Male,24,Kochi,2024-12-05,Kerala,Regular
16728,Customer 16728,Female,30,Hyderabad,2022-10-01,Telangana,Loyal
16729,Customer 16729,Male,59,Jaipur,2022-05-13,Rajasthan,Loyal
16730,Customer 16730,Female,27,Chennai,2022-09-21,Tamil Nadu,Regular
16731,Customer 16731,Other,53,Jaipur,2023-01-02,Rajasthan,Loyal
16732,Customer 16732,Male,33,Kolkata,2024-04-04,West Bengal,Regular
16733,Customer 16733,Female,32,Jaipur,2022-01-05,Rajasthan,Loyal
16734,Customer 16734,Female,60,Mumbai,2022-09-26,Maharashtra,Regular
16735,Customer 16735,Male,36,Mysuru,2024-04-30,Karnataka,New
16736,Customer 16736,Female,38,Hyderabad,2024-01-03,Telangana,Regular
16737,Customer 16737,Male,52,Nagpur,2022-03-10,Maharashtra,VIP
16738,Customer 16738,Male,32,Ahmedabad,2024-03-10,Gujarat,New
16739,Customer 16739,Male,31,Chennai,2022-12-24,Tamil Nadu,Regular
16740,Customer 16740,Male,46,Mysuru,2022-11-21,Karnataka,Regular
16741,Customer 16741,Female,22,Chennai,2024-01-21,Tamil Nadu,Loyal
16742,Customer 16742,Female,35,Noida,2025-04-17,Uttar Pradesh,Regular
16743,Customer 16743,Female,18,Mumbai,2022-09-13,Maharashtra,Regular
16744,Customer 16744,Male,44,Coimbatore,2023-02-23,Tamil Nadu,Regular
16745,Customer 16745,Male,44,Delhi,2022-07-30,Delhi,New
16746,Customer 16746,Male,42,Pune,2024-06-29,Maharashtra,New
16747,Customer 16747,Female,58,Noida,2023-08-07,Uttar Pradesh,Regular
16748,Customer 16748,Other,38,Mysuru,2023-07-31,Karnataka,Regular
16749,Customer 16749,Female,31,Noida,2022-06-15,Uttar Pradesh,Regular
16750,Customer 16750,Male,37,Bengaluru,2022-08-02,Karnataka,New
16751,Customer 16751,Female,45,Chennai,2023-06-13,Tamil Nadu,Regular
16752,Customer 16752,Female,38,Chennai,2025-04-11,Tamil Nadu,Loyal
16753,Customer 16753,Male,40,Kolkata,2025-02-26,West Bengal,Regular
16754,Customer 16754,Female,28,Pune,2022-01-03,Maharashtra,Regular
16755,Customer 16755,Male,19,Pune,2024-06-13,Maharashtra,New
16756,Customer 16756,Male,37,Bengaluru,2024-06-14,Karnataka,New
16757,Customer 16757,Male,41,Mumbai,2024-12-29,Maharashtra,Loyal
16758,Customer 16758,Male,42,Delhi,2022-02-21,Delhi,Regular
16759,Customer 16759,Male,54,Kochi,2023-03-13,Kerala,Regular
16760,Customer 16760,Male,39,Kochi,2024-10-18,Kerala,Loyal
16761,Customer 16761,Male,41,Jaipur,2022-04-04,Rajasthan,Loyal
16762,Customer 16762,Female,32,Coimbatore,2023-08-10,Tamil Nadu,Loyal
16763,Customer 16763,Other,29,Ahmedabad,2023-08-26,Gujarat,Loyal
16764,Customer 16764,Female,63,Coimbatore,2022-03-27,Tamil Nadu,New
16765,Customer 16765,Male,48,Nagpur,2023-06-02,Maharashtra,VIP
16766,Customer 16766,Male,60,Kolkata,2024-01-12,West Bengal,Loyal
16767,Customer 16767,Male,48,Ahmedabad,2023-03-06,Gujarat,Regular
16768,Customer 16768,Male,47,Nagpur,2024-05-12,Maharashtra,Loyal
16769,Customer 16769,Female,58,Mumbai,2024-04-08,Maharashtra,Regular
16770,Customer 16770,Female,37,Nagpur,2022-02-12,Maharashtra,Loyal
16771,Customer 16771,Female,25,Nagpur,2023-02-08,Maharashtra,New
16772,Customer 16772,Female,61,Bengaluru,2025-04-20,Karnataka,Regular
16773,Customer 16773,Male,47,Bengaluru,2022-06-18,Karnataka,New
16774,Customer 16774,Male,52,Nagpur,2022-07-22,Maharashtra,Regular
16775,Customer 16775,Female,38,Noida,2023-12-07,Uttar Pradesh,Regular
16776,Customer 16776,Male,64,Ahmedabad,2023-06-27,Gujarat,Regular
16777,Customer 16777,Male,57,Hyderabad,2022-04-12,Telangana,Loyal
16778,Customer 16778,Male,45,Hyderabad,2022-12-12,Telangana,Loyal
16779,Customer 16779,Male,56,Jaipur,2023-08-26,Rajasthan,New
16780,Customer 16780,Male,34,Jaipur,2023-03-18,Rajasthan,Loyal
16781,Customer 16781,Female,29,Mumbai,2022-09-07,Maharashtra,Regular
16782,Customer 16782,Female,35,Coimbatore,2025-04-21,Tamil Nadu,Loyal
16783,Customer 16783,Male,64,Kolkata,2024-05-27,West Bengal,Regular
16784,Customer 16784,Male,45,Pune,2025-01-17,Maharashtra,Loyal
16785,Customer 16785,Female,20,Mumbai,2023-11-02,Maharashtra,Loyal
16786,Customer 16786,Male,32,Nagpur,2025-02-27,Maharashtra,Regular
16787,Customer 16787,Male,33,Bengaluru,2022-09-05,Karnataka,Regular
16788,Customer 16788,Male,39,Jaipur,2023-10-14,Rajasthan,VIP
16789,Customer 16789,Male,48,Chennai,2024-06-19,Tamil Nadu,Loyal
16790,Customer 16790,Female,48,Noida,2025-04-27,Uttar Pradesh,Regular
16791,Customer 16791,Female,18,Kochi,2022-04-01,Kerala,New
16792,Customer 16792,Male,28,Mysuru,2023-07-22,Karnataka,Loyal
16793,Customer 16793,Male,23,Kochi,2025-04-03,Kerala,VIP
16794,Customer 16794,Male,40,Bengaluru,2023-07-02,Karnataka,Regular
16795,Customer 16795,Male,26,Hyderabad,2022-03-21,Telangana,Loyal
16796,Customer 16796,Other,33,Kolkata,2024-07-22,West Bengal,New
16797,Customer 16797,Female,55,Ahmedabad,2024-09-07,Gujarat,VIP
16798,Customer 16798,Female,61,Kochi,2024-05-19,Kerala,Loyal
16799,Customer 16799,Female,36,Bengaluru,2022-06-18,Karnataka,Regular
16800,Customer 16800,Female,62,Jaipur,2025-01-21,Rajasthan,Regular
16801,Customer 16801,Female,30,Noida,2023-09-16,Uttar Pradesh,Regular
16802,Customer 16802,Male,49,Ahmedabad,2023-01-14,Gujarat,Regular
16803,Customer 16803,Male,53,Jaipur,2025-05-17,Rajasthan,Loyal
16804,Customer 16804,Female,26,Pune,2022-07-13,Maharashtra,Loyal
16805,Customer 16805,Male,63,Nagpur,2022-09-21,Maharashtra,Regular
16806,Customer 16806,Other,63,Chennai,2025-06-24,Tamil Nadu,Loyal
16807,Customer 16807,Female,54,Hyderabad,2023-06-05,Telangana,Regular
16808,Customer 16808,Female,48,Hyderabad,2024-07-07,Telangana,Loyal
16809,Customer 16809,Male,48,Kolkata,2023-04-24,West Bengal,Loyal
16810,Customer 16810,Female,36,Delhi,2025-02-26,Delhi,Loyal
16811,Customer 16811,Male,19,Coimbatore,2023-07-28,Tamil Nadu,New
16812,Customer 16812,Other,62,Jaipur,2024-04-22,Rajasthan,Regular
16813,Customer 16813,Male,49,Pune,2025-04-10,Maharashtra,Regular
16814,Customer 16814,Female,60,Hyderabad,2025-01-16,Telangana,Regular
16815,Customer 16815,Female,51,Coimbatore,2024-06-14,Tamil Nadu,Regular
16816,Customer 16816,Male,18,Hyderabad,2025-01-11,Telangana,Loyal
16817,Customer 16817,Male,38,Ahmedabad,2023-06-01,Gujarat,Regular
16818,Customer 16818,Other,20,Nagpur,2024-10-20,Maharashtra,Regular
16819,Customer 16819,Male,44,Coimbatore,2024-06-14,Tamil Nadu,Regular
16820,Customer 16820,Female,61,Noida,2023-04-10,Uttar Pradesh,Regular
16821,Customer 16821,Male,24,Jaipur,2023-09-05,Rajasthan,Loyal
16822,Customer 16822,Female,50,Delhi,2025-03-10,Delhi,New
16823,Customer 16823,Female,26,Nagpur,2023-08-28,Maharashtra,New
16824,Customer 16824,Male,47,Kochi,2023-09-13,Kerala,Regular
16825,Customer 16825,Male,35,Noida,2024-09-26,Uttar Pradesh,New
16826,Customer 16826,Female,43,Chennai,2023-07-09,Tamil Nadu,New
16827,Customer 16827,Male,37,Pune,2022-05-16,Maharashtra,Loyal
16828,Customer 16828,Male,55,Pune,2022-11-26,Maharashtra,Loyal
16829,Customer 16829,Female,58,Mysuru,2024-08-12,Karnataka,Regular
16830,Customer 16830,Male,48,Mysuru,2023-01-30,Karnataka,Regular
16831,Customer 16831,Male,25,Jaipur,2022-06-05,Rajasthan,VIP
16832,Customer 16832,Female,40,Coimbatore,2024-11-28,Tamil Nadu,New
16833,Customer 16833,Male,42,Ahmedabad,2024-05-19,Gujarat,Regular
16834,Customer 16834,Male,64,Pune,2023-06-22,Maharashtra,Regular
16835,Customer 16835,Male,18,Kolkata,2024-12-05,West Bengal,Loyal
16836,Customer 16836,Female,63,Kochi,2023-10-30,Kerala,VIP
16837,Customer 16837,Female,35,Jaipur,2022-09-01,Rajasthan,Regular
16838,Customer 16838,Female,36,Coimbatore,2023-07-01,Tamil Nadu,Regular
16839,Customer 16839,Male,59,Mysuru,2023-03-26,Karnataka,Loyal
16840,Customer 16840,Male,23,Kochi,2022-10-05,Kerala,VIP
16841,Customer 16841,Male,34,Chennai,2024-01-24,Tamil Nadu,Loyal
16842,Customer 16842,Male,63,Hyderabad,2023-02-10,Telangana,Loyal
16843,Customer 16843,Female,62,Noida,2024-02-10,Uttar Pradesh,Loyal
16844,Customer 16844,Male,25,Jaipur,2024-12-05,Rajasthan,New
16845,Customer 16845,Male,59,Kochi,2024-01-19,Kerala,Regular
16846,Customer 16846,Male,26,Ahmedabad,2024-02-11,Gujarat,New
16847,Customer 16847,Female,54,Bengaluru,2022-08-26,Karnataka,New
16848,Customer 16848,Female,44,Jaipur,2025-04-05,Rajasthan,Regular
16849,Customer 16849,Female,53,Coimbatore,2022-07-20,Tamil Nadu,Loyal
16850,Customer 16850,Female,23,Chennai,2024-01-16,Tamil Nadu,Regular
16851,Customer 16851,Male,23,Noida,2022-08-20,Uttar Pradesh,Loyal
16852,Customer 16852,Male,62,Pune,2023-12-25,Maharashtra,New
16853,Customer 16853,Male,21,Hyderabad,2025-03-23,Telangana,Loyal
16854,Customer 16854,Female,39,Noida,2023-12-26,Uttar Pradesh,Regular
16855,Customer 16855,Female,57,Delhi,2022-03-28,Delhi,Loyal
16856,Customer 16856,Female,44,Mysuru,2023-12-04,Karnataka,Regular
16857,Customer 16857,Female,54,Noida,2024-03-30,Uttar Pradesh,Regular
16858,Customer 16858,Female,19,Bengaluru,2022-02-23,Karnataka,Regular
16859,Customer 16859,Female,26,Chennai,2024-12-01,Tamil Nadu,Regular
16860,Customer 16860,Female,28,Hyderabad,2025-06-07,Telangana,New
16861,Customer 16861,Female,37,Kolkata,2024-01-12,West Bengal,Regular
16862,Customer 16862,Male,60,Nagpur,2023-11-25,Maharashtra,Regular
16863,Customer 16863,Female,56,Noida,2023-03-12,Uttar Pradesh,Loyal
16864,Customer 16864,Female,31,Kolkata,2025-03-10,West Bengal,Loyal
16865,Customer 16865,Male,43,Kolkata,2023-08-17,West Bengal,Loyal
16866,Customer 16866,Female,55,Mumbai,2023-03-18,Maharashtra,Regular
16867,Customer 16867,Female,47,Bengaluru,2022-06-16,Karnataka,Regular
16868,Customer 16868,Male,53,Bengaluru,2023-07-20,Karnataka,Loyal
16869,Customer 16869,Female,55,Mumbai,2022-03-14,Maharashtra,Regular
16870,Customer 16870,Male,52,Delhi,2023-12-26,Delhi,New
16871,Customer 16871,Female,23,Nagpur,2024-08-05,Maharashtra,Loyal
16872,Customer 16872,Female,20,Mysuru,2022-09-27,Karnataka,New
16873,Customer 16873,Male,18,Chennai,2022-08-07,Tamil Nadu,New
16874,Customer 16874,Male,35,Hyderabad,2023-07-01,Telangana,Loyal
16875,Customer 16875,Female,40,Chennai,2025-04-21,Tamil Nadu,Loyal
16876,Customer 16876,Male,49,Nagpur,2025-01-06,Maharashtra,Loyal
16877,Customer 16877,Male,46,Chennai,2022-11-04,Tamil Nadu,Regular
16878,Customer 16878,Female,40,Mumbai,2023-02-25,Maharashtra,Loyal
16879,Customer 16879,Male,53,Bengaluru,2025-06-13,Karnataka,Loyal
16880,Customer 16880,Male,23,Chennai,2024-04-28,Tamil Nadu,Loyal
16881,Customer 16881,Female,34,Coimbatore,2024-06-04,Tamil Nadu,Loyal
16882,Customer 16882,Female,35,Kolkata,2023-04-07,West Bengal,Regular
16883,Customer 16883,Female,48,Jaipur,2023-08-08,Rajasthan,New
16884,Customer 16884,Female,23,Kolkata,2024-07-04,West Bengal,Loyal
16885,Customer 16885,Male,51,Noida,2022-02-07,Uttar Pradesh,Loyal
16886,Customer 16886,Male,61,Nagpur,2023-03-02,Maharashtra,Regular
16887,Customer 16887,Male,61,Delhi,2023-03-10,Delhi,Loyal
16888,Customer 16888,Female,44,Ahmedabad,2024-11-20,Gujarat,Regular
16889,Customer 16889,Female,53,Ahmedabad,2022-07-24,Gujarat,Regular
16890,Customer 16890,Female,59,Coimbatore,2023-12-06,Tamil Nadu,Regular
16891,Customer 16891,Female,42,Kochi,2024-01-12,Kerala,New
16892,Customer 16892,Female,27,Mumbai,2025-04-19,Maharashtra,Regular
16893,Customer 16893,Male,56,Pune,2022-02-09,Maharashtra,Loyal
16894,Customer 16894,Male,63,Mumbai,2024-04-20,Maharashtra,Regular
16895,Customer 16895,Male,56,Kolkata,2024-06-24,West Bengal,New
16896,Customer 16896,Male,29,Delhi,2025-03-26,Delhi,VIP
16897,Customer 16897,Female,28,Delhi,2022-06-17,Delhi,Regular
16898,Customer 16898,Male,60,Coimbatore,2023-10-04,Tamil Nadu,Loyal
16899,Customer 16899,Female,20,Noida,2025-01-10,Uttar Pradesh,Loyal
16900,Customer 16900,Female,39,Nagpur,2023-11-18,Maharashtra,Regular
16901,Customer 16901,Male,21,Jaipur,2023-08-23,Rajasthan,Loyal
16902,Customer 16902,Male,25,Mysuru,2022-04-12,Karnataka,VIP
16903,Customer 16903,Male,31,Bengaluru,2024-01-30,Karnataka,Loyal
16904,Customer 16904,Male,37,Coimbatore,2023-12-19,Tamil Nadu,Regular
16905,Customer 16905,Female,41,Kochi,2022-03-30,Kerala,Regular
16906,Customer 16906,Male,31,Delhi,2022-12-11,Delhi,Regular
16907,Customer 16907,Female,45,Ahmedabad,2024-03-10,Gujarat,Loyal
16908,Customer 16908,Female,33,Pune,2023-08-31,Maharashtra,Loyal
16909,Customer 16909,Female,49,Jaipur,2022-06-08,Rajasthan,Loyal
16910,Customer 16910,Female,64,Hyderabad,2025-02-11,Telangana,Regular
16911,Customer 16911,Male,29,Delhi,2023-06-20,Delhi,Regular
16912,Customer 16912,Male,33,Noida,2022-06-12,Uttar Pradesh,Regular
16913,Customer 16913,Male,36,Kochi,2022-10-13,Kerala,New
16914,Customer 16914,Male,22,Noida,2024-05-14,Uttar Pradesh,Loyal
16915,Customer 16915,Female,29,Delhi,2022-02-24,Delhi,Regular
16916,Customer 16916,Female,46,Kochi,2023-07-30,Kerala,Regular
16917,Customer 16917,Male,22,Noida,2022-02-02,Uttar Pradesh,Loyal
16918,Customer 16918,Male,59,Kochi,2023-07-12,Kerala,New
16919,Customer 16919,Male,34,Coimbatore,2024-01-01,Tamil Nadu,Loyal
16920,Customer 16920,Female,64,Delhi,2024-09-19,Delhi,New
16921,Customer 16921,Female,25,Delhi,2024-03-11,Delhi,VIP
16922,Customer 16922,Female,57,Kochi,2022-07-15,Kerala,Regular
16923,Customer 16923,Female,57,Nagpur,2023-03-24,Maharashtra,New
16924,Customer 16924,Male,47,Bengaluru,2024-07-13,Karnataka,Loyal
16925,Customer 16925,Male,27,Pune,2022-04-02,Maharashtra,Loyal
16926,Customer 16926,Male,37,Noida,2023-08-31,Uttar Pradesh,Regular
16927,Customer 16927,Male,62,Nagpur,2025-06-05,Maharashtra,Loyal
16928,Customer 16928,Female,33,Kolkata,2022-10-13,West Bengal,VIP
16929,Customer 16929,Female,58,Kolkata,2024-05-23,West Bengal,Regular
16930,Customer 16930,Female,33,Mysuru,2025-06-12,Karnataka,Loyal
16931,Customer 16931,Female,59,Mysuru,2022-04-12,Karnataka,Regular
16932,Customer 16932,Male,20,Chennai,2022-05-20,Tamil Nadu,Regular
16933,Customer 16933,Male,40,Jaipur,2024-04-14,Rajasthan,Regular
16934,Customer 16934,Female,39,Coimbatore,2022-09-23,Tamil Nadu,Regular
16935,Customer 16935,Female,45,Coimbatore,2023-07-27,Tamil Nadu,New
16936,Customer 16936,Male,63,Mumbai,2023-06-19,Maharashtra,Regular
16937,Customer 16937,Female,62,Kochi,2023-06-07,Kerala,Regular
16938,Customer 16938,Female,53,Pune,2022-01-16,Maharashtra,Regular
16939,Customer 16939,Male,21,Ahmedabad,2023-07-15,Gujarat,Regular
16940,Customer 16940,Female,55,Delhi,2024-05-27,Delhi,Regular
16941,Customer 16941,Male,41,Noida,2022-12-02,Uttar Pradesh,Regular
16942,Customer 16942,Female,36,Pune,2024-06-28,Maharashtra,VIP
16943,Customer 16943,Female,28,Chennai,2022-06-19,Tamil Nadu,Regular
16944,Customer 16944,Other,57,Kolkata,2024-07-01,West Bengal,Regular
16945,Customer 16945,Male,63,Kolkata,2022-04-29,West Bengal,Regular
16946,Customer 16946,Male,57,Mumbai,2024-12-01,Maharashtra,Loyal
16947,Customer 16947,Male,63,Nagpur,2024-10-09,Maharashtra,New
16948,Customer 16948,Male,56,Pune,2022-01-10,Maharashtra,Regular
16949,Customer 16949,Female,35,Nagpur,2023-03-06,Maharashtra,Loyal
16950,Customer 16950,Female,29,Mysuru,2022-02-18,Karnataka,Regular
16951,Customer 16951,Male,31,Kolkata,2022-07-26,West Bengal,Regular
16952,Customer 16952,Male,64,Noida,2023-05-29,Uttar Pradesh,VIP
16953,Customer 16953,Male,35,Chennai,2025-05-18,Tamil Nadu,New
16954,Customer 16954,Male,61,Delhi,2025-03-08,Delhi,Regular
16955,Customer 16955,Male,59,Ahmedabad,2022-02-06,Gujarat,Regular
16956,Customer 16956,Male,29,Kolkata,2022-08-06,West Bengal,New
16957,Customer 16957,Female,57,Noida,2022-06-29,Uttar Pradesh,Regular
16958,Customer 16958,Male,44,Ahmedabad,2022-05-10,Gujarat,Regular
16959,Customer 16959,Female,23,Ahmedabad,2023-09-03,Gujarat,New
16960,Customer 16960,Female,41,Jaipur,2023-10-21,Rajasthan,Regular
16961,Customer 16961,Male,50,Bengaluru,2022-12-25,Karnataka,VIP
16962,Customer 16962,Female,62,Coimbatore,2023-09-19,Tamil Nadu,Loyal
16963,Customer 16963,Female,33,Chennai,2024-10-24,Tamil Nadu,Regular
16964,Customer 16964,Female,29,Pune,2025-01-11,Maharashtra,New
16965,Customer 16965,Male,48,Noida,2025-03-23,Uttar Pradesh,Regular
16966,Customer 16966,Male,54,Kolkata,2023-05-21,West Bengal,Regular
16967,Customer 16967,Female,30,Kolkata,2024-03-28,West Bengal,VIP
16968,Customer 16968,Female,25,Kolkata,2024-03-04,West Bengal,VIP
16969,Customer 16969,Male,55,Hyderabad,2024-04-18,Telangana,Regular
16970,Customer 16970,Male,20,Coimbatore,2023-09-15,Tamil Nadu,New
16971,Customer 16971,Male,37,Coimbatore,2023-09-21,Tamil Nadu,Loyal
16972,Customer 16972,Male,21,Kochi,2022-04-07,Kerala,Loyal
16973,Customer 16973,Female,61,Hyderabad,2024-03-29,Telangana,Regular
16974,Customer 16974,Male,62,Ahmedabad,2023-08-22,Gujarat,Regular
16975,Customer 16975,Male,19,Ahmedabad,2024-07-22,Gujarat,Regular
16976,Customer 16976,Female,53,Jaipur,2023-03-05,Rajasthan,Loyal
16977,Customer 16977,Male,40,Kochi,2025-02-23,Kerala,New
16978,Customer 16978,Female,62,Kolkata,2023-06-27,West Bengal,Loyal
16979,Customer 16979,Female,36,Mumbai,2023-01-02,Maharashtra,New
16980,Customer 16980,Male,57,Jaipur,2024-12-04,Rajasthan,Loyal
16981,Customer 16981,Female,25,Mumbai,2025-04-27,Maharashtra,Regular
16982,Customer 16982,Female,33,Hyderabad,2022-02-21,Telangana,Regular
16983,Customer 16983,Male,60,Bengaluru,2023-07-18,Karnataka,New
16984,Customer 16984,Male,35,Mysuru,2023-05-14,Karnataka,Regular
16985,Customer 16985,Female,53,Hyderabad,2024-09-03,Telangana,Regular
16986,Customer 16986,Female,41,Mysuru,2022-11-19,Karnataka,Regular
16987,Customer 16987,Female,18,Noida,2025-06-07,Uttar Pradesh,Regular
16988,Customer 16988,Male,18,Bengaluru,2023-07-10,Karnataka,New
16989,Customer 16989,Female,63,Ahmedabad,2025-06-24,Gujarat,Regular
16990,Customer 16990,Male,53,Chennai,2022-08-07,Tamil Nadu,Regular
16991,Customer 16991,Female,28,Jaipur,2023-06-18,Rajasthan,Regular
16992,Customer 16992,Female,35,Ahmedabad,2023-10-04,Gujarat,Regular
16993,Customer 16993,Female,33,Mysuru,2023-06-03,Karnataka,Regular
16994,Customer 16994,Female,34,Kochi,2022-02-13,Kerala,Regular
16995,Customer 16995,Female,41,Coimbatore,2022-03-06,Tamil Nadu,New
16996,Customer 16996,Female,51,Kochi,2022-09-03,Kerala,New
16997,Customer 16997,Male,21,Noida,2024-09-13,Uttar Pradesh,New
16998,Customer 16998,Female,52,Coimbatore,2024-12-30,Tamil Nadu,Loyal
16999,Customer 16999,Female,32,Jaipur,2022-06-07,Rajasthan,Regular
17000,Customer 17000,Male,19,Bengaluru,2024-07-26,Karnataka,Regular
17001,Customer 17001,Male,48,Ahmedabad,2024-11-14,Gujarat,Loyal
17002,Customer 17002,Male,26,Jaipur,2024-04-04,Rajasthan,Regular
17003,Customer 17003,Female,27,Mysuru,2025-05-31,Karnataka,Regular
17004,Customer 17004,Female,42,Jaipur,2022-06-09,Rajasthan,New
17005,Customer 17005,Male,22,Nagpur,2024-03-28,Maharashtra,Loyal
17006,Customer 17006,Female,31,Bengaluru,2024-10-01,Karnataka,Loyal
17007,Customer 17007,Male,59,Kochi,2022-03-16,Kerala,Loyal
17008,Customer 17008,Female,55,Bengaluru,2022-05-18,Karnataka,Loyal
17009,Customer 17009,Male,57,Nagpur,2023-04-24,Maharashtra,Loyal
17010,Customer 17010,Male,19,Jaipur,2023-07-07,Rajasthan,Loyal
17011,Customer 17011,Male,35,Noida,2023-01-22,Uttar Pradesh,Regular
17012,Customer 17012,Male,46,Mysuru,2023-04-17,Karnataka,Regular
17013,Customer 17013,Female,37,Mysuru,2022-11-05,Karnataka,VIP
17014,Customer 17014,Female,25,Kolkata,2024-06-05,West Bengal,Loyal
17015,Customer 17015,Male,54,Coimbatore,2023-12-02,Tamil Nadu,Regular
17016,Customer 17016,Male,43,Bengaluru,2025-04-01,Karnataka,Regular
17017,Customer 17017,Male,54,Jaipur,2024-09-26,Rajasthan,Loyal
17018,Customer 17018,Female,21,Bengaluru,2024-08-09,Karnataka,Regular
17019,Customer 17019,Female,50,Delhi,2024-12-14,Delhi,New
17020,Customer 17020,Male,39,Chennai,2024-02-25,Tamil Nadu,Regular
17021,Customer 17021,Female,23,Bengaluru,2022-11-01,Karnataka,New
17022,Customer 17022,Male,50,Pune,2022-04-12,Maharashtra,Regular
17023,Customer 17023,Female,45,Chennai,2024-02-14,Tamil Nadu,Loyal
17024,Customer 17024,Female,41,Pune,2025-05-16,Maharashtra,Regular
17025,Customer 17025,Female,21,Mysuru,2024-12-08,Karnataka,VIP
17026,Customer 17026,Female,19,Chennai,2023-07-26,Tamil Nadu,VIP
17027,Customer 17027,Female,30,Bengaluru,2022-05-28,Karnataka,Loyal
17028,Customer 17028,Female,63,Kochi,2025-05-19,Kerala,VIP
17029,Customer 17029,Female,28,Jaipur,2023-08-20,Rajasthan,Regular
17030,Customer 17030,Male,52,Nagpur,2024-09-04,Maharashtra,Regular
17031,Customer 17031,Male,56,Coimbatore,2024-12-06,Tamil Nadu,Loyal
17032,Customer 17032,Male,27,Pune,2023-05-14,Maharashtra,Regular
17033,Customer 17033,Female,60,Jaipur,2022-06-04,Rajasthan,Regular
17034,Customer 17034,Male,27,Kolkata,2022-08-18,West Bengal,Regular
17035,Customer 17035,Male,25,Kochi,2022-06-07,Kerala,Loyal
17036,Customer 17036,Male,22,Chennai,2024-07-11,Tamil Nadu,Loyal
17037,Customer 17037,Male,40,Jaipur,2025-06-24,Rajasthan,Loyal
17038,Customer 17038,Female,51,Bengaluru,2023-07-22,Karnataka,Loyal
17039,Customer 17039,Female,64,Chennai,2025-03-20,Tamil Nadu,Loyal
17040,Customer 17040,Female,49,Bengaluru,2022-10-26,Karnataka,Regular
17041,Customer 17041,Female,33,Bengaluru,2024-12-13,Karnataka,New
17042,Customer 17042,Female,21,Bengaluru,2025-05-31,Karnataka,Loyal
17043,Customer 17043,Male,45,Delhi,2024-02-05,Delhi,New
17044,Customer 17044,Male,61,Coimbatore,2023-07-19,Tamil Nadu,VIP
17045,Customer 17045,Female,31,Nagpur,2023-04-12,Maharashtra,Loyal
17046,Customer 17046,Male,29,Nagpur,2023-05-01,Maharashtra,Loyal
17047,Customer 17047,Male,38,Chennai,2023-03-20,Tamil Nadu,VIP
17048,Customer 17048,Female,33,Chennai,2024-06-23,Tamil Nadu,Regular
17049,Customer 17049,Male,61,Bengaluru,2024-05-12,Karnataka,New
17050,Customer 17050,Male,19,Delhi,2025-03-07,Delhi,Regular
17051,Customer 17051,Male,40,Bengaluru,2024-07-14,Karnataka,Regular
17052,Customer 17052,Male,46,Delhi,2022-10-19,Delhi,Regular
17053,Customer 17053,Male,63,Bengaluru,2025-05-18,Karnataka,Regular
17054,Customer 17054,Male,60,Pune,2024-01-22,Maharashtra,Loyal
17055,Customer 17055,Female,26,Pune,2025-05-19,Maharashtra,Regular
17056,Customer 17056,Female,24,Mysuru,2024-05-24,Karnataka,Regular
17057,Customer 17057,Male,46,Bengaluru,2023-10-25,Karnataka,Regular
17058,Customer 17058,Female,61,Coimbatore,2025-02-21,Tamil Nadu,Regular
17059,Customer 17059,Male,34,Kochi,2024-07-08,Kerala,Regular
17060,Customer 17060,Male,26,Kolkata,2024-06-27,West Bengal,Regular
17061,Customer 17061,Male,23,Mysuru,2022-05-04,Karnataka,Loyal
17062,Customer 17062,Female,61,Chennai,2022-03-09,Tamil Nadu,Regular
17063,Customer 17063,Male,37,Noida,2023-04-20,Uttar Pradesh,New
17064,Customer 17064,Female,27,Bengaluru,2022-12-24,Karnataka,Regular
17065,Customer 17065,Female,26,Jaipur,2023-06-05,Rajasthan,Regular
17066,Customer 17066,Female,29,Ahmedabad,2024-04-12,Gujarat,Loyal
17067,Customer 17067,Female,50,Pune,2023-09-16,Maharashtra,VIP
17068,Customer 17068,Female,49,Jaipur,2023-03-03,Rajasthan,Loyal
17069,Customer 17069,Male,51,Noida,2024-10-05,Uttar Pradesh,Regular
17070,Customer 17070,Male,36,Delhi,2023-03-19,Delhi,Regular
17071,Customer 17071,Female,50,Noida,2023-08-24,Uttar Pradesh,New
17072,Customer 17072,Female,33,Coimbatore,2025-01-23,Tamil Nadu,Regular
17073,Customer 17073,Male,40,Bengaluru,2024-02-01,Karnataka,Regular
17074,Customer 17074,Male,43,Nagpur,2024-08-12,Maharashtra,Loyal
17075,Customer 17075,Male,62,Noida,2023-05-02,Uttar Pradesh,Regular
17076,Customer 17076,Male,61,Kochi,2024-01-09,Kerala,Regular
17077,Customer 17077,Male,58,Nagpur,2023-10-10,Maharashtra,Regular
17078,Customer 17078,Female,54,Delhi,2024-06-14,Delhi,Loyal
17079,Customer 17079,Female,26,Mysuru,2022-01-05,Karnataka,New
17080,Customer 17080,Male,47,Jaipur,2023-09-24,Rajasthan,Regular
17081,Customer 17081,Female,30,Nagpur,2024-05-26,Maharashtra,New
17082,Customer 17082,Female,59,Mysuru,2024-09-12,Karnataka,Regular
17083,Customer 17083,Male,33,Pune,2025-04-26,Maharashtra,New
17084,Customer 17084,Male,63,Kolkata,2022-01-26,West Bengal,New
17085,Customer 17085,Female,19,Bengaluru,2022-06-11,Karnataka,New
17086,Customer 17086,Female,48,Noida,2024-01-15,Uttar Pradesh,Regular
17087,Customer 17087,Male,60,Pune,2025-02-27,Maharashtra,Regular
17088,Customer 17088,Other,36,Pune,2023-06-17,Maharashtra,Loyal
17089,Customer 17089,Male,28,Ahmedabad,2024-06-01,Gujarat,Regular
17090,Customer 17090,Male,31,Hyderabad,2023-02-14,Telangana,New
17091,Customer 17091,Male,64,Mumbai,2025-01-01,Maharashtra,Regular
17092,Customer 17092,Male,42,Kochi,2025-06-10,Kerala,Loyal
17093,Customer 17093,Female,24,Coimbatore,2024-05-04,Tamil Nadu,Regular
17094,Customer 17094,Female,32,Mysuru,2025-02-03,Karnataka,Regular
17095,Customer 17095,Male,47,Kolkata,2024-06-19,West Bengal,Loyal
17096,Customer 17096,Female,48,Hyderabad,2022-01-09,Telangana,Regular
17097,Customer 17097,Female,41,Mumbai,2022-02-19,Maharashtra,Regular
17098,Customer 17098,Male,42,Kolkata,2023-03-18,West Bengal,New
17099,Customer 17099,Female,25,Coimbatore,2022-02-05,Tamil Nadu,New
17100,Customer 17100,Male,47,Mysuru,2025-05-10,Karnataka,VIP
17101,Customer 17101,Female,53,Bengaluru,2022-04-28,Karnataka,Regular
17102,Customer 17102,Male,31,Coimbatore,2023-12-03,Tamil Nadu,Regular
17103,Customer 17103,Female,46,Noida,2024-01-24,Uttar Pradesh,VIP
17104,Customer 17104,Male,44,Pune,2025-04-07,Maharashtra,Loyal
17105,Customer 17105,Female,53,Ahmedabad,2022-08-18,Gujarat,Regular
17106,Customer 17106,Female,51,Mumbai,2023-07-14,Maharashtra,Loyal
17107,Customer 17107,Male,38,Mumbai,2025-03-19,Maharashtra,Loyal
17108,Customer 17108,Male,55,Kolkata,2022-07-27,West Bengal,Loyal
17109,Customer 17109,Male,28,Ahmedabad,2024-12-20,Gujarat,New
17110,Customer 17110,Female,50,Mumbai,2025-02-14,Maharashtra,Regular
17111,Customer 17111,Male,32,Ahmedabad,2022-08-27,Gujarat,Regular
17112,Customer 17112,Female,29,Mysuru,2024-05-16,Karnataka,New
17113,Customer 17113,Male,41,Noida,2022-02-17,Uttar Pradesh,Regular
17114,Customer 17114,Male,54,Coimbatore,2024-01-27,Tamil Nadu,Regular
17115,Customer 17115,Male,28,Pune,2023-06-01,Maharashtra,New
17116,Customer 17116,Male,36,Noida,2022-07-24,Uttar Pradesh,Regular
17117,Customer 17117,Female,18,Hyderabad,2025-04-18,Telangana,Regular
17118,Customer 17118,Female,34,Bengaluru,2022-03-31,Karnataka,Regular
17119,Customer 17119,Male,57,Ahmedabad,2023-05-15,Gujarat,Loyal
17120,Customer 17120,Female,33,Nagpur,2025-02-05,Maharashtra,Loyal
17121,Customer 17121,Male,43,Noida,2025-04-28,Uttar Pradesh,VIP
17122,Customer 17122,Female,60,Kolkata,2025-04-18,West Bengal,Regular
17123,Customer 17123,Male,60,Hyderabad,2024-11-09,Telangana,Loyal
17124,Customer 17124,Female,32,Pune,2022-01-07,Maharashtra,Loyal
17125,Customer 17125,Female,25,Kolkata,2022-11-18,West Bengal,Loyal
17126,Customer 17126,Male,47,Kolkata,2022-09-25,West Bengal,Loyal
17127,Customer 17127,Female,31,Jaipur,2022-10-23,Rajasthan,Regular
17128,Customer 17128,Male,50,Nagpur,2023-07-24,Maharashtra,Regular
17129,Customer 17129,Male,59,Ahmedabad,2022-09-21,Gujarat,Loyal
17130,Customer 17130,Male,24,Nagpur,2022-03-31,Maharashtra,Loyal
17131,Customer 17131,Male,35,Noida,2024-05-02,Uttar Pradesh,Loyal
17132,Customer 17132,Male,29,Kolkata,2023-05-03,West Bengal,New
17133,Customer 17133,Male,19,Mumbai,2023-02-05,Maharashtra,Regular
17134,Customer 17134,Male,46,Chennai,2022-12-23,Tamil Nadu,Regular
17135,Customer 17135,Male,38,Pune,2024-01-25,Maharashtra,Loyal
17136,Customer 17136,Female,24,Mumbai,2023-05-14,Maharashtra,Loyal
17137,Customer 17137,Female,44,Pune,2024-04-13,Maharashtra,Regular
17138,Customer 17138,Male,29,Ahmedabad,2023-03-11,Gujarat,Loyal
17139,Customer 17139,Male,37,Chennai,2022-04-29,Tamil Nadu,New
17140,Customer 17140,Male,31,Kochi,2024-12-06,Kerala,Regular
17141,Customer 17141,Female,27,Bengaluru,2025-04-06,Karnataka,Regular
17142,Customer 17142,Female,58,Chennai,2024-10-19,Tamil Nadu,Loyal
17143,Customer 17143,Male,40,Ahmedabad,2022-12-14,Gujarat,Loyal
17144,Customer 17144,Male,47,Delhi,2023-06-23,Delhi,Regular
17145,Customer 17145,Male,64,Jaipur,2025-04-12,Rajasthan,Regular
17146,Customer 17146,Male,48,Noida,2023-06-14,Uttar Pradesh,Regular
17147,Customer 17147,Female,27,Ahmedabad,2022-10-30,Gujarat,Regular
17148,Customer 17148,Female,36,Noida,2022-07-21,Uttar Pradesh,VIP
17149,Customer 17149,Male,36,Hyderabad,2022-06-05,Telangana,Loyal
17150,Customer 17150,Female,61,Mumbai,2022-01-14,Maharashtra,Regular
17151,Customer 17151,Male,40,Jaipur,2024-11-09,Rajasthan,Regular
17152,Customer 17152,Male,61,Hyderabad,2024-01-26,Telangana,Regular
17153,Customer 17153,Female,58,Delhi,2024-06-07,Delhi,Regular
17154,Customer 17154,Female,49,Chennai,2025-04-11,Tamil Nadu,Loyal
17155,Customer 17155,Male,37,Noida,2023-03-21,Uttar Pradesh,New
17156,Customer 17156,Male,21,Mysuru,2022-05-02,Karnataka,Loyal
17157,Customer 17157,Female,50,Chennai,2022-07-03,Tamil Nadu,Regular
17158,Customer 17158,Female,18,Jaipur,2023-11-02,Rajasthan,VIP
17159,Customer 17159,Male,30,Chennai,2022-02-18,Tamil Nadu,New
17160,Customer 17160,Male,20,Delhi,2022-06-30,Delhi,Loyal
17161,Customer 17161,Male,29,Bengaluru,2022-05-21,Karnataka,Loyal
17162,Customer 17162,Female,46,Pune,2023-06-14,Maharashtra,New
17163,Customer 17163,Female,48,Kolkata,2023-08-07,West Bengal,Regular
17164,Customer 17164,Male,58,Kolkata,2023-04-16,West Bengal,Loyal
17165,Customer 17165,Female,53,Delhi,2022-05-23,Delhi,Regular
17166,Customer 17166,Female,19,Pune,2023-12-08,Maharashtra,Regular
17167,Customer 17167,Male,39,Noida,2025-03-15,Uttar Pradesh,Loyal
17168,Customer 17168,Male,39,Delhi,2022-10-21,Delhi,New
17169,Customer 17169,Female,58,Pune,2023-02-26,Maharashtra,Regular
17170,Customer 17170,Female,48,Ahmedabad,2023-07-18,Gujarat,Loyal
17171,Customer 17171,Female,62,Hyderabad,2023-02-21,Telangana,Regular
17172,Customer 17172,Female,31,Delhi,2023-10-23,Delhi,Regular
17173,Customer 17173,Male,46,Ahmedabad,2024-07-01,Gujarat,Regular
17174,Customer 17174,Male,52,Noida,2025-02-04,Uttar Pradesh,Loyal
17175,Customer 17175,Female,26,Delhi,2022-02-28,Delhi,Regular
17176,Customer 17176,Male,64,Noida,2024-10-12,Uttar Pradesh,Loyal
17177,Customer 17177,Female,49,Delhi,2022-09-15,Delhi,Regular
17178,Customer 17178,Female,44,Pune,2024-03-03,Maharashtra,Loyal
17179,Customer 17179,Female,27,Bengaluru,2023-06-15,Karnataka,Regular
17180,Customer 17180,Male,42,Coimbatore,2022-06-15,Tamil Nadu,VIP
17181,Customer 17181,Female,62,Ahmedabad,2024-11-14,Gujarat,New
17182,Customer 17182,Female,50,Pune,2022-01-04,Maharashtra,Regular
17183,Customer 17183,Female,28,Mumbai,2022-01-03,Maharashtra,New
17184,Customer 17184,Male,54,Nagpur,2023-02-22,Maharashtra,Regular
17185,Customer 17185,Male,26,Ahmedabad,2022-12-28,Gujarat,Regular
17186,Customer 17186,Male,24,Bengaluru,2024-06-24,Karnataka,Loyal
17187,Customer 17187,Male,24,Hyderabad,2023-01-04,Telangana,Loyal
17188,Customer 17188,Male,51,Chennai,2023-06-23,Tamil Nadu,Regular
17189,Customer 17189,Female,36,Kolkata,2024-05-29,West Bengal,New
17190,Customer 17190,Female,37,Pune,2022-12-12,Maharashtra,Loyal
17191,Customer 17191,Female,59,Delhi,2024-01-01,Delhi,Regular
17192,Customer 17192,Female,42,Kochi,2024-06-15,Kerala,Regular
17193,Customer 17193,Male,22,Pune,2024-12-03,Maharashtra,Regular
17194,Customer 17194,Female,46,Jaipur,2023-12-25,Rajasthan,Regular
17195,Customer 17195,Male,44,Ahmedabad,2023-07-18,Gujarat,Regular
17196,Customer 17196,Male,42,Mysuru,2025-03-22,Karnataka,Loyal
17197,Customer 17197,Female,54,Ahmedabad,2022-07-21,Gujarat,Regular
17198,Customer 17198,Female,32,Bengaluru,2022-11-17,Karnataka,Loyal
17199,Customer 17199,Female,21,Jaipur,2023-04-09,Rajasthan,Regular
17200,Customer 17200,Male,31,Coimbatore,2024-10-31,Tamil Nadu,Regular
17201,Customer 17201,Female,34,Hyderabad,2025-06-04,Telangana,Regular
17202,Customer 17202,Male,38,Mysuru,2023-09-25,Karnataka,VIP
17203,Customer 17203,Male,33,Noida,2022-11-29,Uttar Pradesh,Regular
17204,Customer 17204,Female,43,Kochi,2022-01-15,Kerala,New
17205,Customer 17205,Female,26,Kochi,2024-12-16,Kerala,Regular
17206,Customer 17206,Female,19,Mysuru,2024-12-23,Karnataka,New
17207,Customer 17207,Female,60,Pune,2022-08-18,Maharashtra,New
17208,Customer 17208,Female,32,Hyderabad,2022-01-11,Telangana,Regular
17209,Customer 17209,Female,52,Kochi,2025-06-01,Kerala,Regular
17210,Customer 17210,Female,41,Pune,2023-06-26,Maharashtra,VIP
17211,Customer 17211,Female,55,Noida,2023-06-06,Uttar Pradesh,New
17212,Customer 17212,Female,31,Ahmedabad,2024-12-13,Gujarat,Loyal
17213,Customer 17213,Other,54,Chennai,2024-02-06,Tamil Nadu,Regular
17214,Customer 17214,Male,54,Hyderabad,2025-03-26,Telangana,Regular
17215,Customer 17215,Female,23,Chennai,2023-10-03,Tamil Nadu,VIP
17216,Customer 17216,Female,35,Bengaluru,2023-07-24,Karnataka,Loyal
17217,Customer 17217,Male,39,Jaipur,2023-02-09,Rajasthan,Regular
17218,Customer 17218,Female,35,Bengaluru,2023-12-08,Karnataka,Loyal
17219,Customer 17219,Male,19,Chennai,2024-07-17,Tamil Nadu,VIP
17220,Customer 17220,Female,49,Kochi,2025-01-17,Kerala,Regular
17221,Customer 17221,Female,34,Jaipur,2023-08-16,Rajasthan,New
17222,Customer 17222,Male,18,Bengaluru,2022-07-05,Karnataka,New
17223,Customer 17223,Male,26,Hyderabad,2024-06-13,Telangana,Loyal
17224,Customer 17224,Female,30,Delhi,2022-03-20,Delhi,Loyal
17225,Customer 17225,Male,53,Mumbai,2022-05-25,Maharashtra,Loyal
17226,Customer 17226,Male,54,Jaipur,2022-01-14,Rajasthan,New
17227,Customer 17227,Male,47,Bengaluru,2022-01-02,Karnataka,VIP
17228,Customer 17228,Female,48,Bengaluru,2023-05-31,Karnataka,Regular
17229,Customer 17229,Female,40,Pune,2024-01-26,Maharashtra,Regular
17230,Customer 17230,Female,45,Chennai,2022-03-07,Tamil Nadu,New
17231,Customer 17231,Male,27,Nagpur,2022-09-03,Maharashtra,VIP
17232,Customer 17232,Female,42,Coimbatore,2023-07-26,Tamil Nadu,Regular
17233,Customer 17233,Female,53,Jaipur,2025-06-09,Rajasthan,Regular
17234,Customer 17234,Male,43,Kolkata,2023-03-12,West Bengal,VIP
17235,Customer 17235,Female,43,Kolkata,2022-12-19,West Bengal,Loyal
17236,Customer 17236,Female,62,Mysuru,2023-11-10,Karnataka,Regular
17237,Customer 17237,Female,30,Bengaluru,2023-01-18,Karnataka,VIP
17238,Customer 17238,Male,34,Mysuru,2024-12-19,Karnataka,Loyal
17239,Customer 17239,Male,57,Hyderabad,2023-04-15,Telangana,New
17240,Customer 17240,Male,21,Nagpur,2025-01-11,Maharashtra,Regular
17241,Customer 17241,Male,40,Kochi,2022-03-15,Kerala,Regular
17242,Customer 17242,Female,52,Coimbatore,2022-01-26,Tamil Nadu,Regular
17243,Customer 17243,Male,28,Kochi,2025-06-20,Kerala,Loyal
17244,Customer 17244,Female,29,Chennai,2024-04-14,Tamil Nadu,Regular
17245,Customer 17245,Male,26,Ahmedabad,2023-09-20,Gujarat,Loyal
17246,Customer 17246,Male,32,Mumbai,2025-04-18,Maharashtra,Loyal
17247,Customer 17247,Female,62,Jaipur,2024-02-13,Rajasthan,Regular
17248,Customer 17248,Male,54,Coimbatore,2024-10-05,Tamil Nadu,Loyal
17249,Customer 17249,Female,22,Kochi,2022-09-23,Kerala,Loyal
17250,Customer 17250,Male,36,Jaipur,2023-07-04,Rajasthan,Regular
17251,Customer 17251,Male,28,Coimbatore,2022-03-18,Tamil Nadu,Loyal
17252,Customer 17252,Female,26,Kochi,2024-12-08,Kerala,VIP
17253,Customer 17253,Female,52,Ahmedabad,2024-10-10,Gujarat,New
17254,Customer 17254,Male,44,Mumbai,2025-06-26,Maharashtra,VIP
17255,Customer 17255,Male,30,Delhi,2024-12-31,Delhi,New
17256,Customer 17256,Female,29,Chennai,2023-03-23,Tamil Nadu,Regular
17257,Customer 17257,Female,26,Ahmedabad,2023-05-21,Gujarat,Loyal
17258,Customer 17258,Female,59,Pune,2025-06-30,Maharashtra,Loyal
17259,Customer 17259,Male,45,Mysuru,2024-09-22,Karnataka,Loyal
17260,Customer 17260,Other,30,Jaipur,2024-05-19,Rajasthan,Regular
17261,Customer 17261,Male,37,Kolkata,2022-10-26,West Bengal,Loyal
17262,Customer 17262,Male,30,Bengaluru,2024-01-04,Karnataka,Loyal
17263,Customer 17263,Female,44,Coimbatore,2024-12-19,Tamil Nadu,Regular
17264,Customer 17264,Male,43,Hyderabad,2022-06-06,Telangana,Regular
17265,Customer 17265,Male,46,Kolkata,2022-12-08,West Bengal,Loyal
17266,Customer 17266,Male,46,Kochi,2024-08-31,Kerala,Regular
17267,Customer 17267,Male,39,Kolkata,2024-06-12,West Bengal,Regular
17268,Customer 17268,Female,26,Mumbai,2025-05-10,Maharashtra,New
17269,Customer 17269,Female,41,Mysuru,2024-11-24,Karnataka,Loyal
17270,Customer 17270,Male,59,Nagpur,2024-07-05,Maharashtra,New
17271,Customer 17271,Female,36,Mumbai,2025-04-03,Maharashtra,Regular
17272,Customer 17272,Female,55,Ahmedabad,2024-11-17,Gujarat,Regular
17273,Customer 17273,Female,48,Nagpur,2022-11-10,Maharashtra,New
17274,Customer 17274,Male,56,Kochi,2023-04-20,Kerala,Regular
17275,Customer 17275,Other,32,Chennai,2023-08-20,Tamil Nadu,Regular
17276,Customer 17276,Female,49,Kochi,2023-09-28,Kerala,Regular
17277,Customer 17277,Male,63,Coimbatore,2023-03-21,Tamil Nadu,Regular
17278,Customer 17278,Male,63,Hyderabad,2025-05-15,Telangana,VIP
17279,Customer 17279,Male,46,Jaipur,2023-02-21,Rajasthan,New
17280,Customer 17280,Female,51,Kolkata,2023-03-15,West Bengal,Loyal
17281,Customer 17281,Male,26,Bengaluru,2022-06-14,Karnataka,Loyal
17282,Customer 17282,Female,52,Nagpur,2023-02-24,Maharashtra,New
17283,Customer 17283,Male,23,Mysuru,2024-09-14,Karnataka,Regular
17284,Customer 17284,Female,54,Delhi,2023-04-27,Delhi,VIP
17285,Customer 17285,Male,31,Jaipur,2023-06-01,Rajasthan,Regular
17286,Customer 17286,Female,64,Chennai,2022-03-23,Tamil Nadu,New
17287,Customer 17287,Female,26,Delhi,2022-04-29,Delhi,Regular
17288,Customer 17288,Male,36,Chennai,2025-05-23,Tamil Nadu,Regular
17289,Customer 17289,Male,40,Pune,2022-01-28,Maharashtra,Loyal
17290,Customer 17290,Male,58,Jaipur,2024-02-20,Rajasthan,Loyal
17291,Customer 17291,Female,45,Mysuru,2023-05-13,Karnataka,New
17292,Customer 17292,Female,33,Ahmedabad,2023-06-21,Gujarat,Regular
17293,Customer 17293,Male,43,Kolkata,2023-06-03,West Bengal,Regular
17294,Customer 17294,Male,55,Delhi,2022-07-13,Delhi,VIP
17295,Customer 17295,Male,57,Hyderabad,2023-08-15,Telangana,Regular
17296,Customer 17296,Female,42,Coimbatore,2023-03-18,Tamil Nadu,Loyal
17297,Customer 17297,Female,52,Mumbai,2024-11-25,Maharashtra,Regular
17298,Customer 17298,Female,22,Bengaluru,2022-09-15,Karnataka,Loyal
17299,Customer 17299,Male,24,Ahmedabad,2022-04-23,Gujarat,Regular
17300,Customer 17300,Male,40,Coimbatore,2022-01-14,Tamil Nadu,Loyal
17301,Customer 17301,Female,42,Kolkata,2024-06-29,West Bengal,Regular
17302,Customer 17302,Male,18,Coimbatore,2022-05-20,Tamil Nadu,Loyal
17303,Customer 17303,Female,39,Chennai,2025-01-25,Tamil Nadu,Regular
17304,Customer 17304,Male,21,Hyderabad,2023-11-28,Telangana,Loyal
17305,Customer 17305,Male,45,Kolkata,2024-05-19,West Bengal,Regular
17306,Customer 17306,Female,31,Jaipur,2022-07-08,Rajasthan,New
17307,Customer 17307,Other,50,Chennai,2022-03-23,Tamil Nadu,Regular
17308,Customer 17308,Female,21,Noida,2025-04-18,Uttar Pradesh,Regular
17309,Customer 17309,Male,59,Nagpur,2024-08-15,Maharashtra,New
17310,Customer 17310,Male,28,Bengaluru,2024-06-16,Karnataka,New
17311,Customer 17311,Female,56,Kochi,2024-08-24,Kerala,Regular
17312,Customer 17312,Female,49,Nagpur,2025-02-02,Maharashtra,Regular
17313,Customer 17313,Female,21,Mumbai,2023-01-16,Maharashtra,Regular
17314,Customer 17314,Male,18,Noida,2023-12-23,Uttar Pradesh,Regular
17315,Customer 17315,Female,43,Mysuru,2022-11-25,Karnataka,New
17316,Customer 17316,Female,50,Mumbai,2025-06-26,Maharashtra,New
17317,Customer 17317,Female,34,Mumbai,2022-03-13,Maharashtra,Loyal
17318,Customer 17318,Female,44,Pune,2022-05-13,Maharashtra,New
17319,Customer 17319,Male,59,Jaipur,2025-06-17,Rajasthan,Loyal
17320,Customer 17320,Female,22,Bengaluru,2025-01-06,Karnataka,Regular
17321,Customer 17321,Female,24,Chennai,2023-07-24,Tamil Nadu,VIP
17322,Customer 17322,Female,42,Hyderabad,2023-04-06,Telangana,New
17323,Customer 17323,Female,25,Jaipur,2022-05-05,Rajasthan,Loyal
17324,Customer 17324,Female,51,Nagpur,2024-10-31,Maharashtra,Regular
17325,Customer 17325,Female,58,Mumbai,2024-07-29,Maharashtra,New
17326,Customer 17326,Male,21,Nagpur,2022-01-27,Maharashtra,Regular
17327,Customer 17327,Male,29,Ahmedabad,2022-07-26,Gujarat,Regular
17328,Customer 17328,Male,48,Nagpur,2025-05-30,Maharashtra,Regular
17329,Customer 17329,Male,28,Mysuru,2022-11-08,Karnataka,Regular
17330,Customer 17330,Male,54,Kolkata,2023-01-17,West Bengal,Loyal
17331,Customer 17331,Male,61,Ahmedabad,2025-05-16,Gujarat,Regular
17332,Customer 17332,Male,53,Ahmedabad,2022-10-23,Gujarat,Regular
17333,Customer 17333,Male,62,Bengaluru,2023-02-06,Karnataka,Loyal
17334,Customer 17334,Male,39,Jaipur,2022-05-02,Rajasthan,Loyal
17335,Customer 17335,Male,18,Bengaluru,2024-01-21,Karnataka,New
17336,Customer 17336,Female,21,Delhi,2022-04-16,Delhi,Loyal
17337,Customer 17337,Female,53,Coimbatore,2024-03-01,Tamil Nadu,Regular
17338,Customer 17338,Male,25,Bengaluru,2024-11-25,Karnataka,New
17339,Customer 17339,Female,42,Nagpur,2022-03-13,Maharashtra,Regular
17340,Customer 17340,Female,45,Chennai,2023-07-22,Tamil Nadu,New
17341,Customer 17341,Male,55,Nagpur,2025-04-05,Maharashtra,Regular
17342,Customer 17342,Female,53,Chennai,2025-05-29,Tamil Nadu,Regular
17343,Customer 17343,Female,53,Kolkata,2022-03-17,West Bengal,Regular
17344,Customer 17344,Female,60,Jaipur,2023-12-23,Rajasthan,Regular
17345,Customer 17345,Male,58,Kolkata,2024-10-06,West Bengal,Loyal
17346,Customer 17346,Female,63,Jaipur,2025-05-19,Rajasthan,Regular
17347,Customer 17347,Male,21,Jaipur,2022-08-16,Rajasthan,Loyal
17348,Customer 17348,Female,30,Ahmedabad,2023-03-29,Gujarat,Loyal
17349,Customer 17349,Other,55,Delhi,2024-02-05,Delhi,Loyal
17350,Customer 17350,Female,62,Chennai,2023-05-02,Tamil Nadu,Loyal
17351,Customer 17351,Female,42,Ahmedabad,2023-10-30,Gujarat,New
17352,Customer 17352,Male,20,Bengaluru,2024-04-09,Karnataka,Regular
17353,Customer 17353,Other,49,Mysuru,2024-03-01,Karnataka,Regular
17354,Customer 17354,Female,56,Jaipur,2024-08-28,Rajasthan,Regular
17355,Customer 17355,Male,18,Chennai,2023-05-05,Tamil Nadu,New
17356,Customer 17356,Female,28,Kolkata,2023-01-11,West Bengal,Regular
17357,Customer 17357,Male,19,Nagpur,2022-08-19,Maharashtra,VIP
17358,Customer 17358,Male,22,Hyderabad,2023-12-03,Telangana,Regular
17359,Customer 17359,Female,39,Bengaluru,2025-06-02,Karnataka,Regular
17360,Customer 17360,Male,63,Hyderabad,2023-04-20,Telangana,New
17361,Customer 17361,Female,30,Noida,2025-01-08,Uttar Pradesh,Loyal
17362,Customer 17362,Male,40,Noida,2025-05-18,Uttar Pradesh,Regular
17363,Customer 17363,Male,64,Nagpur,2025-04-10,Maharashtra,New
17364,Customer 17364,Female,48,Noida,2025-01-17,Uttar Pradesh,VIP
17365,Customer 17365,Male,52,Coimbatore,2022-08-14,Tamil Nadu,Loyal
17366,Customer 17366,Female,55,Kolkata,2022-05-23,West Bengal,Loyal
17367,Customer 17367,Female,58,Jaipur,2023-12-09,Rajasthan,VIP
17368,Customer 17368,Female,52,Ahmedabad,2022-02-23,Gujarat,Regular
17369,Customer 17369,Female,62,Delhi,2022-07-15,Delhi,Loyal
17370,Customer 17370,Female,30,Bengaluru,2024-04-24,Karnataka,Regular
17371,Customer 17371,Male,24,Hyderabad,2022-10-25,Telangana,Loyal
17372,Customer 17372,Female,22,Nagpur,2023-06-21,Maharashtra,New
17373,Customer 17373,Male,46,Coimbatore,2023-08-02,Tamil Nadu,New
17374,Customer 17374,Female,25,Nagpur,2023-05-15,Maharashtra,Regular
17375,Customer 17375,Female,25,Ahmedabad,2023-09-16,Gujarat,New
17376,Customer 17376,Female,24,Coimbatore,2024-04-20,Tamil Nadu,Regular
17377,Customer 17377,Female,36,Kochi,2022-07-25,Kerala,Regular
17378,Customer 17378,Female,56,Kolkata,2024-05-29,West Bengal,Regular
17379,Customer 17379,Female,40,Noida,2025-03-06,Uttar Pradesh,New
17380,Customer 17380,Female,53,Noida,2023-02-12,Uttar Pradesh,New
17381,Customer 17381,Male,59,Kolkata,2022-10-06,West Bengal,Regular
17382,Customer 17382,Male,49,Kolkata,2023-11-08,West Bengal,Loyal
17383,Customer 17383,Male,62,Chennai,2024-07-29,Tamil Nadu,New
17384,Customer 17384,Female,21,Pune,2022-09-28,Maharashtra,Regular
17385,Customer 17385,Male,47,Kolkata,2023-03-17,West Bengal,Loyal
17386,Customer 17386,Male,59,Nagpur,2025-06-05,Maharashtra,New
17387,Customer 17387,Male,56,Chennai,2022-05-07,Tamil Nadu,Regular
17388,Customer 17388,Female,22,Kochi,2023-05-02,Kerala,Regular
17389,Customer 17389,Female,20,Bengaluru,2023-07-02,Karnataka,Loyal
17390,Customer 17390,Male,39,Chennai,2025-03-24,Tamil Nadu,New
17391,Customer 17391,Male,45,Mumbai,2024-09-12,Maharashtra,Regular
17392,Customer 17392,Male,39,Noida,2024-07-25,Uttar Pradesh,Loyal
17393,Customer 17393,Male,39,Ahmedabad,2024-02-11,Gujarat,Regular
17394,Customer 17394,Male,51,Mumbai,2022-01-19,Maharashtra,Regular
17395,Customer 17395,Female,46,Nagpur,2023-03-01,Maharashtra,New
17396,Customer 17396,Other,60,Hyderabad,2024-07-24,Telangana,VIP
17397,Customer 17397,Male,59,Hyderabad,2022-02-27,Telangana,Loyal
17398,Customer 17398,Male,30,Kolkata,2023-02-27,West Bengal,Regular
17399,Customer 17399,Male,24,Bengaluru,2024-04-23,Karnataka,New
17400,Customer 17400,Male,27,Chennai,2025-01-30,Tamil Nadu,New
17401,Customer 17401,Male,45,Hyderabad,2025-01-04,Telangana,Regular
17402,Customer 17402,Male,21,Coimbatore,2022-03-07,Tamil Nadu,Regular
17403,Customer 17403,Male,49,Kolkata,2024-03-25,West Bengal,Regular
17404,Customer 17404,Female,39,Coimbatore,2025-03-20,Tamil Nadu,Regular
17405,Customer 17405,Female,37,Jaipur,2024-06-20,Rajasthan,Loyal
17406,Customer 17406,Female,37,Bengaluru,2023-03-13,Karnataka,Regular
17407,Customer 17407,Male,23,Delhi,2024-02-29,Delhi,Regular
17408,Customer 17408,Female,26,Ahmedabad,2024-12-27,Gujarat,Loyal
17409,Customer 17409,Female,45,Noida,2022-08-23,Uttar Pradesh,Regular
17410,Customer 17410,Male,30,Chennai,2023-11-06,Tamil Nadu,Loyal
17411,Customer 17411,Male,48,Kochi,2022-04-08,Kerala,New
17412,Customer 17412,Female,56,Ahmedabad,2024-10-29,Gujarat,Loyal
17413,Customer 17413,Male,31,Kolkata,2024-07-15,West Bengal,VIP
17414,Customer 17414,Male,39,Nagpur,2024-01-31,Maharashtra,Regular
17415,Customer 17415,Female,54,Mysuru,2023-03-03,Karnataka,Regular
17416,Customer 17416,Female,62,Mysuru,2022-08-15,Karnataka,New
17417,Customer 17417,Male,41,Kochi,2022-01-17,Kerala,Regular
17418,Customer 17418,Female,25,Mysuru,2023-07-17,Karnataka,Regular
17419,Customer 17419,Female,32,Hyderabad,2022-08-16,Telangana,New
17420,Customer 17420,Male,58,Delhi,2023-12-07,Delhi,Loyal
17421,Customer 17421,Female,23,Jaipur,2025-06-15,Rajasthan,Loyal
17422,Customer 17422,Male,40,Delhi,2023-10-31,Delhi,Loyal
17423,Customer 17423,Male,42,Jaipur,2022-09-11,Rajasthan,Regular
17424,Customer 17424,Female,48,Chennai,2022-04-28,Tamil Nadu,Regular
17425,Customer 17425,Male,63,Chennai,2022-02-19,Tamil Nadu,Loyal
17426,Customer 17426,Male,46,Delhi,2025-04-19,Delhi,Regular
17427,Customer 17427,Male,40,Bengaluru,2023-06-27,Karnataka,Loyal
17428,Customer 17428,Female,27,Chennai,2022-11-23,Tamil Nadu,Regular
17429,Customer 17429,Female,26,Bengaluru,2024-08-01,Karnataka,Regular
17430,Customer 17430,Male,30,Kolkata,2025-06-23,West Bengal,New
17431,Customer 17431,Female,49,Mumbai,2023-08-25,Maharashtra,New
17432,Customer 17432,Male,62,Coimbatore,2022-04-12,Tamil Nadu,Regular
17433,Customer 17433,Female,58,Kochi,2025-06-07,Kerala,Regular
17434,Customer 17434,Male,18,Noida,2023-01-23,Uttar Pradesh,Loyal
17435,Customer 17435,Female,18,Kolkata,2025-05-19,West Bengal,Regular
17436,Customer 17436,Other,54,Ahmedabad,2023-10-11,Gujarat,Regular
17437,Customer 17437,Female,57,Chennai,2022-12-05,Tamil Nadu,Regular
17438,Customer 17438,Male,35,Delhi,2022-07-03,Delhi,Regular
17439,Customer 17439,Female,53,Coimbatore,2022-02-25,Tamil Nadu,New
17440,Customer 17440,Male,48,Jaipur,2024-09-05,Rajasthan,New
17441,Customer 17441,Female,18,Coimbatore,2023-07-26,Tamil Nadu,Regular
17442,Customer 17442,Male,64,Pune,2025-02-25,Maharashtra,New
17443,Customer 17443,Male,53,Ahmedabad,2023-12-18,Gujarat,Regular
17444,Customer 17444,Male,26,Kolkata,2024-10-04,West Bengal,Loyal
17445,Customer 17445,Male,39,Delhi,2022-08-04,Delhi,Regular
17446,Customer 17446,Female,45,Noida,2025-01-18,Uttar Pradesh,New
17447,Customer 17447,Female,43,Delhi,2024-08-01,Delhi,VIP
17448,Customer 17448,Female,27,Chennai,2022-11-10,Tamil Nadu,Regular
17449,Customer 17449,Female,64,Jaipur,2022-08-21,Rajasthan,New
17450,Customer 17450,Female,20,Nagpur,2024-01-15,Maharashtra,New
17451,Customer 17451,Male,19,Mumbai,2023-07-29,Maharashtra,Regular
17452,Customer 17452,Male,54,Bengaluru,2024-06-06,Karnataka,Regular
17453,Customer 17453,Male,48,Kochi,2022-09-04,Kerala,New
17454,Customer 17454,Male,50,Kochi,2023-03-18,Kerala,Regular
17455,Customer 17455,Male,49,Nagpur,2022-05-15,Maharashtra,Loyal
17456,Customer 17456,Male,60,Kochi,2024-10-12,Kerala,Regular
17457,Customer 17457,Male,29,Ahmedabad,2024-10-22,Gujarat,Regular
17458,Customer 17458,Male,20,Mumbai,2022-06-10,Maharashtra,Regular
17459,Customer 17459,Female,43,Nagpur,2022-05-20,Maharashtra,New
17460,Customer 17460,Male,31,Kochi,2022-10-31,Kerala,Regular
17461,Customer 17461,Female,29,Kochi,2022-05-05,Kerala,Loyal
17462,Customer 17462,Female,43,Bengaluru,2024-07-25,Karnataka,New
17463,Customer 17463,Female,33,Jaipur,2023-02-11,Rajasthan,VIP
17464,Customer 17464,Male,25,Jaipur,2022-06-13,Rajasthan,Regular
17465,Customer 17465,Male,45,Kochi,2024-05-11,Kerala,Regular
17466,Customer 17466,Male,24,Hyderabad,2022-08-28,Telangana,New
17467,Customer 17467,Male,32,Delhi,2025-05-21,Delhi,Regular
17468,Customer 17468,Male,58,Nagpur,2022-05-29,Maharashtra,Regular
17469,Customer 17469,Female,53,Chennai,2023-08-07,Tamil Nadu,Loyal
17470,Customer 17470,Female,25,Noida,2025-01-31,Uttar Pradesh,Regular
17471,Customer 17471,Female,27,Kolkata,2025-04-21,West Bengal,Regular
17472,Customer 17472,Male,32,Mysuru,2023-05-20,Karnataka,Loyal
17473,Customer 17473,Male,35,Chennai,2023-06-09,Tamil Nadu,New
17474,Customer 17474,Female,63,Bengaluru,2024-02-14,Karnataka,Regular
17475,Customer 17475,Male,54,Noida,2024-11-13,Uttar Pradesh,New
17476,Customer 17476,Female,58,Chennai,2023-12-02,Tamil Nadu,Regular
17477,Customer 17477,Female,62,Coimbatore,2025-03-02,Tamil Nadu,Loyal
17478,Customer 17478,Male,60,Delhi,2024-10-14,Delhi,New
17479,Customer 17479,Male,61,Noida,2022-02-19,Uttar Pradesh,VIP
17480,Customer 17480,Male,52,Coimbatore,2024-08-15,Tamil Nadu,Loyal
17481,Customer 17481,Male,19,Chennai,2023-11-26,Tamil Nadu,Regular
17482,Customer 17482,Male,39,Mumbai,2022-01-26,Maharashtra,New
17483,Customer 17483,Male,32,Pune,2023-10-12,Maharashtra,Loyal
17484,Customer 17484,Male,54,Mumbai,2022-01-11,Maharashtra,Loyal
17485,Customer 17485,Female,56,Delhi,2024-03-18,Delhi,New
17486,Customer 17486,Female,53,Noida,2025-01-30,Uttar Pradesh,Loyal
17487,Customer 17487,Male,22,Noida,2022-01-11,Uttar Pradesh,Loyal
17488,Customer 17488,Female,32,Delhi,2025-02-09,Delhi,Regular
17489,Customer 17489,Female,44,Coimbatore,2024-02-11,Tamil Nadu,Loyal
17490,Customer 17490,Female,33,Jaipur,2024-02-09,Rajasthan,Regular
17491,Customer 17491,Female,53,Pune,2024-08-30,Maharashtra,Regular
17492,Customer 17492,Male,55,Chennai,2025-04-05,Tamil Nadu,Regular
17493,Customer 17493,Male,35,Kolkata,2023-02-11,West Bengal,New
17494,Customer 17494,Female,52,Bengaluru,2024-12-04,Karnataka,Loyal
17495,Customer 17495,Female,42,Mumbai,2024-04-21,Maharashtra,New
17496,Customer 17496,Female,39,Mumbai,2023-12-18,Maharashtra,Regular
17497,Customer 17497,Other,48,Ahmedabad,2022-12-25,Gujarat,Loyal
17498,Customer 17498,Female,54,Mysuru,2023-07-08,Karnataka,Regular
17499,Customer 17499,Male,51,Ahmedabad,2022-10-12,Gujarat,Regular
17500,Customer 17500,Male,40,Pune,2023-02-04,Maharashtra,Regular
17501,Customer 17501,Male,33,Bengaluru,2023-01-23,Karnataka,Regular
17502,Customer 17502,Female,23,Mumbai,2024-02-23,Maharashtra,Loyal
17503,Customer 17503,Female,32,Bengaluru,2023-03-01,Karnataka,Regular
17504,Customer 17504,Female,35,Kolkata,2024-10-26,West Bengal,Regular
17505,Customer 17505,Female,55,Chennai,2023-03-17,Tamil Nadu,Regular
17506,Customer 17506,Female,30,Noida,2022-12-22,Uttar Pradesh,New
17507,Customer 17507,Female,41,Bengaluru,2024-07-07,Karnataka,New
17508,Customer 17508,Female,30,Mumbai,2024-02-04,Maharashtra,New
17509,Customer 17509,Male,18,Coimbatore,2023-07-08,Tamil Nadu,Regular
17510,Customer 17510,Female,53,Kochi,2022-09-25,Kerala,Regular
17511,Customer 17511,Female,35,Pune,2024-09-18,Maharashtra,New
17512,Customer 17512,Male,50,Delhi,2025-05-25,Delhi,New
17513,Customer 17513,Male,55,Jaipur,2022-03-05,Rajasthan,Regular
17514,Customer 17514,Female,60,Nagpur,2023-03-18,Maharashtra,Loyal
17515,Customer 17515,Male,23,Hyderabad,2023-06-25,Telangana,Regular
17516,Customer 17516,Male,34,Jaipur,2023-04-15,Rajasthan,New
17517,Customer 17517,Male,21,Hyderabad,2025-05-24,Telangana,Loyal
17518,Customer 17518,Female,31,Nagpur,2024-05-27,Maharashtra,Loyal
17519,Customer 17519,Female,47,Bengaluru,2025-05-02,Karnataka,Regular
17520,Customer 17520,Male,63,Pune,2023-12-13,Maharashtra,Regular
17521,Customer 17521,Male,37,Bengaluru,2022-01-13,Karnataka,Regular
17522,Customer 17522,Other,25,Kolkata,2022-08-10,West Bengal,VIP
17523,Customer 17523,Female,19,Kolkata,2024-05-30,West Bengal,Regular
17524,Customer 17524,Female,54,Kolkata,2024-04-18,West Bengal,VIP
17525,Customer 17525,Male,21,Kochi,2024-01-22,Kerala,New
17526,Customer 17526,Male,27,Delhi,2022-09-27,Delhi,Regular
17527,Customer 17527,Male,37,Pune,2024-01-02,Maharashtra,Loyal
17528,Customer 17528,Female,52,Ahmedabad,2024-04-23,Gujarat,Loyal
17529,Customer 17529,Male,27,Ahmedabad,2023-09-08,Gujarat,Loyal
17530,Customer 17530,Male,45,Jaipur,2022-03-06,Rajasthan,Loyal
17531,Customer 17531,Male,32,Nagpur,2024-11-27,Maharashtra,Loyal
17532,Customer 17532,Male,53,Kolkata,2022-01-28,West Bengal,Regular
17533,Customer 17533,Female,18,Kolkata,2022-08-25,West Bengal,Regular
17534,Customer 17534,Male,39,Bengaluru,2025-02-23,Karnataka,Regular
17535,Customer 17535,Female,44,Mysuru,2023-01-19,Karnataka,Regular
17536,Customer 17536,Female,46,Mumbai,2022-11-22,Maharashtra,Regular
17537,Customer 17537,Male,32,Coimbatore,2022-03-26,Tamil Nadu,Regular
17538,Customer 17538,Female,27,Kochi,2024-01-19,Kerala,New
17539,Customer 17539,Female,37,Noida,2022-09-03,Uttar Pradesh,New
17540,Customer 17540,Female,39,Coimbatore,2023-01-23,Tamil Nadu,Loyal
17541,Customer 17541,Male,26,Delhi,2024-07-17,Delhi,New
17542,Customer 17542,Male,49,Bengaluru,2022-09-23,Karnataka,New
17543,Customer 17543,Male,34,Kochi,2024-01-31,Kerala,Regular
17544,Customer 17544,Female,59,Kochi,2024-03-14,Kerala,Regular
17545,Customer 17545,Female,36,Chennai,2025-05-13,Tamil Nadu,Regular
17546,Customer 17546,Female,57,Kolkata,2022-08-16,West Bengal,New
17547,Customer 17547,Male,44,Pune,2022-08-28,Maharashtra,New
17548,Customer 17548,Male,54,Ahmedabad,2025-01-01,Gujarat,Loyal
17549,Customer 17549,Female,51,Ahmedabad,2023-01-23,Gujarat,Loyal
17550,Customer 17550,Male,64,Kochi,2023-01-13,Kerala,New
17551,Customer 17551,Female,27,Bengaluru,2022-07-31,Karnataka,Loyal
17552,Customer 17552,Male,47,Pune,2024-03-05,Maharashtra,Regular
17553,Customer 17553,Male,38,Noida,2023-11-07,Uttar Pradesh,Loyal
17554,Customer 17554,Male,38,Mysuru,2023-10-11,Karnataka,Regular
17555,Customer 17555,Male,51,Coimbatore,2022-06-20,Tamil Nadu,Regular
17556,Customer 17556,Male,26,Jaipur,2025-03-21,Rajasthan,Loyal
17557,Customer 17557,Male,51,Mumbai,2024-03-19,Maharashtra,Regular
17558,Customer 17558,Male,29,Noida,2022-04-14,Uttar Pradesh,Regular
17559,Customer 17559,Male,64,Noida,2025-05-30,Uttar Pradesh,Regular
17560,Customer 17560,Male,38,Coimbatore,2023-01-07,Tamil Nadu,Loyal
17561,Customer 17561,Female,37,Noida,2022-05-09,Uttar Pradesh,Regular
17562,Customer 17562,Male,23,Jaipur,2022-08-08,Rajasthan,Regular
17563,Customer 17563,Female,62,Chennai,2025-04-11,Tamil Nadu,Loyal
17564,Customer 17564,Female,53,Chennai,2023-04-17,Tamil Nadu,Loyal
17565,Customer 17565,Female,29,Ahmedabad,2024-09-14,Gujarat,Regular
17566,Customer 17566,Female,58,Hyderabad,2023-08-31,Telangana,Regular
17567,Customer 17567,Male,48,Hyderabad,2024-12-11,Telangana,Regular
17568,Customer 17568,Female,19,Chennai,2022-04-04,Tamil Nadu,New
17569,Customer 17569,Female,33,Nagpur,2024-11-10,Maharashtra,Loyal
17570,Customer 17570,Female,18,Mysuru,2022-04-16,Karnataka,Loyal
17571,Customer 17571,Male,21,Pune,2025-05-08,Maharashtra,Regular
17572,Customer 17572,Male,64,Kochi,2023-09-04,Kerala,New
17573,Customer 17573,Male,18,Mysuru,2024-04-28,Karnataka,New
17574,Customer 17574,Female,64,Kochi,2025-06-22,Kerala,Regular
17575,Customer 17575,Female,52,Delhi,2024-08-05,Delhi,Regular
17576,Customer 17576,Male,30,Noida,2024-05-03,Uttar Pradesh,Regular
17577,Customer 17577,Female,62,Mumbai,2023-03-05,Maharashtra,Regular
17578,Customer 17578,Female,59,Noida,2024-11-27,Uttar Pradesh,New
17579,Customer 17579,Male,48,Mysuru,2022-10-29,Karnataka,Regular
17580,Customer 17580,Female,37,Ahmedabad,2023-10-01,Gujarat,Regular
17581,Customer 17581,Female,24,Chennai,2022-03-12,Tamil Nadu,Regular
17582,Customer 17582,Male,57,Kochi,2023-10-08,Kerala,Regular
17583,Customer 17583,Female,50,Kolkata,2023-06-09,West Bengal,Regular
17584,Customer 17584,Male,45,Coimbatore,2022-06-23,Tamil Nadu,Loyal
17585,Customer 17585,Female,61,Delhi,2022-03-31,Delhi,Loyal
17586,Customer 17586,Female,61,Chennai,2023-01-03,Tamil Nadu,Loyal
17587,Customer 17587,Female,37,Mysuru,2024-03-11,Karnataka,New
17588,Customer 17588,Male,49,Ahmedabad,2025-05-15,Gujarat,Regular
17589,Customer 17589,Male,26,Coimbatore,2024-12-21,Tamil Nadu,Regular
17590,Customer 17590,Male,51,Jaipur,2022-11-15,Rajasthan,Loyal
17591,Customer 17591,Female,31,Mumbai,2024-04-03,Maharashtra,Loyal
17592,Customer 17592,Male,21,Kolkata,2023-07-05,West Bengal,Loyal
17593,Customer 17593,Female,46,Kochi,2022-03-01,Kerala,New
17594,Customer 17594,Male,32,Mysuru,2025-02-02,Karnataka,Loyal
17595,Customer 17595,Male,34,Pune,2025-06-16,Maharashtra,Loyal
17596,Customer 17596,Male,36,Bengaluru,2022-05-07,Karnataka,New
17597,Customer 17597,Female,55,Coimbatore,2022-03-24,Tamil Nadu,Regular
17598,Customer 17598,Female,26,Mysuru,2025-05-28,Karnataka,Regular
17599,Customer 17599,Male,44,Ahmedabad,2024-08-03,Gujarat,Regular
17600,Customer 17600,Male,32,Chennai,2023-08-09,Tamil Nadu,Regular
17601,Customer 17601,Female,54,Pune,2023-10-09,Maharashtra,Loyal
17602,Customer 17602,Male,45,Nagpur,2024-06-08,Maharashtra,Loyal
17603,Customer 17603,Female,21,Coimbatore,2023-07-28,Tamil Nadu,VIP
17604,Customer 17604,Female,38,Kolkata,2023-05-28,West Bengal,Regular
17605,Customer 17605,Female,51,Pune,2025-01-07,Maharashtra,Regular
17606,Customer 17606,Female,36,Ahmedabad,2022-03-06,Gujarat,Loyal
17607,Customer 17607,Female,54,Chennai,2022-07-02,Tamil Nadu,Regular
17608,Customer 17608,Female,21,Mysuru,2024-12-25,Karnataka,New
17609,Customer 17609,Female,54,Noida,2024-04-14,Uttar Pradesh,Loyal
17610,Customer 17610,Female,49,Mumbai,2025-05-16,Maharashtra,Regular
17611,Customer 17611,Male,62,Ahmedabad,2022-02-23,Gujarat,New
17612,Customer 17612,Male,29,Kolkata,2025-05-29,West Bengal,New
17613,Customer 17613,Male,58,Noida,2022-08-24,Uttar Pradesh,VIP
17614,Customer 17614,Female,33,Kolkata,2024-06-07,West Bengal,Regular
17615,Customer 17615,Female,31,Bengaluru,2023-09-04,Karnataka,Regular
17616,Customer 17616,Male,18,Kolkata,2024-08-16,West Bengal,VIP
17617,Customer 17617,Male,49,Pune,2023-03-14,Maharashtra,Regular
17618,Customer 17618,Male,38,Bengaluru,2024-09-30,Karnataka,New
17619,Customer 17619,Female,21,Mumbai,2025-01-31,Maharashtra,Regular
17620,Customer 17620,Female,26,Pune,2023-11-25,Maharashtra,New
17621,Customer 17621,Female,63,Jaipur,2024-08-20,Rajasthan,New
17622,Customer 17622,Male,39,Hyderabad,2025-02-05,Telangana,Loyal
17623,Customer 17623,Female,29,Chennai,2023-06-08,Tamil Nadu,Regular
17624,Customer 17624,Male,47,Pune,2023-02-08,Maharashtra,Loyal
17625,Customer 17625,Female,47,Ahmedabad,2022-12-09,Gujarat,Regular
17626,Customer 17626,Male,49,Chennai,2024-03-10,Tamil Nadu,Regular
17627,Customer 17627,Female,53,Noida,2022-08-02,Uttar Pradesh,Regular
17628,Customer 17628,Male,24,Delhi,2024-10-20,Delhi,New
17629,Customer 17629,Male,34,Coimbatore,2022-11-18,Tamil Nadu,Regular
17630,Customer 17630,Female,18,Delhi,2025-01-06,Delhi,Regular
17631,Customer 17631,Male,31,Mysuru,2024-12-14,Karnataka,Regular
17632,Customer 17632,Male,64,Coimbatore,2024-02-23,Tamil Nadu,Loyal
17633,Customer 17633,Female,61,Kolkata,2024-05-05,West Bengal,New
17634,Customer 17634,Female,61,Kochi,2024-12-30,Kerala,Regular
17635,Customer 17635,Male,55,Coimbatore,2024-12-27,Tamil Nadu,Loyal
17636,Customer 17636,Female,43,Ahmedabad,2022-06-29,Gujarat,Regular
17637,Customer 17637,Female,44,Ahmedabad,2023-01-15,Gujarat,Loyal
17638,Customer 17638,Male,62,Nagpur,2024-07-21,Maharashtra,Regular
17639,Customer 17639,Male,33,Coimbatore,2023-03-26,Tamil Nadu,VIP
17640,Customer 17640,Male,63,Mumbai,2022-05-11,Maharashtra,Regular
17641,Customer 17641,Female,24,Delhi,2025-06-11,Delhi,VIP
17642,Customer 17642,Male,49,Noida,2024-06-22,Uttar Pradesh,Regular
17643,Customer 17643,Male,42,Jaipur,2025-03-23,Rajasthan,Loyal
17644,Customer 17644,Female,48,Chennai,2022-11-26,Tamil Nadu,Loyal
17645,Customer 17645,Female,33,Mysuru,2023-09-29,Karnataka,Regular
17646,Customer 17646,Male,58,Coimbatore,2022-02-22,Tamil Nadu,Loyal
17647,Customer 17647,Female,31,Mysuru,2023-04-13,Karnataka,Regular
17648,Customer 17648,Male,42,Noida,2023-10-02,Uttar Pradesh,Regular
17649,Customer 17649,Male,47,Mysuru,2023-02-17,Karnataka,Regular
17650,Customer 17650,Female,24,Kolkata,2024-11-03,West Bengal,New
17651,Customer 17651,Female,29,Noida,2023-05-11,Uttar Pradesh,Regular
17652,Customer 17652,Male,20,Kolkata,2023-01-03,West Bengal,VIP
17653,Customer 17653,Female,44,Coimbatore,2023-06-23,Tamil Nadu,Loyal
17654,Customer 17654,Female,63,Noida,2023-09-29,Uttar Pradesh,Loyal
17655,Customer 17655,Male,36,Coimbatore,2023-05-30,Tamil Nadu,Regular
17656,Customer 17656,Female,60,Jaipur,2023-04-26,Rajasthan,Regular
17657,Customer 17657,Male,54,Kolkata,2023-02-18,West Bengal,New
17658,Customer 17658,Other,62,Nagpur,2022-08-16,Maharashtra,Regular
17659,Customer 17659,Female,59,Nagpur,2022-05-17,Maharashtra,New
17660,Customer 17660,Male,24,Noida,2025-06-17,Uttar Pradesh,Loyal
17661,Customer 17661,Male,33,Ahmedabad,2024-03-01,Gujarat,Loyal
17662,Customer 17662,Male,49,Jaipur,2024-04-14,Rajasthan,Regular
17663,Customer 17663,Male,25,Nagpur,2023-04-17,Maharashtra,New
17664,Customer 17664,Male,30,Chennai,2023-06-02,Tamil Nadu,Regular
17665,Customer 17665,Male,28,Ahmedabad,2022-11-01,Gujarat,Regular
17666,Customer 17666,Female,37,Chennai,2023-10-17,Tamil Nadu,Regular
17667,Customer 17667,Male,35,Jaipur,2022-06-30,Rajasthan,Regular
17668,Customer 17668,Female,54,Jaipur,2022-01-30,Rajasthan,Regular
17669,Customer 17669,Female,23,Nagpur,2024-08-29,Maharashtra,Loyal
17670,Customer 17670,Male,37,Nagpur,2024-02-04,Maharashtra,Regular
17671,Customer 17671,Female,49,Hyderabad,2022-02-09,Telangana,Loyal
17672,Customer 17672,Male,63,Hyderabad,2022-07-06,Telangana,Regular
17673,Customer 17673,Male,61,Coimbatore,2022-11-15,Tamil Nadu,Regular
17674,Customer 17674,Female,46,Noida,2025-06-04,Uttar Pradesh,Loyal
17675,Customer 17675,Male,21,Bengaluru,2024-01-02,Karnataka,Regular
17676,Customer 17676,Female,24,Bengaluru,2024-06-10,Karnataka,New
17677,Customer 17677,Female,60,Nagpur,2022-11-20,Maharashtra,New
17678,Customer 17678,Female,37,Mysuru,2024-07-31,Karnataka,Loyal
17679,Customer 17679,Female,51,Nagpur,2024-12-02,Maharashtra,Regular
17680,Customer 17680,Female,53,Jaipur,2023-10-18,Rajasthan,Regular
17681,Customer 17681,Male,24,Hyderabad,2022-06-23,Telangana,New
17682,Customer 17682,Male,50,Coimbatore,2023-11-16,Tamil Nadu,New
17683,Customer 17683,Female,32,Jaipur,2024-11-30,Rajasthan,Loyal
17684,Customer 17684,Male,49,Nagpur,2023-02-13,Maharashtra,Loyal
17685,Customer 17685,Male,39,Delhi,2022-06-29,Delhi,Regular
17686,Customer 17686,Male,57,Ahmedabad,2024-05-03,Gujarat,Regular
17687,Customer 17687,Female,46,Kochi,2025-03-28,Kerala,VIP
17688,Customer 17688,Male,42,Jaipur,2022-02-06,Rajasthan,Regular
17689,Customer 17689,Female,22,Mysuru,2023-02-10,Karnataka,Loyal
17690,Customer 17690,Male,31,Delhi,2023-06-23,Delhi,New
17691,Customer 17691,Male,52,Coimbatore,2023-01-11,Tamil Nadu,Regular
17692,Customer 17692,Male,19,Coimbatore,2022-09-13,Tamil Nadu,Loyal
17693,Customer 17693,Male,42,Chennai,2022-10-05,Tamil Nadu,Regular
17694,Customer 17694,Female,33,Pune,2022-09-06,Maharashtra,Loyal
17695,Customer 17695,Male,63,Delhi,2023-11-24,Delhi,Loyal
17696,Customer 17696,Male,33,Chennai,2024-11-06,Tamil Nadu,New
17697,Customer 17697,Female,28,Hyderabad,2022-05-05,Telangana,Loyal
17698,Customer 17698,Male,52,Mumbai,2022-07-31,Maharashtra,New
17699,Customer 17699,Male,40,Mysuru,2023-04-17,Karnataka,Loyal
17700,Customer 17700,Male,22,Ahmedabad,2024-01-19,Gujarat,VIP
17701,Customer 17701,Other,52,Mumbai,2023-05-15,Maharashtra,VIP
17702,Customer 17702,Female,46,Noida,2024-03-21,Uttar Pradesh,Loyal
17703,Customer 17703,Male,64,Kolkata,2024-06-07,West Bengal,Regular
17704,Customer 17704,Male,22,Kochi,2025-04-19,Kerala,Loyal
17705,Customer 17705,Male,20,Hyderabad,2025-04-25,Telangana,Loyal
17706,Customer 17706,Male,23,Hyderabad,2025-03-03,Telangana,New
17707,Customer 17707,Female,40,Mumbai,2022-06-24,Maharashtra,New
17708,Customer 17708,Female,63,Delhi,2022-11-13,Delhi,Regular
17709,Customer 17709,Male,19,Pune,2024-09-27,Maharashtra,New
17710,Customer 17710,Female,35,Ahmedabad,2024-04-03,Gujarat,Loyal
17711,Customer 17711,Male,47,Delhi,2024-05-19,Delhi,Regular
17712,Customer 17712,Male,55,Mumbai,2024-07-19,Maharashtra,Regular
17713,Customer 17713,Male,22,Ahmedabad,2024-06-05,Gujarat,Regular
17714,Customer 17714,Male,63,Noida,2022-09-26,Uttar Pradesh,Loyal
17715,Customer 17715,Female,28,Kochi,2023-04-15,Kerala,Loyal
17716,Customer 17716,Male,18,Kochi,2022-08-12,Kerala,New
17717,Customer 17717,Male,27,Delhi,2025-06-29,Delhi,Loyal
17718,Customer 17718,Female,58,Bengaluru,2024-12-23,Karnataka,Regular
17719,Customer 17719,Female,61,Delhi,2024-09-01,Delhi,Regular
17720,Customer 17720,Female,43,Coimbatore,2024-06-25,Tamil Nadu,Loyal
17721,Customer 17721,Female,50,Kolkata,2024-04-09,West Bengal,Regular
17722,Customer 17722,Male,44,Chennai,2025-02-21,Tamil Nadu,Regular
17723,Customer 17723,Female,29,Mysuru,2022-08-26,Karnataka,Regular
17724,Customer 17724,Female,19,Kolkata,2022-03-16,West Bengal,New
17725,Customer 17725,Female,18,Delhi,2023-05-15,Delhi,New
17726,Customer 17726,Female,18,Pune,2022-09-25,Maharashtra,New
17727,Customer 17727,Male,50,Kochi,2024-09-13,Kerala,Regular
17728,Customer 17728,Female,39,Jaipur,2024-12-09,Rajasthan,New
17729,Customer 17729,Male,29,Kolkata,2024-12-18,West Bengal,Regular
17730,Customer 17730,Male,56,Kochi,2023-12-24,Kerala,Regular
17731,Customer 17731,Male,53,Ahmedabad,2024-12-31,Gujarat,Loyal
17732,Customer 17732,Female,38,Pune,2022-07-09,Maharashtra,Regular
17733,Customer 17733,Male,37,Kolkata,2024-09-22,West Bengal,VIP
17734,Customer 17734,Female,53,Ahmedabad,2023-07-20,Gujarat,New
17735,Customer 17735,Male,43,Delhi,2024-09-19,Delhi,Loyal
17736,Customer 17736,Female,64,Ahmedabad,2024-01-06,Gujarat,New
17737,Customer 17737,Male,48,Nagpur,2022-06-05,Maharashtra,Loyal
17738,Customer 17738,Female,18,Hyderabad,2023-11-04,Telangana,Regular
17739,Customer 17739,Female,55,Kolkata,2025-01-13,West Bengal,Regular
17740,Customer 17740,Male,31,Delhi,2022-03-10,Delhi,Regular
17741,Customer 17741,Male,43,Hyderabad,2023-01-08,Telangana,New
17742,Customer 17742,Female,63,Bengaluru,2022-02-24,Karnataka,Loyal
17743,Customer 17743,Female,59,Ahmedabad,2022-03-26,Gujarat,Loyal
17744,Customer 17744,Female,24,Mumbai,2024-07-29,Maharashtra,New
17745,Customer 17745,Male,29,Bengaluru,2024-04-20,Karnataka,Loyal
17746,Customer 17746,Female,41,Kochi,2023-08-15,Kerala,New
17747,Customer 17747,Male,36,Delhi,2024-01-02,Delhi,Loyal
17748,Customer 17748,Female,26,Pune,2023-09-14,Maharashtra,VIP
17749,Customer 17749,Female,52,Nagpur,2024-10-05,Maharashtra,New
17750,Customer 17750,Male,21,Noida,2022-11-13,Uttar Pradesh,Regular
17751,Customer 17751,Female,62,Hyderabad,2025-04-02,Telangana,Regular
17752,Customer 17752,Female,59,Chennai,2023-09-17,Tamil Nadu,Regular
17753,Customer 17753,Female,49,Hyderabad,2022-09-09,Telangana,Loyal
17754,Customer 17754,Male,63,Coimbatore,2022-06-01,Tamil Nadu,Loyal
17755,Customer 17755,Male,23,Kochi,2024-06-28,Kerala,VIP
17756,Customer 17756,Female,45,Jaipur,2024-05-15,Rajasthan,New
17757,Customer 17757,Male,45,Jaipur,2023-08-23,Rajasthan,Regular
17758,Customer 17758,Male,57,Mysuru,2024-10-03,Karnataka,Regular
17759,Customer 17759,Other,46,Delhi,2024-08-28,Delhi,Loyal
17760,Customer 17760,Male,59,Bengaluru,2024-10-01,Karnataka,New
17761,Customer 17761,Female,22,Chennai,2025-01-28,Tamil Nadu,VIP
17762,Customer 17762,Male,22,Pune,2025-02-17,Maharashtra,Regular
17763,Customer 17763,Male,54,Pune,2022-10-30,Maharashtra,Regular
17764,Customer 17764,Female,58,Pune,2025-03-18,Maharashtra,Regular
17765,Customer 17765,Female,45,Noida,2025-05-09,Uttar Pradesh,Loyal
17766,Customer 17766,Female,58,Coimbatore,2024-10-23,Tamil Nadu,Regular
17767,Customer 17767,Female,64,Jaipur,2023-02-04,Rajasthan,Loyal
17768,Customer 17768,Female,26,Pune,2022-03-09,Maharashtra,Regular
17769,Customer 17769,Male,46,Ahmedabad,2022-06-03,Gujarat,Regular
17770,Customer 17770,Male,31,Jaipur,2024-10-11,Rajasthan,New
17771,Customer 17771,Male,55,Pune,2022-07-01,Maharashtra,Loyal
17772,Customer 17772,Female,57,Delhi,2023-06-09,Delhi,Regular
17773,Customer 17773,Male,51,Coimbatore,2022-07-08,Tamil Nadu,Loyal
17774,Customer 17774,Male,54,Kolkata,2022-01-20,West Bengal,Regular
17775,Customer 17775,Male,59,Nagpur,2024-04-30,Maharashtra,Regular
17776,Customer 17776,Male,31,Nagpur,2024-06-16,Maharashtra,Regular
17777,Customer 17777,Male,35,Coimbatore,2022-01-10,Tamil Nadu,Regular
17778,Customer 17778,Female,50,Mysuru,2023-12-01,Karnataka,Loyal
17779,Customer 17779,Male,51,Noida,2023-10-17,Uttar Pradesh,Loyal
17780,Customer 17780,Female,45,Kochi,2022-08-29,Kerala,New
17781,Customer 17781,Female,53,Kochi,2022-06-01,Kerala,VIP
17782,Customer 17782,Male,62,Chennai,2024-02-23,Tamil Nadu,Regular
17783,Customer 17783,Female,54,Jaipur,2022-07-07,Rajasthan,Loyal
17784,Customer 17784,Male,40,Ahmedabad,2023-04-09,Gujarat,Regular
17785,Customer 17785,Female,59,Hyderabad,2023-12-23,Telangana,New
17786,Customer 17786,Other,34,Delhi,2025-04-15,Delhi,Regular
17787,Customer 17787,Female,28,Mumbai,2024-06-18,Maharashtra,Regular
17788,Customer 17788,Female,49,Nagpur,2023-12-07,Maharashtra,VIP
17789,Customer 17789,Male,54,Kolkata,2025-04-15,West Bengal,New
17790,Customer 17790,Male,32,Coimbatore,2024-05-30,Tamil Nadu,New
17791,Customer 17791,Female,21,Chennai,2023-02-19,Tamil Nadu,New
17792,Customer 17792,Male,56,Coimbatore,2023-08-01,Tamil Nadu,Regular
17793,Customer 17793,Male,47,Hyderabad,2022-11-06,Telangana,Regular
17794,Customer 17794,Male,27,Chennai,2024-10-22,Tamil Nadu,Regular
17795,Customer 17795,Female,40,Nagpur,2022-11-13,Maharashtra,Regular
17796,Customer 17796,Male,41,Pune,2024-10-16,Maharashtra,New
17797,Customer 17797,Female,53,Ahmedabad,2023-01-03,Gujarat,Regular
17798,Customer 17798,Male,22,Coimbatore,2023-07-09,Tamil Nadu,New
17799,Customer 17799,Male,54,Ahmedabad,2023-08-28,Gujarat,Loyal
17800,Customer 17800,Female,60,Ahmedabad,2025-06-03,Gujarat,Loyal
17801,Customer 17801,Male,36,Ahmedabad,2024-07-24,Gujarat,Loyal
17802,Customer 17802,Female,54,Kolkata,2023-04-25,West Bengal,VIP
17803,Customer 17803,Male,25,Mumbai,2024-09-07,Maharashtra,Loyal
17804,Customer 17804,Male,24,Nagpur,2024-12-22,Maharashtra,Regular
17805,Customer 17805,Male,57,Ahmedabad,2024-07-28,Gujarat,Regular
17806,Customer 17806,Female,30,Kolkata,2022-01-14,West Bengal,Loyal
17807,Customer 17807,Female,54,Bengaluru,2022-01-28,Karnataka,Regular
17808,Customer 17808,Female,44,Jaipur,2022-05-22,Rajasthan,Regular
17809,Customer 17809,Male,35,Kochi,2023-08-13,Kerala,Regular
17810,Customer 17810,Female,41,Mumbai,2023-04-18,Maharashtra,VIP
17811,Customer 17811,Female,58,Mysuru,2025-04-22,Karnataka,Loyal
17812,Customer 17812,Female,19,Noida,2022-11-13,Uttar Pradesh,Regular
17813,Customer 17813,Female,33,Nagpur,2023-03-21,Maharashtra,VIP
17814,Customer 17814,Female,31,Pune,2022-10-23,Maharashtra,VIP
17815,Customer 17815,Male,34,Nagpur,2023-02-08,Maharashtra,Regular
17816,Customer 17816,Female,23,Hyderabad,2024-01-22,Telangana,Loyal
17817,Customer 17817,Male,52,Chennai,2022-09-20,Tamil Nadu,Loyal
17818,Customer 17818,Female,34,Jaipur,2024-04-26,Rajasthan,New
17819,Customer 17819,Male,62,Kochi,2023-01-12,Kerala,Loyal
17820,Customer 17820,Male,55,Coimbatore,2023-08-08,Tamil Nadu,Regular
17821,Customer 17821,Male,57,Ahmedabad,2024-12-27,Gujarat,Loyal
17822,Customer 17822,Male,23,Chennai,2024-03-09,Tamil Nadu,Loyal
17823,Customer 17823,Male,55,Chennai,2023-04-16,Tamil Nadu,Regular
17824,Customer 17824,Female,38,Ahmedabad,2024-01-02,Gujarat,Regular
17825,Customer 17825,Female,52,Nagpur,2024-08-29,Maharashtra,Loyal
17826,Customer 17826,Female,40,Ahmedabad,2022-02-16,Gujarat,VIP
17827,Customer 17827,Female,29,Jaipur,2024-08-04,Rajasthan,New
17828,Customer 17828,Male,46,Kochi,2024-12-17,Kerala,Loyal
17829,Customer 17829,Female,44,Hyderabad,2022-01-24,Telangana,New
17830,Customer 17830,Male,23,Ahmedabad,2024-04-10,Gujarat,Regular
17831,Customer 17831,Female,38,Coimbatore,2023-02-07,Tamil Nadu,Loyal
17832,Customer 17832,Male,24,Coimbatore,2024-11-13,Tamil Nadu,Loyal
17833,Customer 17833,Male,60,Chennai,2024-12-23,Tamil Nadu,Loyal
17834,Customer 17834,Male,58,Mysuru,2025-06-16,Karnataka,New
17835,Customer 17835,Male,33,Noida,2022-10-10,Uttar Pradesh,New
17836,Customer 17836,Male,22,Hyderabad,2022-04-03,Telangana,VIP
17837,Customer 17837,Male,32,Mysuru,2023-11-17,Karnataka,New
17838,Customer 17838,Female,38,Delhi,2022-11-06,Delhi,New
17839,Customer 17839,Female,21,Delhi,2024-06-06,Delhi,Loyal
17840,Customer 17840,Male,22,Mumbai,2025-04-05,Maharashtra,Regular
17841,Customer 17841,Male,24,Chennai,2022-01-07,Tamil Nadu,Regular
17842,Customer 17842,Female,52,Coimbatore,2024-12-02,Tamil Nadu,New
17843,Customer 17843,Male,53,Nagpur,2024-02-27,Maharashtra,Loyal
17844,Customer 17844,Female,32,Coimbatore,2025-03-22,Tamil Nadu,VIP
17845,Customer 17845,Male,45,Kolkata,2022-02-12,West Bengal,New
17846,Customer 17846,Female,19,Kolkata,2023-12-26,West Bengal,Regular
17847,Customer 17847,Female,22,Coimbatore,2022-07-20,Tamil Nadu,Regular
17848,Customer 17848,Female,24,Kochi,2024-06-13,Kerala,Loyal
17849,Customer 17849,Female,39,Jaipur,2023-10-29,Rajasthan,Regular
17850,Customer 17850,Male,48,Kolkata,2023-07-02,West Bengal,Loyal
17851,Customer 17851,Male,49,Pune,2022-08-14,Maharashtra,Regular
17852,Customer 17852,Female,25,Coimbatore,2023-09-25,Tamil Nadu,Regular
17853,Customer 17853,Female,58,Mumbai,2025-04-19,Maharashtra,Loyal
17854,Customer 17854,Male,59,Mysuru,2024-08-03,Karnataka,Regular
17855,Customer 17855,Female,28,Delhi,2022-07-13,Delhi,Loyal
17856,Customer 17856,Male,18,Coimbatore,2023-06-22,Tamil Nadu,Regular
17857,Customer 17857,Male,64,Coimbatore,2023-04-26,Tamil Nadu,New
17858,Customer 17858,Female,57,Kolkata,2025-01-26,West Bengal,Regular
17859,Customer 17859,Male,36,Jaipur,2023-03-06,Rajasthan,Regular
17860,Customer 17860,Female,61,Ahmedabad,2024-08-02,Gujarat,Regular
17861,Customer 17861,Male,55,Pune,2024-06-29,Maharashtra,Loyal
17862,Customer 17862,Male,59,Hyderabad,2023-08-01,Telangana,Regular
17863,Customer 17863,Female,54,Nagpur,2022-04-21,Maharashtra,Loyal
17864,Customer 17864,Female,24,Hyderabad,2022-07-31,Telangana,Regular
17865,Customer 17865,Male,56,Nagpur,2024-04-30,Maharashtra,Regular
17866,Customer 17866,Male,42,Noida,2024-05-27,Uttar Pradesh,New
17867,Customer 17867,Male,39,Coimbatore,2024-09-13,Tamil Nadu,Loyal
17868,Customer 17868,Male,44,Pune,2024-09-22,Maharashtra,New
17869,Customer 17869,Female,58,Bengaluru,2023-07-25,Karnataka,New
17870,Customer 17870,Female,64,Kolkata,2024-11-19,West Bengal,New
17871,Customer 17871,Male,55,Chennai,2023-10-28,Tamil Nadu,Regular
17872,Customer 17872,Male,56,Kolkata,2022-12-16,West Bengal,Regular
17873,Customer 17873,Female,32,Delhi,2024-07-18,Delhi,New
17874,Customer 17874,Female,19,Mysuru,2023-11-12,Karnataka,Regular
17875,Customer 17875,Female,25,Jaipur,2025-05-22,Rajasthan,Regular
17876,Customer 17876,Female,61,Delhi,2022-09-08,Delhi,Loyal
17877,Customer 17877,Male,60,Mysuru,2022-11-15,Karnataka,Loyal
17878,Customer 17878,Male,23,Noida,2025-04-21,Uttar Pradesh,Loyal
17879,Customer 17879,Female,37,Hyderabad,2024-06-03,Telangana,Regular
17880,Customer 17880,Female,44,Jaipur,2022-07-08,Rajasthan,Regular
17881,Customer 17881,Male,62,Jaipur,2023-12-26,Rajasthan,Loyal
17882,Customer 17882,Male,40,Mumbai,2025-02-24,Maharashtra,Regular
17883,Customer 17883,Male,57,Coimbatore,2024-11-12,Tamil Nadu,Regular
17884,Customer 17884,Female,34,Bengaluru,2022-03-20,Karnataka,Loyal
17885,Customer 17885,Male,30,Mysuru,2023-06-30,Karnataka,VIP
17886,Customer 17886,Male,21,Chennai,2024-07-12,Tamil Nadu,Loyal
17887,Customer 17887,Female,37,Mysuru,2023-09-11,Karnataka,VIP
17888,Customer 17888,Male,59,Ahmedabad,2022-11-01,Gujarat,Loyal
17889,Customer 17889,Male,42,Mumbai,2022-07-18,Maharashtra,Loyal
17890,Customer 17890,Male,39,Ahmedabad,2025-04-29,Gujarat,Regular
17891,Customer 17891,Male,34,Delhi,2025-06-09,Delhi,VIP
17892,Customer 17892,Male,57,Pune,2023-07-08,Maharashtra,Loyal
17893,Customer 17893,Female,28,Delhi,2024-11-13,Delhi,Regular
17894,Customer 17894,Female,42,Noida,2022-07-02,Uttar Pradesh,Regular
17895,Customer 17895,Male,22,Pune,2023-08-30,Maharashtra,New
17896,Customer 17896,Male,38,Delhi,2022-03-24,Delhi,VIP
17897,Customer 17897,Female,43,Chennai,2022-04-03,Tamil Nadu,Regular
17898,Customer 17898,Male,33,Kolkata,2023-09-09,West Bengal,Regular
17899,Customer 17899,Male,57,Delhi,2025-01-13,Delhi,Regular
17900,Customer 17900,Female,38,Jaipur,2023-07-27,Rajasthan,VIP
17901,Customer 17901,Male,49,Chennai,2025-05-16,Tamil Nadu,Regular
17902,Customer 17902,Male,21,Chennai,2023-08-04,Tamil Nadu,Regular
17903,Customer 17903,Male,55,Jaipur,2024-09-27,Rajasthan,Regular
17904,Customer 17904,Female,25,Kolkata,2024-02-13,West Bengal,New
17905,Customer 17905,Male,26,Kochi,2024-05-02,Kerala,New
17906,Customer 17906,Male,62,Pune,2023-10-13,Maharashtra,Regular
17907,Customer 17907,Male,34,Hyderabad,2024-03-02,Telangana,Regular
17908,Customer 17908,Female,58,Nagpur,2023-04-21,Maharashtra,Regular
17909,Customer 17909,Male,30,Coimbatore,2023-05-19,Tamil Nadu,Regular
17910,Customer 17910,Male,26,Mysuru,2022-08-19,Karnataka,New
17911,Customer 17911,Female,23,Nagpur,2024-05-27,Maharashtra,VIP
17912,Customer 17912,Female,44,Mumbai,2024-11-08,Maharashtra,Regular
17913,Customer 17913,Male,59,Hyderabad,2023-11-21,Telangana,New
17914,Customer 17914,Male,54,Nagpur,2022-07-28,Maharashtra,New
17915,Customer 17915,Male,56,Pune,2022-05-11,Maharashtra,New
17916,Customer 17916,Female,60,Mumbai,2024-01-13,Maharashtra,New
17917,Customer 17917,Male,41,Bengaluru,2023-01-19,Karnataka,Regular
17918,Customer 17918,Male,26,Jaipur,2025-01-20,Rajasthan,Loyal
17919,Customer 17919,Male,59,Hyderabad,2022-12-28,Telangana,Regular
17920,Customer 17920,Male,28,Jaipur,2024-01-31,Rajasthan,Regular
17921,Customer 17921,Male,52,Nagpur,2025-02-21,Maharashtra,Loyal
17922,Customer 17922,Male,46,Kochi,2024-07-31,Kerala,Regular
17923,Customer 17923,Female,25,Mumbai,2023-10-10,Maharashtra,Loyal
17924,Customer 17924,Female,34,Bengaluru,2022-12-21,Karnataka,New
17925,Customer 17925,Male,24,Delhi,2022-04-10,Delhi,New
17926,Customer 17926,Male,29,Jaipur,2024-01-01,Rajasthan,Regular
17927,Customer 17927,Female,32,Mumbai,2022-10-28,Maharashtra,Regular
17928,Customer 17928,Male,46,Ahmedabad,2023-09-01,Gujarat,Loyal
17929,Customer 17929,Female,62,Kochi,2024-05-31,Kerala,New
17930,Customer 17930,Other,41,Kolkata,2022-07-22,West Bengal,Regular
17931,Customer 17931,Male,54,Pune,2024-11-10,Maharashtra,Regular
17932,Customer 17932,Male,31,Delhi,2025-05-06,Delhi,New
17933,Customer 17933,Male,28,Pune,2022-04-22,Maharashtra,Loyal
17934,Customer 17934,Female,52,Jaipur,2025-03-18,Rajasthan,Regular
17935,Customer 17935,Female,34,Nagpur,2023-01-16,Maharashtra,Loyal
17936,Customer 17936,Female,44,Coimbatore,2024-01-25,Tamil Nadu,Loyal
17937,Customer 17937,Female,61,Nagpur,2024-08-11,Maharashtra,Regular
17938,Customer 17938,Male,20,Delhi,2025-04-21,Delhi,Regular
17939,Customer 17939,Female,19,Chennai,2024-03-06,Tamil Nadu,Regular
17940,Customer 17940,Female,21,Nagpur,2022-12-03,Maharashtra,Regular
17941,Customer 17941,Female,35,Delhi,2022-08-10,Delhi,New
17942,Customer 17942,Male,37,Mumbai,2024-10-08,Maharashtra,VIP
17943,Customer 17943,Female,38,Noida,2024-01-30,Uttar Pradesh,Regular
17944,Customer 17944,Female,31,Nagpur,2023-11-20,Maharashtra,New
17945,Customer 17945,Female,25,Mumbai,2022-04-28,Maharashtra,New
17946,Customer 17946,Female,19,Pune,2022-06-23,Maharashtra,Regular
17947,Customer 17947,Female,43,Ahmedabad,2025-05-27,Gujarat,New
17948,Customer 17948,Female,36,Hyderabad,2022-11-15,Telangana,Regular
17949,Customer 17949,Female,59,Coimbatore,2025-01-16,Tamil Nadu,New
17950,Customer 17950,Female,45,Pune,2025-01-06,Maharashtra,New
17951,Customer 17951,Male,46,Pune,2023-03-17,Maharashtra,Loyal
17952,Customer 17952,Male,22,Delhi,2025-05-09,Delhi,Loyal
17953,Customer 17953,Male,60,Jaipur,2023-02-19,Rajasthan,Regular
17954,Customer 17954,Female,45,Jaipur,2024-10-24,Rajasthan,Loyal
17955,Customer 17955,Female,58,Chennai,2024-08-07,Tamil Nadu,New
17956,Customer 17956,Female,43,Mysuru,2022-03-24,Karnataka,Loyal
17957,Customer 17957,Male,22,Noida,2024-09-15,Uttar Pradesh,New
17958,Customer 17958,Male,32,Chennai,2023-05-08,Tamil Nadu,Loyal
17959,Customer 17959,Male,63,Delhi,2022-01-06,Delhi,Loyal
17960,Customer 17960,Male,26,Kolkata,2023-12-06,West Bengal,Loyal
17961,Customer 17961,Female,49,Coimbatore,2022-12-13,Tamil Nadu,Loyal
17962,Customer 17962,Male,43,Noida,2023-06-18,Uttar Pradesh,Regular
17963,Customer 17963,Female,54,Noida,2023-10-19,Uttar Pradesh,Regular
17964,Customer 17964,Female,32,Kochi,2024-08-12,Kerala,Regular
17965,Customer 17965,Male,58,Delhi,2023-03-27,Delhi,Regular
17966,Customer 17966,Female,21,Bengaluru,2025-03-14,Karnataka,New
17967,Customer 17967,Male,53,Pune,2024-10-22,Maharashtra,Regular
17968,Customer 17968,Male,37,Ahmedabad,2024-07-06,Gujarat,Loyal
17969,Customer 17969,Female,44,Hyderabad,2025-06-02,Telangana,New
17970,Customer 17970,Female,38,Bengaluru,2024-08-11,Karnataka,Regular
17971,Customer 17971,Male,39,Jaipur,2022-08-02,Rajasthan,Loyal
17972,Customer 17972,Male,24,Delhi,2024-06-18,Delhi,New
17973,Customer 17973,Male,64,Bengaluru,2025-04-04,Karnataka,Regular
17974,Customer 17974,Male,48,Hyderabad,2023-01-08,Telangana,VIP
17975,Customer 17975,Female,34,Delhi,2023-10-15,Delhi,Loyal
17976,Customer 17976,Female,24,Jaipur,2023-05-22,Rajasthan,Regular
17977,Customer 17977,Male,36,Delhi,2024-09-09,Delhi,Regular
17978,Customer 17978,Female,45,Noida,2023-07-30,Uttar Pradesh,New
17979,Customer 17979,Male,27,Bengaluru,2022-11-29,Karnataka,New
17980,Customer 17980,Male,44,Mumbai,2022-07-31,Maharashtra,Regular
17981,Customer 17981,Female,30,Nagpur,2022-10-16,Maharashtra,VIP
17982,Customer 17982,Female,19,Delhi,2023-09-02,Delhi,VIP
17983,Customer 17983,Female,39,Bengaluru,2022-06-15,Karnataka,Loyal
17984,Customer 17984,Female,37,Mysuru,2022-05-06,Karnataka,Regular
17985,Customer 17985,Female,60,Coimbatore,2025-03-26,Tamil Nadu,New
17986,Customer 17986,Male,22,Mysuru,2024-11-21,Karnataka,Regular
17987,Customer 17987,Female,23,Bengaluru,2022-10-01,Karnataka,Regular
17988,Customer 17988,Other,52,Pune,2024-11-10,Maharashtra,Regular
17989,Customer 17989,Male,18,Pune,2023-09-07,Maharashtra,Loyal
17990,Customer 17990,Female,52,Jaipur,2022-10-03,Rajasthan,Loyal
17991,Customer 17991,Female,20,Jaipur,2024-10-27,Rajasthan,Loyal
17992,Customer 17992,Male,53,Bengaluru,2024-10-12,Karnataka,Regular
17993,Customer 17993,Female,24,Noida,2025-02-27,Uttar Pradesh,Loyal
17994,Customer 17994,Male,46,Jaipur,2022-04-07,Rajasthan,New
17995,Customer 17995,Female,32,Noida,2022-10-04,Uttar Pradesh,Loyal
17996,Customer 17996,Male,28,Jaipur,2024-03-10,Rajasthan,Regular
17997,Customer 17997,Female,35,Delhi,2025-04-11,Delhi,Regular
17998,Customer 17998,Male,61,Hyderabad,2022-11-28,Telangana,New
17999,Customer 17999,Male,21,Nagpur,2022-07-24,Maharashtra,New
18000,Customer 18000,Male,41,Kochi,2022-04-13,Kerala,VIP
18001,Customer 18001,Female,28,Delhi,2024-09-30,Delhi,Regular
18002,Customer 18002,Female,23,Kochi,2024-08-12,Kerala,Loyal
18003,Customer 18003,Female,35,Mysuru,2022-12-26,Karnataka,New
18004,Customer 18004,Female,32,Kolkata,2025-02-28,West Bengal,Regular
18005,Customer 18005,Male,20,Nagpur,2022-02-08,Maharashtra,Regular
18006,Customer 18006,Male,34,Mysuru,2022-11-03,Karnataka,Regular
18007,Customer 18007,Female,50,Jaipur,2024-06-02,Rajasthan,Regular
18008,Customer 18008,Male,51,Noida,2023-06-04,Uttar Pradesh,Regular
18009,Customer 18009,Female,47,Jaipur,2024-05-27,Rajasthan,Loyal
18010,Customer 18010,Female,36,Bengaluru,2022-02-15,Karnataka,Regular
18011,Customer 18011,Male,26,Hyderabad,2022-07-13,Telangana,Regular
18012,Customer 18012,Male,57,Jaipur,2025-04-07,Rajasthan,Regular
18013,Customer 18013,Female,61,Ahmedabad,2025-02-19,Gujarat,Loyal
18014,Customer 18014,Male,48,Mysuru,2022-09-06,Karnataka,Loyal
18015,Customer 18015,Male,44,Noida,2024-10-09,Uttar Pradesh,Regular
18016,Customer 18016,Male,64,Ahmedabad,2022-07-26,Gujarat,Regular
18017,Customer 18017,Female,42,Hyderabad,2022-04-25,Telangana,Regular
18018,Customer 18018,Female,24,Delhi,2022-08-27,Delhi,VIP
18019,Customer 18019,Male,24,Bengaluru,2023-07-20,Karnataka,New
18020,Customer 18020,Male,37,Coimbatore,2025-01-04,Tamil Nadu,Loyal
18021,Customer 18021,Male,61,Pune,2025-04-07,Maharashtra,Regular
18022,Customer 18022,Female,60,Chennai,2024-12-07,Tamil Nadu,Regular
18023,Customer 18023,Male,53,Hyderabad,2024-01-06,Telangana,VIP
18024,Customer 18024,Male,36,Ahmedabad,2024-12-29,Gujarat,Regular
18025,Customer 18025,Female,19,Coimbatore,2023-05-23,Tamil Nadu,Loyal
18026,Customer 18026,Female,51,Coimbatore,2022-06-04,Tamil Nadu,Regular
18027,Customer 18027,Other,34,Hyderabad,2023-04-06,Telangana,Regular
18028,Customer 18028,Female,41,Coimbatore,2024-03-01,Tamil Nadu,Loyal
18029,Customer 18029,Male,26,Mysuru,2025-05-10,Karnataka,Loyal
18030,Customer 18030,Male,18,Coimbatore,2023-10-16,Tamil Nadu,Loyal
18031,Customer 18031,Male,59,Jaipur,2022-11-13,Rajasthan,New
18032,Customer 18032,Male,45,Kochi,2023-03-27,Kerala,Regular
18033,Customer 18033,Female,32,Noida,2023-07-31,Uttar Pradesh,Regular
18034,Customer 18034,Female,38,Nagpur,2025-01-24,Maharashtra,Regular
18035,Customer 18035,Female,32,Mysuru,2023-05-11,Karnataka,New
18036,Customer 18036,Male,40,Coimbatore,2022-12-28,Tamil Nadu,Regular
18037,Customer 18037,Female,19,Delhi,2023-04-02,Delhi,Loyal
18038,Customer 18038,Female,63,Pune,2025-04-16,Maharashtra,Loyal
18039,Customer 18039,Male,53,Bengaluru,2022-05-09,Karnataka,Loyal
18040,Customer 18040,Female,26,Ahmedabad,2024-11-28,Gujarat,VIP
18041,Customer 18041,Male,19,Coimbatore,2024-03-22,Tamil Nadu,Regular
18042,Customer 18042,Male,19,Mumbai,2024-05-22,Maharashtra,Loyal
18043,Customer 18043,Female,35,Jaipur,2022-12-16,Rajasthan,Loyal
18044,Customer 18044,Female,34,Pune,2023-10-07,Maharashtra,VIP
18045,Customer 18045,Male,58,Delhi,2023-03-28,Delhi,Regular
18046,Customer 18046,Male,25,Jaipur,2022-04-19,Rajasthan,Regular
18047,Customer 18047,Other,51,Noida,2025-05-16,Uttar Pradesh,Loyal
18048,Customer 18048,Female,51,Coimbatore,2023-07-31,Tamil Nadu,Loyal
18049,Customer 18049,Female,22,Ahmedabad,2022-08-29,Gujarat,Loyal
18050,Customer 18050,Male,61,Noida,2023-08-14,Uttar Pradesh,Loyal
18051,Customer 18051,Male,46,Coimbatore,2025-01-16,Tamil Nadu,Regular
18052,Customer 18052,Male,45,Chennai,2023-08-01,Tamil Nadu,Loyal
18053,Customer 18053,Male,33,Nagpur,2022-11-21,Maharashtra,Loyal
18054,Customer 18054,Male,31,Noida,2023-01-06,Uttar Pradesh,Loyal
18055,Customer 18055,Male,19,Nagpur,2022-04-15,Maharashtra,Loyal
18056,Customer 18056,Female,57,Pune,2022-04-08,Maharashtra,New
18057,Customer 18057,Male,21,Kolkata,2022-04-06,West Bengal,Loyal
18058,Customer 18058,Female,58,Chennai,2022-02-15,Tamil Nadu,Regular
18059,Customer 18059,Male,48,Bengaluru,2024-06-08,Karnataka,VIP
18060,Customer 18060,Male,43,Mysuru,2022-01-31,Karnataka,Regular
18061,Customer 18061,Male,44,Nagpur,2023-02-12,Maharashtra,Regular
18062,Customer 18062,Male,51,Chennai,2023-12-17,Tamil Nadu,VIP
18063,Customer 18063,Male,48,Kolkata,2023-10-06,West Bengal,New
18064,Customer 18064,Female,28,Ahmedabad,2023-11-29,Gujarat,Regular
18065,Customer 18065,Female,25,Nagpur,2024-08-30,Maharashtra,Loyal
18066,Customer 18066,Female,29,Kochi,2023-12-02,Kerala,Regular
18067,Customer 18067,Male,52,Kochi,2024-05-25,Kerala,Regular
18068,Customer 18068,Female,62,Hyderabad,2024-06-24,Telangana,Loyal
18069,Customer 18069,Female,51,Delhi,2024-03-19,Delhi,Regular
18070,Customer 18070,Male,30,Bengaluru,2023-08-22,Karnataka,New
18071,Customer 18071,Female,44,Delhi,2024-08-24,Delhi,Regular
18072,Customer 18072,Female,25,Ahmedabad,2023-09-25,Gujarat,New
18073,Customer 18073,Female,64,Coimbatore,2022-05-15,Tamil Nadu,Regular
18074,Customer 18074,Female,38,Nagpur,2022-11-24,Maharashtra,New
18075,Customer 18075,Female,58,Coimbatore,2022-07-18,Tamil Nadu,Loyal
18076,Customer 18076,Female,28,Kochi,2023-11-14,Kerala,Regular
18077,Customer 18077,Male,39,Mumbai,2022-05-04,Maharashtra,New
18078,Customer 18078,Female,38,Nagpur,2024-01-24,Maharashtra,Regular
18079,Customer 18079,Female,45,Chennai,2023-01-17,Tamil Nadu,Regular
18080,Customer 18080,Female,20,Bengaluru,2023-07-25,Karnataka,Regular
18081,Customer 18081,Other,24,Coimbatore,2025-02-06,Tamil Nadu,Regular
18082,Customer 18082,Male,31,Kochi,2024-11-30,Kerala,Loyal
18083,Customer 18083,Male,32,Nagpur,2024-03-08,Maharashtra,Regular
18084,Customer 18084,Male,26,Mumbai,2024-06-09,Maharashtra,Regular
18085,Customer 18085,Male,60,Delhi,2025-03-15,Delhi,Loyal
18086,Customer 18086,Male,24,Chennai,2022-06-25,Tamil Nadu,Regular
18087,Customer 18087,Female,29,Hyderabad,2023-01-15,Telangana,New
18088,Customer 18088,Male,36,Nagpur,2022-06-14,Maharashtra,New
18089,Customer 18089,Female,44,Hyderabad,2024-02-03,Telangana,VIP
18090,Customer 18090,Female,35,Pune,2023-09-07,Maharashtra,VIP
18091,Customer 18091,Male,30,Ahmedabad,2022-06-22,Gujarat,Regular
18092,Customer 18092,Male,60,Bengaluru,2024-02-02,Karnataka,Regular
18093,Customer 18093,Female,18,Nagpur,2025-04-15,Maharashtra,New
18094,Customer 18094,Female,55,Noida,2024-12-08,Uttar Pradesh,Loyal
18095,Customer 18095,Female,38,Mumbai,2025-02-08,Maharashtra,New
18096,Customer 18096,Female,51,Jaipur,2025-05-18,Rajasthan,New
18097,Customer 18097,Female,30,Jaipur,2023-09-11,Rajasthan,Loyal
18098,Customer 18098,Female,62,Coimbatore,2023-10-27,Tamil Nadu,Regular
18099,Customer 18099,Female,58,Kolkata,2024-05-08,West Bengal,New
18100,Customer 18100,Female,40,Noida,2025-03-24,Uttar Pradesh,Loyal
18101,Customer 18101,Female,18,Pune,2023-07-10,Maharashtra,Loyal
18102,Customer 18102,Male,40,Bengaluru,2023-09-29,Karnataka,Loyal
18103,Customer 18103,Female,45,Delhi,2022-08-03,Delhi,Loyal
18104,Customer 18104,Male,49,Chennai,2022-05-24,Tamil Nadu,Regular
18105,Customer 18105,Female,25,Hyderabad,2023-09-11,Telangana,New
18106,Customer 18106,Male,43,Pune,2024-10-04,Maharashtra,New
18107,Customer 18107,Male,31,Coimbatore,2022-12-20,Tamil Nadu,Regular
18108,Customer 18108,Male,41,Chennai,2022-10-08,Tamil Nadu,New
18109,Customer 18109,Male,46,Jaipur,2024-04-16,Rajasthan,Regular
18110,Customer 18110,Male,21,Kochi,2023-01-25,Kerala,New
18111,Customer 18111,Female,35,Delhi,2024-12-23,Delhi,Regular
18112,Customer 18112,Male,31,Coimbatore,2022-09-22,Tamil Nadu,New
18113,Customer 18113,Male,44,Mumbai,2022-01-06,Maharashtra,Regular
18114,Customer 18114,Male,58,Kochi,2024-07-01,Kerala,Loyal
18115,Customer 18115,Female,64,Hyderabad,2022-06-17,Telangana,Regular
18116,Customer 18116,Male,20,Kolkata,2022-12-21,West Bengal,Regular
18117,Customer 18117,Male,47,Noida,2022-06-22,Uttar Pradesh,VIP
18118,Customer 18118,Male,53,Nagpur,2024-04-29,Maharashtra,Loyal
18119,Customer 18119,Female,40,Kochi,2022-04-29,Kerala,Regular
18120,Customer 18120,Male,35,Pune,2025-06-03,Maharashtra,Regular
18121,Customer 18121,Male,63,Ahmedabad,2022-06-23,Gujarat,Regular
18122,Customer 18122,Male,64,Nagpur,2024-08-16,Maharashtra,New
18123,Customer 18123,Female,57,Kolkata,2022-05-09,West Bengal,New
18124,Customer 18124,Male,27,Chennai,2022-07-06,Tamil Nadu,Regular
18125,Customer 18125,Female,29,Jaipur,2024-12-22,Rajasthan,Regular
18126,Customer 18126,Male,58,Kochi,2024-06-11,Kerala,New
18127,Customer 18127,Female,25,Nagpur,2023-08-21,Maharashtra,Regular
18128,Customer 18128,Male,49,Noida,2022-07-29,Uttar Pradesh,New
18129,Customer 18129,Male,34,Mysuru,2024-10-05,Karnataka,Loyal
18130,Customer 18130,Male,58,Chennai,2025-05-01,Tamil Nadu,Regular
18131,Customer 18131,Male,62,Hyderabad,2024-01-20,Telangana,New
18132,Customer 18132,Male,31,Coimbatore,2023-06-16,Tamil Nadu,Regular
18133,Customer 18133,Female,54,Kochi,2024-08-09,Kerala,Regular
18134,Customer 18134,Other,26,Kolkata,2025-04-20,West Bengal,Regular
18135,Customer 18135,Male,43,Hyderabad,2023-07-14,Telangana,Regular
18136,Customer 18136,Female,41,Nagpur,2022-08-16,Maharashtra,Regular
18137,Customer 18137,Female,40,Bengaluru,2023-07-20,Karnataka,Loyal
18138,Customer 18138,Female,48,Chennai,2023-09-06,Tamil Nadu,Regular
18139,Customer 18139,Male,56,Kolkata,2022-03-30,West Bengal,Regular
18140,Customer 18140,Female,61,Coimbatore,2025-03-13,Tamil Nadu,VIP
18141,Customer 18141,Male,19,Delhi,2024-03-25,Delhi,New
18142,Customer 18142,Female,35,Jaipur,2022-09-07,Rajasthan,Regular
18143,Customer 18143,Male,33,Mumbai,2022-08-13,Maharashtra,New
18144,Customer 18144,Male,46,Jaipur,2024-06-21,Rajasthan,New
18145,Customer 18145,Male,28,Hyderabad,2024-08-28,Telangana,Regular
18146,Customer 18146,Male,19,Hyderabad,2023-11-04,Telangana,New
18147,Customer 18147,Female,31,Chennai,2022-06-17,Tamil Nadu,New
18148,Customer 18148,Male,21,Bengaluru,2022-04-20,Karnataka,Regular
18149,Customer 18149,Female,56,Nagpur,2025-04-11,Maharashtra,New
18150,Customer 18150,Male,51,Kolkata,2022-10-24,West Bengal,Loyal
18151,Customer 18151,Male,63,Nagpur,2022-08-31,Maharashtra,Loyal
18152,Customer 18152,Female,56,Chennai,2022-07-28,Tamil Nadu,Regular
18153,Customer 18153,Other,26,Jaipur,2025-06-20,Rajasthan,VIP
18154,Customer 18154,Male,57,Hyderabad,2025-01-10,Telangana,Loyal
18155,Customer 18155,Male,58,Coimbatore,2024-10-24,Tamil Nadu,Loyal
18156,Customer 18156,Female,24,Kolkata,2025-05-02,West Bengal,New
18157,Customer 18157,Male,34,Mumbai,2024-12-15,Maharashtra,Loyal
18158,Customer 18158,Female,40,Kolkata,2022-09-18,West Bengal,VIP
18159,Customer 18159,Female,62,Chennai,2023-01-15,Tamil Nadu,Regular
18160,Customer 18160,Male,28,Coimbatore,2022-04-06,Tamil Nadu,Loyal
18161,Customer 18161,Male,39,Ahmedabad,2024-02-08,Gujarat,Loyal
18162,Customer 18162,Male,35,Coimbatore,2024-04-08,Tamil Nadu,Regular
18163,Customer 18163,Male,45,Delhi,2024-07-14,Delhi,Regular
18164,Customer 18164,Female,33,Kolkata,2025-02-22,West Bengal,New
18165,Customer 18165,Female,59,Kolkata,2023-09-12,West Bengal,New
18166,Customer 18166,Female,21,Noida,2022-09-17,Uttar Pradesh,New
18167,Customer 18167,Female,53,Mysuru,2024-04-10,Karnataka,Regular
18168,Customer 18168,Male,39,Mumbai,2023-07-04,Maharashtra,Regular
18169,Customer 18169,Female,28,Pune,2023-12-01,Maharashtra,Loyal
18170,Customer 18170,Male,38,Bengaluru,2023-12-10,Karnataka,Regular
18171,Customer 18171,Female,57,Mysuru,2024-10-28,Karnataka,Regular
18172,Customer 18172,Male,58,Delhi,2023-07-17,Delhi,New
18173,Customer 18173,Female,33,Kolkata,2023-01-08,West Bengal,Loyal
18174,Customer 18174,Female,59,Mumbai,2022-08-10,Maharashtra,Regular
18175,Customer 18175,Male,26,Nagpur,2023-06-15,Maharashtra,Loyal
18176,Customer 18176,Male,52,Mysuru,2022-12-16,Karnataka,New
18177,Customer 18177,Female,51,Nagpur,2022-01-31,Maharashtra,Regular
18178,Customer 18178,Male,26,Bengaluru,2022-01-22,Karnataka,Regular
18179,Customer 18179,Female,30,Kochi,2024-01-24,Kerala,New
18180,Customer 18180,Female,23,Nagpur,2022-08-02,Maharashtra,Loyal
18181,Customer 18181,Male,21,Bengaluru,2023-12-13,Karnataka,Regular
18182,Customer 18182,Male,63,Kochi,2025-04-03,Kerala,Regular
18183,Customer 18183,Female,45,Jaipur,2022-05-20,Rajasthan,Loyal
18184,Customer 18184,Male,28,Jaipur,2024-08-22,Rajasthan,Regular
18185,Customer 18185,Male,51,Mumbai,2023-02-13,Maharashtra,New
18186,Customer 18186,Female,52,Ahmedabad,2023-03-14,Gujarat,VIP
18187,Customer 18187,Female,22,Hyderabad,2024-03-07,Telangana,Regular
18188,Customer 18188,Male,56,Bengaluru,2022-01-13,Karnataka,Loyal
18189,Customer 18189,Male,28,Coimbatore,2023-05-16,Tamil Nadu,Loyal
18190,Customer 18190,Female,29,Pune,2024-11-15,Maharashtra,New
18191,Customer 18191,Female,60,Pune,2023-06-18,Maharashtra,Regular
18192,Customer 18192,Female,36,Chennai,2024-05-10,Tamil Nadu,New
18193,Customer 18193,Male,30,Kochi,2022-03-17,Kerala,Regular
18194,Customer 18194,Female,21,Pune,2023-01-01,Maharashtra,Loyal
18195,Customer 18195,Female,31,Chennai,2025-01-20,Tamil Nadu,Regular
18196,Customer 18196,Female,61,Kolkata,2024-04-20,West Bengal,New
18197,Customer 18197,Female,19,Pune,2024-06-05,Maharashtra,Regular
18198,Customer 18198,Male,25,Bengaluru,2023-05-14,Karnataka,Regular
18199,Customer 18199,Female,39,Coimbatore,2025-04-08,Tamil Nadu,Loyal
18200,Customer 18200,Male,30,Hyderabad,2025-06-05,Telangana,Loyal
18201,Customer 18201,Male,38,Nagpur,2023-11-30,Maharashtra,Loyal
18202,Customer 18202,Female,38,Kochi,2023-11-11,Kerala,Loyal
18203,Customer 18203,Female,45,Jaipur,2022-07-22,Rajasthan,Regular
18204,Customer 18204,Female,50,Delhi,2023-03-22,Delhi,Regular
18205,Customer 18205,Female,46,Pune,2023-06-02,Maharashtra,Regular
18206,Customer 18206,Male,54,Hyderabad,2022-05-12,Telangana,VIP
18207,Customer 18207,Female,39,Hyderabad,2025-06-22,Telangana,Regular
18208,Customer 18208,Male,43,Jaipur,2022-04-01,Rajasthan,VIP
18209,Customer 18209,Female,28,Kochi,2025-02-23,Kerala,Loyal
18210,Customer 18210,Male,28,Bengaluru,2023-04-17,Karnataka,Loyal
18211,Customer 18211,Female,62,Mumbai,2025-06-19,Maharashtra,Regular
18212,Customer 18212,Male,51,Jaipur,2023-05-17,Rajasthan,Regular
18213,Customer 18213,Female,36,Mumbai,2024-01-31,Maharashtra,Regular
18214,Customer 18214,Female,54,Pune,2023-01-22,Maharashtra,Regular
18215,Customer 18215,Male,31,Kochi,2024-10-27,Kerala,Loyal
18216,Customer 18216,Female,46,Ahmedabad,2025-01-16,Gujarat,Loyal
18217,Customer 18217,Female,36,Kochi,2023-08-21,Kerala,Loyal
18218,Customer 18218,Female,54,Delhi,2024-06-26,Delhi,Regular
18219,Customer 18219,Female,38,Jaipur,2024-05-16,Rajasthan,New
18220,Customer 18220,Male,41,Pune,2025-03-14,Maharashtra,Loyal
18221,Customer 18221,Male,43,Pune,2025-04-02,Maharashtra,Regular
18222,Customer 18222,Male,58,Chennai,2023-10-19,Tamil Nadu,Loyal
18223,Customer 18223,Male,29,Coimbatore,2022-12-08,Tamil Nadu,Loyal
18224,Customer 18224,Male,36,Jaipur,2024-10-21,Rajasthan,New
18225,Customer 18225,Female,64,Coimbatore,2025-02-17,Tamil Nadu,Regular
18226,Customer 18226,Male,47,Jaipur,2023-04-09,Rajasthan,Loyal
18227,Customer 18227,Male,32,Delhi,2023-04-07,Delhi,Regular
18228,Customer 18228,Male,20,Chennai,2024-12-08,Tamil Nadu,Regular
18229,Customer 18229,Female,30,Kochi,2024-03-29,Kerala,Regular
18230,Customer 18230,Female,26,Hyderabad,2023-04-19,Telangana,Regular
18231,Customer 18231,Male,30,Kolkata,2024-06-06,West Bengal,Loyal
18232,Customer 18232,Female,33,Chennai,2024-07-27,Tamil Nadu,New
18233,Customer 18233,Male,31,Pune,2023-01-03,Maharashtra,Loyal
18234,Customer 18234,Other,25,Mumbai,2024-11-13,Maharashtra,Regular
18235,Customer 18235,Female,36,Mysuru,2023-12-24,Karnataka,VIP
18236,Customer 18236,Male,49,Kochi,2022-10-20,Kerala,VIP
18237,Customer 18237,Female,52,Delhi,2024-12-22,Delhi,Loyal
18238,Customer 18238,Female,40,Hyderabad,2023-07-22,Telangana,Regular
18239,Customer 18239,Male,38,Kochi,2024-05-23,Kerala,Regular
18240,Customer 18240,Female,35,Jaipur,2024-08-18,Rajasthan,Regular
18241,Customer 18241,Male,31,Bengaluru,2023-08-12,Karnataka,New
18242,Customer 18242,Male,33,Mysuru,2022-09-17,Karnataka,Regular
18243,Customer 18243,Male,41,Jaipur,2024-06-26,Rajasthan,Loyal
18244,Customer 18244,Male,49,Mysuru,2022-07-03,Karnataka,Regular
18245,Customer 18245,Male,28,Chennai,2024-12-07,Tamil Nadu,Regular
18246,Customer 18246,Female,62,Nagpur,2022-05-27,Maharashtra,Regular
18247,Customer 18247,Male,28,Mysuru,2023-08-15,Karnataka,Loyal
18248,Customer 18248,Male,21,Pune,2024-10-14,Maharashtra,New
18249,Customer 18249,Female,43,Noida,2023-03-16,Uttar Pradesh,Regular
18250,Customer 18250,Female,63,Mumbai,2022-08-17,Maharashtra,Loyal
18251,Customer 18251,Other,22,Kolkata,2024-01-02,West Bengal,New
18252,Customer 18252,Female,53,Mumbai,2024-08-04,Maharashtra,Loyal
18253,Customer 18253,Female,50,Noida,2024-01-10,Uttar Pradesh,Regular
18254,Customer 18254,Female,31,Coimbatore,2023-01-13,Tamil Nadu,Regular
18255,Customer 18255,Female,49,Pune,2025-01-31,Maharashtra,Regular
18256,Customer 18256,Female,24,Bengaluru,2024-08-11,Karnataka,Loyal
18257,Customer 18257,Male,27,Mysuru,2023-08-23,Karnataka,New
18258,Customer 18258,Male,19,Coimbatore,2022-01-23,Tamil Nadu,Regular
18259,Customer 18259,Female,27,Pune,2022-10-20,Maharashtra,Regular
18260,Customer 18260,Male,52,Kochi,2023-04-21,Kerala,Regular
18261,Customer 18261,Male,38,Chennai,2024-08-09,Tamil Nadu,Regular
18262,Customer 18262,Female,57,Mumbai,2023-03-27,Maharashtra,Loyal
18263,Customer 18263,Female,59,Coimbatore,2024-06-16,Tamil Nadu,Loyal
18264,Customer 18264,Male,25,Delhi,2022-10-12,Delhi,Regular
18265,Customer 18265,Female,63,Mysuru,2025-03-31,Karnataka,Regular
18266,Customer 18266,Female,35,Mysuru,2023-08-13,Karnataka,New
18267,Customer 18267,Female,26,Bengaluru,2022-05-02,Karnataka,Loyal
18268,Customer 18268,Female,58,Nagpur,2025-02-09,Maharashtra,Regular
18269,Customer 18269,Female,47,Delhi,2025-06-16,Delhi,Regular
18270,Customer 18270,Female,21,Mysuru,2025-05-18,Karnataka,Loyal
18271,Customer 18271,Male,52,Hyderabad,2023-05-26,Telangana,Regular
18272,Customer 18272,Female,31,Delhi,2022-01-02,Delhi,New
18273,Customer 18273,Female,31,Mysuru,2024-06-10,Karnataka,Regular
18274,Customer 18274,Female,54,Noida,2024-03-09,Uttar Pradesh,Regular
18275,Customer 18275,Female,37,Delhi,2023-09-21,Delhi,Loyal
18276,Customer 18276,Male,46,Pune,2023-04-06,Maharashtra,Regular
18277,Customer 18277,Female,40,Delhi,2024-08-09,Delhi,New
18278,Customer 18278,Male,64,Kolkata,2024-08-29,West Bengal,Regular
18279,Customer 18279,Male,38,Bengaluru,2025-06-18,Karnataka,Loyal
18280,Customer 18280,Male,48,Chennai,2024-09-08,Tamil Nadu,Loyal
18281,Customer 18281,Male,49,Chennai,2024-03-24,Tamil Nadu,New
18282,Customer 18282,Female,58,Chennai,2022-02-23,Tamil Nadu,New
18283,Customer 18283,Male,24,Pune,2022-04-19,Maharashtra,Regular
18284,Customer 18284,Male,30,Coimbatore,2022-10-07,Tamil Nadu,Regular
18285,Customer 18285,Female,40,Jaipur,2024-12-16,Rajasthan,New
18286,Customer 18286,Male,25,Chennai,2024-04-19,Tamil Nadu,Regular
18287,Customer 18287,Male,29,Kolkata,2024-04-16,West Bengal,VIP
18288,Customer 18288,Male,53,Kochi,2025-05-22,Kerala,Regular
18289,Customer 18289,Male,33,Mumbai,2024-11-17,Maharashtra,Regular
18290,Customer 18290,Male,43,Pune,2022-07-23,Maharashtra,Loyal
18291,Customer 18291,Male,46,Coimbatore,2023-06-29,Tamil Nadu,Regular
18292,Customer 18292,Female,46,Mumbai,2022-11-05,Maharashtra,Regular
18293,Customer 18293,Male,23,Mumbai,2023-06-12,Maharashtra,Regular
18294,Customer 18294,Male,54,Mumbai,2024-10-05,Maharashtra,Regular
18295,Customer 18295,Female,50,Hyderabad,2025-05-26,Telangana,Loyal
18296,Customer 18296,Male,48,Bengaluru,2023-09-09,Karnataka,Regular
18297,Customer 18297,Female,63,Bengaluru,2025-01-15,Karnataka,New
18298,Customer 18298,Female,58,Jaipur,2022-01-31,Rajasthan,Loyal
18299,Customer 18299,Male,35,Pune,2022-04-10,Maharashtra,Regular
18300,Customer 18300,Female,55,Kolkata,2023-10-29,West Bengal,Regular
18301,Customer 18301,Male,64,Kolkata,2024-03-14,West Bengal,Regular
18302,Customer 18302,Male,48,Kolkata,2023-05-10,West Bengal,VIP
18303,Customer 18303,Female,33,Mumbai,2023-04-16,Maharashtra,Regular
18304,Customer 18304,Male,57,Ahmedabad,2024-01-12,Gujarat,Regular
18305,Customer 18305,Female,54,Noida,2024-01-04,Uttar Pradesh,Regular
18306,Customer 18306,Female,31,Delhi,2024-09-24,Delhi,VIP
18307,Customer 18307,Male,56,Coimbatore,2022-11-27,Tamil Nadu,Loyal
18308,Customer 18308,Female,21,Bengaluru,2025-05-02,Karnataka,New
18309,Customer 18309,Female,47,Ahmedabad,2025-04-29,Gujarat,Loyal
18310,Customer 18310,Other,50,Chennai,2022-09-09,Tamil Nadu,Loyal
18311,Customer 18311,Female,53,Kochi,2024-10-21,Kerala,Loyal
18312,Customer 18312,Female,47,Pune,2025-01-18,Maharashtra,Loyal
18313,Customer 18313,Male,31,Coimbatore,2023-06-02,Tamil Nadu,Regular
18314,Customer 18314,Female,40,Pune,2025-02-13,Maharashtra,Regular
18315,Customer 18315,Male,45,Noida,2022-03-14,Uttar Pradesh,Loyal
18316,Customer 18316,Male,24,Hyderabad,2022-06-05,Telangana,New
18317,Customer 18317,Female,59,Hyderabad,2023-12-24,Telangana,Regular
18318,Customer 18318,Male,27,Mumbai,2022-03-10,Maharashtra,New
18319,Customer 18319,Female,21,Jaipur,2023-04-16,Rajasthan,Loyal
18320,Customer 18320,Male,61,Hyderabad,2023-05-07,Telangana,Loyal
18321,Customer 18321,Female,55,Pune,2022-10-27,Maharashtra,Regular
18322,Customer 18322,Male,30,Chennai,2025-03-13,Tamil Nadu,Loyal
18323,Customer 18323,Male,38,Jaipur,2025-05-14,Rajasthan,Loyal
18324,Customer 18324,Male,50,Mumbai,2024-07-06,Maharashtra,Loyal
18325,Customer 18325,Female,57,Mysuru,2023-12-14,Karnataka,New
18326,Customer 18326,Male,45,Kolkata,2024-01-21,West Bengal,Regular
18327,Customer 18327,Female,40,Coimbatore,2023-02-11,Tamil Nadu,Loyal
18328,Customer 18328,Male,49,Jaipur,2024-07-27,Rajasthan,Regular
18329,Customer 18329,Male,22,Noida,2023-08-03,Uttar Pradesh,Regular
18330,Customer 18330,Male,43,Mumbai,2023-08-05,Maharashtra,Regular
18331,Customer 18331,Male,56,Pune,2024-03-09,Maharashtra,Loyal
18332,Customer 18332,Female,43,Coimbatore,2023-06-13,Tamil Nadu,Regular
18333,Customer 18333,Female,20,Chennai,2022-05-17,Tamil Nadu,Regular
18334,Customer 18334,Male,41,Nagpur,2022-08-07,Maharashtra,Regular
18335,Customer 18335,Female,51,Kochi,2023-06-02,Kerala,Regular
18336,Customer 18336,Female,51,Noida,2022-05-12,Uttar Pradesh,Loyal
18337,Customer 18337,Male,37,Pune,2024-11-07,Maharashtra,Regular
18338,Customer 18338,Male,47,Noida,2023-07-14,Uttar Pradesh,Regular
18339,Customer 18339,Female,59,Bengaluru,2024-07-16,Karnataka,New
18340,Customer 18340,Male,37,Nagpur,2025-03-22,Maharashtra,Regular
18341,Customer 18341,Male,58,Coimbatore,2022-11-28,Tamil Nadu,Loyal
18342,Customer 18342,Male,35,Hyderabad,2022-11-15,Telangana,VIP
18343,Customer 18343,Female,55,Pune,2025-05-07,Maharashtra,Regular
18344,Customer 18344,Male,37,Noida,2024-09-06,Uttar Pradesh,New
18345,Customer 18345,Male,23,Coimbatore,2024-10-30,Tamil Nadu,Regular
18346,Customer 18346,Male,59,Hyderabad,2025-03-08,Telangana,Regular
18347,Customer 18347,Male,42,Chennai,2022-06-16,Tamil Nadu,Regular
18348,Customer 18348,Male,58,Chennai,2022-05-27,Tamil Nadu,Regular
18349,Customer 18349,Female,58,Noida,2024-07-27,Uttar Pradesh,Loyal
18350,Customer 18350,Male,20,Mumbai,2023-03-21,Maharashtra,Loyal
18351,Customer 18351,Female,61,Bengaluru,2022-03-11,Karnataka,Regular
18352,Customer 18352,Male,60,Kochi,2024-04-12,Kerala,Loyal
18353,Customer 18353,Female,63,Mumbai,2024-07-07,Maharashtra,Loyal
18354,Customer 18354,Female,36,Bengaluru,2023-09-08,Karnataka,Regular
18355,Customer 18355,Male,27,Pune,2025-06-06,Maharashtra,Loyal
18356,Customer 18356,Female,22,Kolkata,2022-11-15,West Bengal,Loyal
18357,Customer 18357,Female,39,Jaipur,2022-02-05,Rajasthan,Regular
18358,Customer 18358,Female,26,Mysuru,2022-09-12,Karnataka,Loyal
18359,Customer 18359,Male,50,Noida,2024-08-19,Uttar Pradesh,Regular
18360,Customer 18360,Other,32,Kochi,2022-12-01,Kerala,Regular
18361,Customer 18361,Female,41,Delhi,2024-11-09,Delhi,Regular
18362,Customer 18362,Female,47,Kolkata,2022-10-25,West Bengal,Loyal
18363,Customer 18363,Female,53,Ahmedabad,2024-11-10,Gujarat,New
18364,Customer 18364,Male,56,Noida,2023-04-23,Uttar Pradesh,Regular
18365,Customer 18365,Female,23,Nagpur,2023-04-17,Maharashtra,Regular
18366,Customer 18366,Female,32,Hyderabad,2024-08-19,Telangana,Regular
18367,Customer 18367,Female,55,Nagpur,2023-04-15,Maharashtra,Loyal
18368,Customer 18368,Male,56,Chennai,2024-02-06,Tamil Nadu,Regular
18369,Customer 18369,Female,39,Bengaluru,2023-08-13,Karnataka,Regular
18370,Customer 18370,Male,20,Hyderabad,2024-03-02,Telangana,Loyal
18371,Customer 18371,Female,46,Kolkata,2023-01-21,West Bengal,Loyal
18372,Customer 18372,Male,46,Chennai,2024-07-30,Tamil Nadu,Loyal
18373,Customer 18373,Male,48,Hyderabad,2023-03-22,Telangana,Regular
18374,Customer 18374,Female,62,Mumbai,2022-04-09,Maharashtra,Regular
18375,Customer 18375,Male,19,Chennai,2023-10-17,Tamil Nadu,Loyal
18376,Customer 18376,Female,52,Mumbai,2024-12-14,Maharashtra,Regular
18377,Customer 18377,Female,62,Mumbai,2024-10-23,Maharashtra,Loyal
18378,Customer 18378,Male,26,Hyderabad,2024-07-22,Telangana,New
18379,Customer 18379,Male,39,Coimbatore,2025-05-27,Tamil Nadu,Regular
18380,Customer 18380,Female,36,Nagpur,2025-05-19,Maharashtra,Regular
18381,Customer 18381,Male,54,Chennai,2024-03-27,Tamil Nadu,Regular
18382,Customer 18382,Female,27,Delhi,2023-10-23,Delhi,Regular
18383,Customer 18383,Female,63,Coimbatore,2022-08-20,Tamil Nadu,New
18384,Customer 18384,Male,38,Ahmedabad,2023-08-23,Gujarat,Loyal
18385,Customer 18385,Male,34,Nagpur,2024-07-08,Maharashtra,Regular
18386,Customer 18386,Male,20,Kochi,2025-03-17,Kerala,Regular
18387,Customer 18387,Female,24,Kochi,2025-05-15,Kerala,Regular
18388,Customer 18388,Male,58,Jaipur,2022-12-26,Rajasthan,Regular
18389,Customer 18389,Male,54,Chennai,2024-05-21,Tamil Nadu,Regular
18390,Customer 18390,Female,53,Kolkata,2025-04-20,West Bengal,Loyal
18391,Customer 18391,Female,20,Bengaluru,2023-07-10,Karnataka,Regular
18392,Customer 18392,Male,30,Kochi,2025-05-18,Kerala,Regular
18393,Customer 18393,Male,58,Jaipur,2022-09-07,Rajasthan,Regular
18394,Customer 18394,Female,47,Nagpur,2023-08-19,Maharashtra,Loyal
18395,Customer 18395,Female,40,Delhi,2022-05-19,Delhi,Regular
18396,Customer 18396,Female,24,Noida,2024-09-16,Uttar Pradesh,Regular
18397,Customer 18397,Female,47,Pune,2025-06-08,Maharashtra,Regular
18398,Customer 18398,Female,46,Mumbai,2024-06-28,Maharashtra,Regular
18399,Customer 18399,Female,25,Kochi,2022-01-12,Kerala,Regular
18400,Customer 18400,Female,27,Pune,2024-09-06,Maharashtra,New
18401,Customer 18401,Female,50,Coimbatore,2022-09-30,Tamil Nadu,Regular
18402,Customer 18402,Female,37,Noida,2023-05-03,Uttar Pradesh,New
18403,Customer 18403,Male,46,Mumbai,2025-01-18,Maharashtra,Regular
18404,Customer 18404,Male,46,Chennai,2024-11-14,Tamil Nadu,New
18405,Customer 18405,Female,38,Kochi,2023-06-22,Kerala,Regular
18406,Customer 18406,Male,18,Coimbatore,2024-09-11,Tamil Nadu,Regular
18407,Customer 18407,Female,51,Delhi,2024-12-19,Delhi,Regular
18408,Customer 18408,Male,61,Kochi,2025-04-09,Kerala,Loyal
18409,Customer 18409,Female,49,Hyderabad,2023-08-11,Telangana,Regular
18410,Customer 18410,Male,62,Chennai,2024-02-27,Tamil Nadu,Regular
18411,Customer 18411,Female,31,Nagpur,2024-07-09,Maharashtra,Loyal
18412,Customer 18412,Female,54,Hyderabad,2024-10-30,Telangana,New
18413,Customer 18413,Male,52,Coimbatore,2022-08-31,Tamil Nadu,New
18414,Customer 18414,Female,41,Nagpur,2025-04-16,Maharashtra,New
18415,Customer 18415,Male,18,Delhi,2024-03-08,Delhi,New
18416,Customer 18416,Male,63,Ahmedabad,2022-09-14,Gujarat,Regular
18417,Customer 18417,Male,23,Pune,2022-11-06,Maharashtra,Regular
18418,Customer 18418,Male,21,Nagpur,2023-05-31,Maharashtra,New
18419,Customer 18419,Other,55,Pune,2025-05-23,Maharashtra,VIP
18420,Customer 18420,Male,18,Jaipur,2024-11-19,Rajasthan,Loyal
18421,Customer 18421,Female,58,Mumbai,2024-12-24,Maharashtra,VIP
18422,Customer 18422,Male,48,Bengaluru,2023-09-28,Karnataka,New
18423,Customer 18423,Female,53,Mysuru,2024-03-07,Karnataka,Loyal
18424,Customer 18424,Male,26,Jaipur,2025-03-22,Rajasthan,Loyal
18425,Customer 18425,Female,58,Chennai,2022-02-09,Tamil Nadu,Loyal
18426,Customer 18426,Female,62,Mysuru,2024-11-15,Karnataka,Regular
18427,Customer 18427,Female,40,Mumbai,2025-03-28,Maharashtra,Loyal
18428,Customer 18428,Male,48,Nagpur,2023-08-04,Maharashtra,New
18429,Customer 18429,Female,46,Mumbai,2022-01-01,Maharashtra,New
18430,Customer 18430,Male,38,Kolkata,2022-03-20,West Bengal,New
18431,Customer 18431,Male,20,Mysuru,2025-06-05,Karnataka,Loyal
18432,Customer 18432,Male,43,Mysuru,2023-09-12,Karnataka,New
18433,Customer 18433,Male,23,Ahmedabad,2023-05-16,Gujarat,New
18434,Customer 18434,Male,37,Kolkata,2025-02-21,West Bengal,VIP
18435,Customer 18435,Female,64,Jaipur,2024-09-04,Rajasthan,New
18436,Customer 18436,Male,63,Chennai,2025-06-29,Tamil Nadu,Loyal
18437,Customer 18437,Male,30,Hyderabad,2023-05-01,Telangana,Loyal
18438,Customer 18438,Male,58,Noida,2023-04-23,Uttar Pradesh,New
18439,Customer 18439,Female,40,Ahmedabad,2022-11-29,Gujarat,New
18440,Customer 18440,Female,32,Mumbai,2025-06-09,Maharashtra,Regular
18441,Customer 18441,Male,63,Bengaluru,2022-01-30,Karnataka,VIP
18442,Customer 18442,Female,48,Noida,2023-12-28,Uttar Pradesh,Loyal
18443,Customer 18443,Female,21,Kolkata,2022-06-22,West Bengal,Regular
18444,Customer 18444,Male,28,Mumbai,2024-03-02,Maharashtra,Regular
18445,Customer 18445,Female,19,Delhi,2023-04-13,Delhi,Regular
18446,Customer 18446,Female,33,Kolkata,2023-12-24,West Bengal,Loyal
18447,Customer 18447,Female,48,Coimbatore,2023-02-01,Tamil Nadu,Regular
18448,Customer 18448,Male,56,Coimbatore,2022-05-05,Tamil Nadu,New
18449,Customer 18449,Male,60,Ahmedabad,2025-01-08,Gujarat,Loyal
18450,Customer 18450,Male,61,Mysuru,2023-11-27,Karnataka,Regular
18451,Customer 18451,Female,21,Coimbatore,2023-06-11,Tamil Nadu,New
18452,Customer 18452,Female,45,Ahmedabad,2025-01-17,Gujarat,Loyal
18453,Customer 18453,Male,33,Pune,2024-10-23,Maharashtra,Regular
18454,Customer 18454,Male,56,Kochi,2023-06-20,Kerala,Regular
18455,Customer 18455,Female,42,Jaipur,2023-08-24,Rajasthan,Loyal
18456,Customer 18456,Female,30,Bengaluru,2024-09-14,Karnataka,Regular
18457,Customer 18457,Female,22,Kochi,2023-08-29,Kerala,Regular
18458,Customer 18458,Female,47,Kochi,2024-12-30,Kerala,Loyal
18459,Customer 18459,Female,18,Coimbatore,2023-12-01,Tamil Nadu,Regular
18460,Customer 18460,Male,22,Nagpur,2022-05-19,Maharashtra,Loyal
18461,Customer 18461,Male,31,Pune,2022-01-10,Maharashtra,Regular
18462,Customer 18462,Male,28,Noida,2022-05-10,Uttar Pradesh,Regular
18463,Customer 18463,Female,51,Pune,2023-02-05,Maharashtra,New
18464,Customer 18464,Male,46,Jaipur,2025-05-29,Rajasthan,Regular
18465,Customer 18465,Female,35,Mumbai,2023-10-04,Maharashtra,Loyal
18466,Customer 18466,Male,32,Mysuru,2023-03-13,Karnataka,Regular
18467,Customer 18467,Male,63,Ahmedabad,2025-02-10,Gujarat,Regular
18468,Customer 18468,Female,42,Chennai,2025-05-26,Tamil Nadu,Loyal
18469,Customer 18469,Male,47,Chennai,2022-02-27,Tamil Nadu,New
18470,Customer 18470,Male,62,Delhi,2025-02-10,Delhi,Loyal
18471,Customer 18471,Female,19,Bengaluru,2023-12-01,Karnataka,Regular
18472,Customer 18472,Male,57,Mumbai,2025-02-19,Maharashtra,Regular
18473,Customer 18473,Female,44,Chennai,2023-02-12,Tamil Nadu,Regular
18474,Customer 18474,Female,32,Mysuru,2025-01-13,Karnataka,New
18475,Customer 18475,Female,49,Noida,2023-02-04,Uttar Pradesh,Regular
18476,Customer 18476,Female,37,Chennai,2022-12-22,Tamil Nadu,Regular
18477,Customer 18477,Male,31,Nagpur,2022-04-09,Maharashtra,Regular
18478,Customer 18478,Female,44,Pune,2023-06-02,Maharashtra,Loyal
18479,Customer 18479,Male,20,Chennai,2022-04-18,Tamil Nadu,Regular
18480,Customer 18480,Male,20,Jaipur,2022-06-01,Rajasthan,Loyal
18481,Customer 18481,Male,30,Mumbai,2024-06-24,Maharashtra,Regular
18482,Customer 18482,Male,42,Coimbatore,2024-04-29,Tamil Nadu,New
18483,Customer 18483,Female,35,Coimbatore,2024-01-19,Tamil Nadu,Regular
18484,Customer 18484,Male,18,Noida,2022-01-27,Uttar Pradesh,New
18485,Customer 18485,Female,56,Jaipur,2022-04-29,Rajasthan,VIP
18486,Customer 18486,Male,22,Coimbatore,2023-12-24,Tamil Nadu,Loyal
18487,Customer 18487,Male,19,Ahmedabad,2022-04-10,Gujarat,New
18488,Customer 18488,Female,47,Kolkata,2022-01-03,West Bengal,Regular
18489,Customer 18489,Male,34,Noida,2024-03-16,Uttar Pradesh,VIP
18490,Customer 18490,Female,46,Mumbai,2025-02-03,Maharashtra,Loyal
18491,Customer 18491,Male,59,Bengaluru,2025-06-07,Karnataka,Regular
18492,Customer 18492,Male,21,Jaipur,2022-10-31,Rajasthan,Regular
18493,Customer 18493,Male,26,Coimbatore,2022-06-26,Tamil Nadu,Regular
18494,Customer 18494,Female,38,Kolkata,2022-03-25,West Bengal,Loyal
18495,Customer 18495,Male,60,Delhi,2022-09-20,Delhi,Loyal
18496,Customer 18496,Male,29,Mysuru,2025-05-04,Karnataka,Regular
18497,Customer 18497,Male,29,Jaipur,2025-06-26,Rajasthan,New
18498,Customer 18498,Female,21,Pune,2023-04-03,Maharashtra,VIP
18499,Customer 18499,Female,45,Coimbatore,2023-02-13,Tamil Nadu,Loyal
18500,Customer 18500,Female,26,Noida,2025-01-09,Uttar Pradesh,New
18501,Customer 18501,Male,57,Mumbai,2022-07-25,Maharashtra,New
18502,Customer 18502,Female,49,Coimbatore,2024-03-30,Tamil Nadu,Regular
18503,Customer 18503,Female,30,Chennai,2024-10-11,Tamil Nadu,Regular
18504,Customer 18504,Female,51,Coimbatore,2024-03-12,Tamil Nadu,Regular
18505,Customer 18505,Female,36,Kochi,2024-06-13,Kerala,New
18506,Customer 18506,Female,31,Jaipur,2024-05-22,Rajasthan,VIP
18507,Customer 18507,Male,22,Noida,2023-01-23,Uttar Pradesh,Loyal
18508,Customer 18508,Female,44,Nagpur,2024-06-12,Maharashtra,New
18509,Customer 18509,Female,45,Nagpur,2024-02-06,Maharashtra,Loyal
18510,Customer 18510,Male,43,Coimbatore,2024-10-28,Tamil Nadu,Loyal
18511,Customer 18511,Male,27,Jaipur,2023-03-26,Rajasthan,Regular
18512,Customer 18512,Female,41,Pune,2022-12-08,Maharashtra,Loyal
18513,Customer 18513,Male,34,Mumbai,2025-01-01,Maharashtra,Regular
18514,Customer 18514,Female,33,Delhi,2024-05-09,Delhi,Loyal
18515,Customer 18515,Male,34,Delhi,2022-05-01,Delhi,Regular
18516,Customer 18516,Male,18,Coimbatore,2022-10-29,Tamil Nadu,Regular
18517,Customer 18517,Male,38,Coimbatore,2024-08-18,Tamil Nadu,Regular
18518,Customer 18518,Male,64,Nagpur,2024-06-02,Maharashtra,Regular
18519,Customer 18519,Male,60,Noida,2024-05-30,Uttar Pradesh,Regular
18520,Customer 18520,Male,39,Pune,2022-08-22,Maharashtra,VIP
18521,Customer 18521,Female,22,Kolkata,2022-03-07,West Bengal,Regular
18522,Customer 18522,Other,53,Coimbatore,2022-08-18,Tamil Nadu,New
18523,Customer 18523,Male,38,Delhi,2024-07-10,Delhi,New
18524,Customer 18524,Female,26,Mumbai,2022-02-20,Maharashtra,Loyal
18525,Customer 18525,Female,44,Jaipur,2023-10-21,Rajasthan,Regular
18526,Customer 18526,Female,29,Kochi,2023-01-22,Kerala,Regular
18527,Customer 18527,Female,35,Bengaluru,2024-11-27,Karnataka,Loyal
18528,Customer 18528,Male,52,Chennai,2024-01-23,Tamil Nadu,VIP
18529,Customer 18529,Male,32,Coimbatore,2025-04-11,Tamil Nadu,Loyal
18530,Customer 18530,Male,61,Noida,2023-05-08,Uttar Pradesh,New
18531,Customer 18531,Male,47,Coimbatore,2022-02-10,Tamil Nadu,Regular
18532,Customer 18532,Female,62,Noida,2024-08-03,Uttar Pradesh,Loyal
18533,Customer 18533,Male,50,Pune,2025-02-26,Maharashtra,Loyal
18534,Customer 18534,Female,53,Kochi,2024-12-13,Kerala,VIP
18535,Customer 18535,Female,57,Bengaluru,2022-03-27,Karnataka,Regular
18536,Customer 18536,Female,47,Mysuru,2022-10-23,Karnataka,Loyal
18537,Customer 18537,Female,43,Kochi,2024-11-10,Kerala,New
18538,Customer 18538,Male,38,Ahmedabad,2025-05-23,Gujarat,Regular
18539,Customer 18539,Female,54,Mumbai,2023-03-01,Maharashtra,Regular
18540,Customer 18540,Male,60,Mumbai,2022-07-08,Maharashtra,VIP
18541,Customer 18541,Female,48,Noida,2022-06-10,Uttar Pradesh,New
18542,Customer 18542,Female,34,Nagpur,2023-12-14,Maharashtra,Regular
18543,Customer 18543,Female,34,Noida,2023-01-16,Uttar Pradesh,VIP
18544,Customer 18544,Male,51,Nagpur,2022-09-01,Maharashtra,Regular
18545,Customer 18545,Female,41,Ahmedabad,2022-07-02,Gujarat,Regular
18546,Customer 18546,Male,50,Hyderabad,2023-06-28,Telangana,Loyal
18547,Customer 18547,Male,21,Delhi,2024-02-18,Delhi,Loyal
18548,Customer 18548,Female,26,Kochi,2024-08-05,Kerala,Regular
18549,Customer 18549,Male,19,Kolkata,2022-04-03,West Bengal,VIP
18550,Customer 18550,Other,52,Ahmedabad,2023-01-03,Gujarat,Regular
18551,Customer 18551,Male,55,Mumbai,2022-06-08,Maharashtra,Loyal
18552,Customer 18552,Female,62,Kochi,2023-02-02,Kerala,Loyal
18553,Customer 18553,Male,32,Kolkata,2025-04-18,West Bengal,Regular
18554,Customer 18554,Female,60,Pune,2023-03-14,Maharashtra,Loyal
18555,Customer 18555,Female,59,Noida,2023-01-08,Uttar Pradesh,New
18556,Customer 18556,Female,20,Pune,2022-11-02,Maharashtra,New
18557,Customer 18557,Male,48,Bengaluru,2024-09-11,Karnataka,Loyal
18558,Customer 18558,Female,58,Pune,2025-05-26,Maharashtra,New
18559,Customer 18559,Male,59,Coimbatore,2024-09-08,Tamil Nadu,New
18560,Customer 18560,Male,40,Jaipur,2022-11-25,Rajasthan,Regular
18561,Customer 18561,Male,29,Delhi,2022-12-09,Delhi,New
18562,Customer 18562,Female,25,Coimbatore,2023-12-25,Tamil Nadu,Loyal
18563,Customer 18563,Male,38,Ahmedabad,2025-04-01,Gujarat,Loyal
18564,Customer 18564,Female,38,Chennai,2022-06-07,Tamil Nadu,Regular
18565,Customer 18565,Female,49,Noida,2025-02-07,Uttar Pradesh,Regular
18566,Customer 18566,Male,34,Mumbai,2022-12-16,Maharashtra,Regular
18567,Customer 18567,Female,54,Kolkata,2023-12-27,West Bengal,Regular
18568,Customer 18568,Male,41,Noida,2022-12-31,Uttar Pradesh,Regular
18569,Customer 18569,Female,25,Delhi,2022-01-15,Delhi,New
18570,Customer 18570,Male,35,Mysuru,2022-06-02,Karnataka,Regular
18571,Customer 18571,Female,28,Kolkata,2023-06-16,West Bengal,Regular
18572,Customer 18572,Male,27,Mysuru,2024-08-24,Karnataka,VIP
18573,Customer 18573,Male,43,Chennai,2024-12-11,Tamil Nadu,Loyal
18574,Customer 18574,Male,64,Delhi,2024-05-04,Delhi,Loyal
18575,Customer 18575,Male,23,Jaipur,2023-04-14,Rajasthan,Regular
18576,Customer 18576,Male,34,Hyderabad,2024-05-28,Telangana,Loyal
18577,Customer 18577,Male,40,Hyderabad,2023-08-19,Telangana,VIP
18578,Customer 18578,Male,59,Kochi,2023-01-02,Kerala,VIP
18579,Customer 18579,Female,54,Hyderabad,2023-10-03,Telangana,New
18580,Customer 18580,Female,45,Mumbai,2024-05-11,Maharashtra,Regular
18581,Customer 18581,Female,33,Mumbai,2024-06-12,Maharashtra,Regular
18582,Customer 18582,Female,29,Hyderabad,2024-11-05,Telangana,Regular
18583,Customer 18583,Female,38,Mysuru,2023-08-12,Karnataka,VIP
18584,Customer 18584,Female,41,Delhi,2022-04-02,Delhi,Regular
18585,Customer 18585,Male,45,Pune,2023-04-03,Maharashtra,Regular
18586,Customer 18586,Female,54,Delhi,2024-12-11,Delhi,Regular
18587,Customer 18587,Male,38,Ahmedabad,2025-02-18,Gujarat,Regular
18588,Customer 18588,Female,50,Kochi,2024-12-09,Kerala,Loyal
18589,Customer 18589,Female,19,Hyderabad,2023-01-22,Telangana,Regular
18590,Customer 18590,Male,54,Delhi,2023-01-06,Delhi,Regular
18591,Customer 18591,Female,36,Bengaluru,2022-07-03,Karnataka,Regular
18592,Customer 18592,Male,45,Mumbai,2024-02-11,Maharashtra,New
18593,Customer 18593,Male,32,Mumbai,2022-07-24,Maharashtra,Loyal
18594,Customer 18594,Male,18,Mysuru,2024-08-11,Karnataka,Loyal
18595,Customer 18595,Female,60,Pune,2022-06-21,Maharashtra,Regular
18596,Customer 18596,Female,45,Kochi,2024-04-04,Kerala,VIP
18597,Customer 18597,Female,52,Hyderabad,2022-08-10,Telangana,Regular
18598,Customer 18598,Male,49,Noida,2025-04-06,Uttar Pradesh,Loyal
18599,Customer 18599,Female,45,Kolkata,2025-06-21,West Bengal,Loyal
18600,Customer 18600,Female,26,Mysuru,2025-05-26,Karnataka,Loyal
18601,Customer 18601,Male,41,Mysuru,2024-12-15,Karnataka,Regular
18602,Customer 18602,Female,21,Pune,2023-09-07,Maharashtra,New
18603,Customer 18603,Male,62,Coimbatore,2022-06-16,Tamil Nadu,Loyal
18604,Customer 18604,Male,58,Jaipur,2022-05-22,Rajasthan,VIP
18605,Customer 18605,Male,20,Hyderabad,2022-05-05,Telangana,Regular
18606,Customer 18606,Female,39,Noida,2022-03-31,Uttar Pradesh,Regular
18607,Customer 18607,Male,57,Jaipur,2022-11-07,Rajasthan,Regular
18608,Customer 18608,Male,56,Mumbai,2024-08-09,Maharashtra,Loyal
18609,Customer 18609,Male,42,Pune,2022-08-04,Maharashtra,New
18610,Customer 18610,Male,39,Noida,2025-04-24,Uttar Pradesh,Loyal
18611,Customer 18611,Male,64,Bengaluru,2024-06-01,Karnataka,Loyal
18612,Customer 18612,Male,51,Mysuru,2025-03-22,Karnataka,Regular
18613,Customer 18613,Female,37,Jaipur,2024-01-31,Rajasthan,New
18614,Customer 18614,Male,53,Pune,2022-04-06,Maharashtra,Loyal
18615,Customer 18615,Female,54,Mumbai,2023-12-11,Maharashtra,New
18616,Customer 18616,Female,56,Delhi,2022-05-29,Delhi,Regular
18617,Customer 18617,Male,44,Kochi,2024-07-16,Kerala,New
18618,Customer 18618,Male,64,Mumbai,2023-12-16,Maharashtra,Regular
18619,Customer 18619,Female,49,Jaipur,2024-06-01,Rajasthan,Regular
18620,Customer 18620,Male,59,Bengaluru,2025-06-04,Karnataka,Loyal
18621,Customer 18621,Male,46,Pune,2022-12-24,Maharashtra,Loyal
18622,Customer 18622,Male,58,Kolkata,2023-08-11,West Bengal,VIP
18623,Customer 18623,Female,49,Bengaluru,2022-11-12,Karnataka,Regular
18624,Customer 18624,Female,41,Hyderabad,2024-06-03,Telangana,New
18625,Customer 18625,Other,20,Hyderabad,2024-11-25,Telangana,Regular
18626,Customer 18626,Female,44,Kolkata,2023-03-26,West Bengal,New
18627,Customer 18627,Male,26,Ahmedabad,2024-04-24,Gujarat,New
18628,Customer 18628,Male,57,Delhi,2022-03-31,Delhi,Regular
18629,Customer 18629,Male,40,Jaipur,2023-06-25,Rajasthan,Regular
18630,Customer 18630,Male,24,Kolkata,2022-06-25,West Bengal,New
18631,Customer 18631,Male,34,Ahmedabad,2023-10-10,Gujarat,Regular
18632,Customer 18632,Male,54,Mysuru,2024-06-19,Karnataka,Regular
18633,Customer 18633,Male,24,Coimbatore,2023-11-18,Tamil Nadu,Regular
18634,Customer 18634,Male,47,Nagpur,2025-04-09,Maharashtra,Loyal
18635,Customer 18635,Male,30,Noida,2023-01-29,Uttar Pradesh,New
18636,Customer 18636,Female,35,Bengaluru,2023-05-19,Karnataka,Regular
18637,Customer 18637,Female,48,Noida,2025-03-03,Uttar Pradesh,New
18638,Customer 18638,Other,39,Delhi,2024-08-13,Delhi,New
18639,Customer 18639,Male,31,Noida,2024-11-15,Uttar Pradesh,Loyal
18640,Customer 18640,Male,35,Noida,2022-04-10,Uttar Pradesh,Regular
18641,Customer 18641,Male,52,Kochi,2023-03-01,Kerala,Loyal
18642,Customer 18642,Male,34,Ahmedabad,2024-11-19,Gujarat,Regular
18643,Customer 18643,Male,36,Mumbai,2024-06-24,Maharashtra,Regular
18644,Customer 18644,Female,48,Pune,2023-05-11,Maharashtra,Loyal
18645,Customer 18645,Other,56,Mysuru,2023-10-13,Karnataka,Loyal
18646,Customer 18646,Male,53,Nagpur,2024-09-24,Maharashtra,New
18647,Customer 18647,Male,32,Pune,2025-04-29,Maharashtra,Loyal
18648,Customer 18648,Male,46,Mumbai,2025-04-25,Maharashtra,Regular
18649,Customer 18649,Male,57,Noida,2022-05-20,Uttar Pradesh,Regular
18650,Customer 18650,Male,33,Nagpur,2022-11-16,Maharashtra,Loyal
18651,Customer 18651,Male,50,Mumbai,2023-01-04,Maharashtra,VIP
18652,Customer 18652,Male,42,Ahmedabad,2022-10-24,Gujarat,New
18653,Customer 18653,Male,33,Mumbai,2025-05-08,Maharashtra,Loyal
18654,Customer 18654,Male,47,Ahmedabad,2024-03-06,Gujarat,Regular
18655,Customer 18655,Male,51,Mumbai,2025-01-08,Maharashtra,Regular
18656,Customer 18656,Male,19,Hyderabad,2023-05-16,Telangana,Loyal
18657,Customer 18657,Other,57,Nagpur,2022-09-16,Maharashtra,Regular
18658,Customer 18658,Male,61,Kolkata,2025-02-18,West Bengal,New
18659,Customer 18659,Female,60,Mumbai,2024-12-14,Maharashtra,Regular
18660,Customer 18660,Female,55,Coimbatore,2022-01-18,Tamil Nadu,Loyal
18661,Customer 18661,Female,35,Noida,2022-04-20,Uttar Pradesh,Regular
18662,Customer 18662,Female,22,Nagpur,2022-11-27,Maharashtra,New
18663,Customer 18663,Female,64,Hyderabad,2024-08-03,Telangana,Regular
18664,Customer 18664,Female,57,Bengaluru,2022-09-25,Karnataka,Loyal
18665,Customer 18665,Male,23,Bengaluru,2023-03-11,Karnataka,Loyal
18666,Customer 18666,Male,29,Mysuru,2023-03-26,Karnataka,Loyal
18667,Customer 18667,Other,29,Chennai,2022-10-24,Tamil Nadu,Loyal
18668,Customer 18668,Female,29,Coimbatore,2025-03-06,Tamil Nadu,New
18669,Customer 18669,Female,26,Kochi,2023-12-20,Kerala,Regular
18670,Customer 18670,Female,59,Kochi,2024-10-17,Kerala,Regular
18671,Customer 18671,Female,39,Bengaluru,2022-07-03,Karnataka,New
18672,Customer 18672,Female,33,Hyderabad,2023-02-16,Telangana,Regular
18673,Customer 18673,Female,21,Jaipur,2022-11-16,Rajasthan,Loyal
18674,Customer 18674,Female,20,Chennai,2024-01-11,Tamil Nadu,New
18675,Customer 18675,Female,33,Kochi,2024-03-15,Kerala,Regular
18676,Customer 18676,Female,31,Mumbai,2023-02-21,Maharashtra,Regular
18677,Customer 18677,Female,58,Mumbai,2024-05-31,Maharashtra,New
18678,Customer 18678,Female,55,Delhi,2024-03-01,Delhi,Regular
18679,Customer 18679,Male,21,Noida,2022-03-31,Uttar Pradesh,Loyal
18680,Customer 18680,Male,19,Chennai,2024-01-29,Tamil Nadu,New
18681,Customer 18681,Female,27,Noida,2025-01-03,Uttar Pradesh,New
18682,Customer 18682,Female,28,Hyderabad,2023-07-28,Telangana,Loyal
18683,Customer 18683,Male,56,Jaipur,2024-08-20,Rajasthan,Regular
18684,Customer 18684,Male,43,Coimbatore,2024-07-24,Tamil Nadu,Loyal
18685,Customer 18685,Female,54,Ahmedabad,2024-11-17,Gujarat,Regular
18686,Customer 18686,Female,43,Chennai,2023-03-02,Tamil Nadu,Loyal
18687,Customer 18687,Female,21,Bengaluru,2024-06-01,Karnataka,Regular
18688,Customer 18688,Female,43,Coimbatore,2024-02-25,Tamil Nadu,Regular
18689,Customer 18689,Male,55,Delhi,2023-06-19,Delhi,New
18690,Customer 18690,Male,45,Kochi,2022-10-12,Kerala,Regular
18691,Customer 18691,Male,19,Kolkata,2023-09-14,West Bengal,Loyal
18692,Customer 18692,Female,19,Noida,2025-02-03,Uttar Pradesh,Regular
18693,Customer 18693,Male,33,Noida,2023-05-19,Uttar Pradesh,New
18694,Customer 18694,Female,40,Kochi,2022-02-15,Kerala,Regular
18695,Customer 18695,Female,40,Coimbatore,2025-03-13,Tamil Nadu,Regular
18696,Customer 18696,Female,30,Mumbai,2023-06-21,Maharashtra,Regular
18697,Customer 18697,Female,38,Noida,2022-03-03,Uttar Pradesh,Regular
18698,Customer 18698,Male,56,Delhi,2025-01-10,Delhi,Regular
18699,Customer 18699,Female,42,Jaipur,2022-12-02,Rajasthan,Regular
18700,Customer 18700,Male,54,Bengaluru,2022-07-30,Karnataka,Loyal
18701,Customer 18701,Male,30,Nagpur,2023-02-04,Maharashtra,Regular
18702,Customer 18702,Male,32,Bengaluru,2023-12-10,Karnataka,Regular
18703,Customer 18703,Male,45,Bengaluru,2022-12-13,Karnataka,Regular
18704,Customer 18704,Female,20,Jaipur,2025-05-06,Rajasthan,Loyal
18705,Customer 18705,Female,40,Noida,2023-01-12,Uttar Pradesh,New
18706,Customer 18706,Male,21,Kolkata,2025-03-31,West Bengal,Regular
18707,Customer 18707,Male,64,Pune,2025-05-16,Maharashtra,Regular
18708,Customer 18708,Female,20,Kochi,2024-03-31,Kerala,Regular
18709,Customer 18709,Female,56,Ahmedabad,2024-07-07,Gujarat,Regular
18710,Customer 18710,Male,25,Kochi,2022-02-13,Kerala,Loyal
18711,Customer 18711,Female,60,Mumbai,2024-03-10,Maharashtra,New
18712,Customer 18712,Female,42,Ahmedabad,2024-02-26,Gujarat,Regular
18713,Customer 18713,Female,58,Noida,2024-01-03,Uttar Pradesh,Loyal
18714,Customer 18714,Male,29,Ahmedabad,2024-08-25,Gujarat,Regular
18715,Customer 18715,Female,22,Mumbai,2025-03-15,Maharashtra,New
18716,Customer 18716,Female,50,Jaipur,2024-12-28,Rajasthan,Regular
18717,Customer 18717,Female,63,Kochi,2023-10-14,Kerala,VIP
18718,Customer 18718,Female,42,Hyderabad,2023-06-06,Telangana,New
18719,Customer 18719,Female,42,Kochi,2022-04-21,Kerala,New
18720,Customer 18720,Male,52,Pune,2023-08-31,Maharashtra,Regular
18721,Customer 18721,Female,32,Ahmedabad,2024-12-14,Gujarat,Regular
18722,Customer 18722,Female,59,Noida,2025-05-31,Uttar Pradesh,Regular
18723,Customer 18723,Female,43,Mysuru,2024-06-14,Karnataka,Loyal
18724,Customer 18724,Male,27,Ahmedabad,2023-06-08,Gujarat,New
18725,Customer 18725,Male,41,Bengaluru,2022-05-26,Karnataka,Loyal
18726,Customer 18726,Female,52,Hyderabad,2022-09-21,Telangana,Regular
18727,Customer 18727,Female,46,Pune,2023-04-13,Maharashtra,Loyal
18728,Customer 18728,Male,55,Noida,2024-05-21,Uttar Pradesh,VIP
18729,Customer 18729,Female,22,Delhi,2024-08-16,Delhi,Regular
18730,Customer 18730,Male,41,Coimbatore,2025-04-25,Tamil Nadu,Regular
18731,Customer 18731,Other,36,Jaipur,2025-01-27,Rajasthan,Loyal
18732,Customer 18732,Female,63,Coimbatore,2023-11-10,Tamil Nadu,Regular
18733,Customer 18733,Male,61,Mumbai,2025-05-07,Maharashtra,Regular
18734,Customer 18734,Female,26,Kochi,2024-01-28,Kerala,VIP
18735,Customer 18735,Female,43,Ahmedabad,2025-03-23,Gujarat,Regular
18736,Customer 18736,Male,42,Pune,2024-07-07,Maharashtra,New
18737,Customer 18737,Female,52,Bengaluru,2025-01-24,Karnataka,Loyal
18738,Customer 18738,Male,53,Bengaluru,2023-07-29,Karnataka,Regular
18739,Customer 18739,Female,31,Kolkata,2023-12-07,West Bengal,New
18740,Customer 18740,Male,23,Kochi,2024-04-13,Kerala,New
18741,Customer 18741,Male,49,Nagpur,2024-03-24,Maharashtra,Regular
18742,Customer 18742,Male,43,Coimbatore,2023-02-03,Tamil Nadu,Loyal
18743,Customer 18743,Male,32,Ahmedabad,2023-08-25,Gujarat,VIP
18744,Customer 18744,Female,48,Hyderabad,2022-11-24,Telangana,Regular
18745,Customer 18745,Male,54,Pune,2023-01-30,Maharashtra,Loyal
18746,Customer 18746,Male,55,Bengaluru,2023-07-02,Karnataka,Regular
18747,Customer 18747,Female,54,Kochi,2024-11-07,Kerala,Loyal
18748,Customer 18748,Female,36,Nagpur,2024-07-07,Maharashtra,Regular
18749,Customer 18749,Female,31,Pune,2022-03-18,Maharashtra,Regular
18750,Customer 18750,Female,53,Ahmedabad,2024-12-08,Gujarat,Regular
18751,Customer 18751,Female,54,Jaipur,2024-10-14,Rajasthan,New
18752,Customer 18752,Male,28,Kochi,2022-05-09,Kerala,New
18753,Customer 18753,Male,44,Chennai,2023-06-03,Tamil Nadu,Regular
18754,Customer 18754,Female,19,Jaipur,2022-10-31,Rajasthan,VIP
18755,Customer 18755,Male,39,Bengaluru,2025-02-09,Karnataka,VIP
18756,Customer 18756,Male,19,Chennai,2023-12-26,Tamil Nadu,Loyal
18757,Customer 18757,Male,37,Pune,2024-06-30,Maharashtra,Regular
18758,Customer 18758,Male,61,Ahmedabad,2024-03-26,Gujarat,Regular
18759,Customer 18759,Female,34,Bengaluru,2024-08-31,Karnataka,Regular
18760,Customer 18760,Female,21,Kolkata,2024-03-29,West Bengal,Regular
18761,Customer 18761,Female,31,Chennai,2022-12-29,Tamil Nadu,New
18762,Customer 18762,Female,24,Kochi,2024-12-25,Kerala,Regular
18763,Customer 18763,Male,32,Mysuru,2024-11-20,Karnataka,New
18764,Customer 18764,Male,47,Nagpur,2024-03-19,Maharashtra,Loyal
18765,Customer 18765,Other,33,Hyderabad,2024-11-03,Telangana,Loyal
18766,Customer 18766,Male,57,Coimbatore,2023-07-24,Tamil Nadu,Regular
18767,Customer 18767,Male,19,Nagpur,2024-08-27,Maharashtra,Regular
18768,Customer 18768,Female,36,Chennai,2025-06-19,Tamil Nadu,Regular
18769,Customer 18769,Female,18,Bengaluru,2022-12-19,Karnataka,Regular
18770,Customer 18770,Male,48,Kolkata,2025-06-25,West Bengal,Regular
18771,Customer 18771,Female,21,Mysuru,2023-09-02,Karnataka,Loyal
18772,Customer 18772,Other,44,Kolkata,2023-04-13,West Bengal,Regular
18773,Customer 18773,Male,42,Mysuru,2024-07-12,Karnataka,Regular
18774,Customer 18774,Female,39,Coimbatore,2023-01-23,Tamil Nadu,Regular
18775,Customer 18775,Male,60,Kolkata,2024-01-29,West Bengal,Regular
18776,Customer 18776,Female,27,Mysuru,2023-03-18,Karnataka,Regular
18777,Customer 18777,Female,50,Kolkata,2023-05-31,West Bengal,Regular
18778,Customer 18778,Female,61,Nagpur,2024-04-22,Maharashtra,Regular
18779,Customer 18779,Male,47,Noida,2022-02-14,Uttar Pradesh,Loyal
18780,Customer 18780,Male,47,Mysuru,2023-12-24,Karnataka,Regular
18781,Customer 18781,Male,33,Coimbatore,2024-01-26,Tamil Nadu,New
18782,Customer 18782,Female,26,Mysuru,2022-07-22,Karnataka,Loyal
18783,Customer 18783,Male,34,Mysuru,2023-06-23,Karnataka,New
18784,Customer 18784,Male,52,Delhi,2023-01-21,Delhi,Regular
18785,Customer 18785,Male,64,Nagpur,2023-09-22,Maharashtra,Regular
18786,Customer 18786,Male,32,Jaipur,2024-08-25,Rajasthan,Loyal
18787,Customer 18787,Male,45,Chennai,2024-01-08,Tamil Nadu,Regular
18788,Customer 18788,Female,37,Mumbai,2022-12-26,Maharashtra,New
18789,Customer 18789,Male,50,Noida,2024-09-09,Uttar Pradesh,Regular
18790,Customer 18790,Male,50,Mysuru,2022-07-24,Karnataka,Loyal
18791,Customer 18791,Female,53,Hyderabad,2025-06-24,Telangana,Regular
18792,Customer 18792,Female,30,Mysuru,2024-09-17,Karnataka,Regular
18793,Customer 18793,Male,21,Delhi,2024-12-08,Delhi,Loyal
18794,Customer 18794,Male,40,Kolkata,2023-01-01,West Bengal,Regular
18795,Customer 18795,Female,25,Chennai,2022-09-10,Tamil Nadu,New
18796,Customer 18796,Male,30,Hyderabad,2022-03-19,Telangana,Loyal
18797,Customer 18797,Female,41,Noida,2024-02-08,Uttar Pradesh,Regular
18798,Customer 18798,Male,57,Hyderabad,2023-09-24,Telangana,Loyal
18799,Customer 18799,Male,63,Jaipur,2024-09-13,Rajasthan,New
18800,Customer 18800,Male,47,Nagpur,2023-02-21,Maharashtra,Regular
18801,Customer 18801,Female,47,Coimbatore,2024-11-24,Tamil Nadu,Regular
18802,Customer 18802,Female,42,Kochi,2022-11-08,Kerala,Regular
18803,Customer 18803,Male,50,Coimbatore,2025-03-12,Tamil Nadu,Regular
18804,Customer 18804,Female,26,Kochi,2022-07-16,Kerala,Loyal
18805,Customer 18805,Male,43,Noida,2024-09-23,Uttar Pradesh,Regular
18806,Customer 18806,Male,41,Ahmedabad,2022-09-17,Gujarat,Loyal
18807,Customer 18807,Female,50,Chennai,2023-08-19,Tamil Nadu,New
18808,Customer 18808,Male,56,Ahmedabad,2025-04-30,Gujarat,Loyal
18809,Customer 18809,Female,42,Coimbatore,2023-06-18,Tamil Nadu,Regular
18810,Customer 18810,Female,62,Kochi,2022-01-24,Kerala,New
18811,Customer 18811,Female,32,Pune,2024-07-31,Maharashtra,Regular
18812,Customer 18812,Female,58,Delhi,2025-01-03,Delhi,New
18813,Customer 18813,Male,58,Noida,2024-07-11,Uttar Pradesh,Regular
18814,Customer 18814,Male,23,Noida,2023-11-10,Uttar Pradesh,Regular
18815,Customer 18815,Male,37,Mumbai,2022-04-20,Maharashtra,VIP
18816,Customer 18816,Male,61,Mumbai,2022-03-31,Maharashtra,Loyal
18817,Customer 18817,Female,33,Nagpur,2022-02-06,Maharashtra,Loyal
18818,Customer 18818,Male,38,Kochi,2024-04-01,Kerala,Regular
18819,Customer 18819,Female,32,Nagpur,2024-09-19,Maharashtra,Loyal
18820,Customer 18820,Male,56,Mumbai,2023-07-26,Maharashtra,Regular
18821,Customer 18821,Female,59,Ahmedabad,2023-08-07,Gujarat,Regular
18822,Customer 18822,Female,21,Coimbatore,2022-11-03,Tamil Nadu,Regular
18823,Customer 18823,Female,41,Bengaluru,2022-03-03,Karnataka,New
18824,Customer 18824,Male,20,Noida,2022-11-01,Uttar Pradesh,New
18825,Customer 18825,Female,18,Jaipur,2022-06-28,Rajasthan,Regular
18826,Customer 18826,Male,47,Pune,2023-06-24,Maharashtra,New
18827,Customer 18827,Male,30,Noida,2024-07-20,Uttar Pradesh,Loyal
18828,Customer 18828,Male,35,Mysuru,2024-07-20,Karnataka,Loyal
18829,Customer 18829,Female,57,Chennai,2024-04-24,Tamil Nadu,New
18830,Customer 18830,Male,28,Delhi,2024-11-25,Delhi,Regular
18831,Customer 18831,Female,59,Bengaluru,2024-01-20,Karnataka,Loyal
18832,Customer 18832,Other,46,Pune,2025-01-01,Maharashtra,Regular
18833,Customer 18833,Male,21,Mysuru,2024-11-19,Karnataka,Loyal
18834,Customer 18834,Male,42,Nagpur,2024-01-09,Maharashtra,Loyal
18835,Customer 18835,Female,53,Pune,2024-03-07,Maharashtra,New
18836,Customer 18836,Male,53,Ahmedabad,2024-12-24,Gujarat,New
18837,Customer 18837,Female,61,Mumbai,2024-01-17,Maharashtra,VIP
18838,Customer 18838,Male,57,Noida,2023-09-19,Uttar Pradesh,VIP
18839,Customer 18839,Female,45,Pune,2023-03-29,Maharashtra,Regular
18840,Customer 18840,Male,62,Chennai,2024-04-10,Tamil Nadu,New
18841,Customer 18841,Male,25,Hyderabad,2024-01-28,Telangana,Regular
18842,Customer 18842,Female,38,Jaipur,2024-05-10,Rajasthan,Regular
18843,Customer 18843,Male,52,Nagpur,2024-03-29,Maharashtra,VIP
18844,Customer 18844,Male,61,Kolkata,2024-11-26,West Bengal,Loyal
18845,Customer 18845,Male,35,Delhi,2023-01-16,Delhi,Regular
18846,Customer 18846,Male,64,Ahmedabad,2025-05-27,Gujarat,Regular
18847,Customer 18847,Female,42,Delhi,2023-10-11,Delhi,Loyal
18848,Customer 18848,Female,63,Pune,2022-09-03,Maharashtra,Regular
18849,Customer 18849,Female,58,Hyderabad,2022-09-08,Telangana,New
18850,Customer 18850,Female,22,Noida,2023-07-19,Uttar Pradesh,Regular
18851,Customer 18851,Male,64,Kolkata,2024-06-27,West Bengal,Regular
18852,Customer 18852,Male,25,Ahmedabad,2024-03-31,Gujarat,Loyal
18853,Customer 18853,Female,40,Mysuru,2023-12-16,Karnataka,Loyal
18854,Customer 18854,Female,20,Bengaluru,2023-04-17,Karnataka,Regular
18855,Customer 18855,Male,61,Noida,2022-05-02,Uttar Pradesh,Regular
18856,Customer 18856,Male,54,Mysuru,2024-02-20,Karnataka,Regular
18857,Customer 18857,Female,48,Bengaluru,2024-01-18,Karnataka,Regular
18858,Customer 18858,Female,46,Hyderabad,2022-05-01,Telangana,Loyal
18859,Customer 18859,Female,58,Bengaluru,2022-05-19,Karnataka,Regular
18860,Customer 18860,Male,37,Jaipur,2022-03-28,Rajasthan,Loyal
18861,Customer 18861,Female,20,Noida,2022-05-10,Uttar Pradesh,Loyal
18862,Customer 18862,Male,40,Ahmedabad,2022-09-09,Gujarat,Regular
18863,Customer 18863,Male,57,Jaipur,2024-02-26,Rajasthan,New
18864,Customer 18864,Female,38,Kochi,2022-02-16,Kerala,Regular
18865,Customer 18865,Male,30,Chennai,2023-05-16,Tamil Nadu,Regular
18866,Customer 18866,Male,25,Pune,2023-03-01,Maharashtra,Regular
18867,Customer 18867,Other,22,Mysuru,2024-08-22,Karnataka,New
18868,Customer 18868,Female,42,Chennai,2024-01-01,Tamil Nadu,VIP
18869,Customer 18869,Female,56,Mysuru,2022-04-21,Karnataka,New
18870,Customer 18870,Male,54,Ahmedabad,2025-06-04,Gujarat,Loyal
18871,Customer 18871,Male,58,Pune,2024-11-28,Maharashtra,New
18872,Customer 18872,Female,22,Kochi,2022-05-15,Kerala,Regular
18873,Customer 18873,Female,25,Coimbatore,2023-09-02,Tamil Nadu,Regular
18874,Customer 18874,Female,61,Bengaluru,2024-11-23,Karnataka,Regular
18875,Customer 18875,Male,21,Hyderabad,2024-09-13,Telangana,Regular
18876,Customer 18876,Male,58,Coimbatore,2023-03-04,Tamil Nadu,Regular
18877,Customer 18877,Other,39,Coimbatore,2024-12-27,Tamil Nadu,Regular
18878,Customer 18878,Female,31,Delhi,2022-07-18,Delhi,Regular
18879,Customer 18879,Male,36,Mumbai,2023-07-14,Maharashtra,Loyal
18880,Customer 18880,Male,30,Noida,2022-09-16,Uttar Pradesh,Loyal
18881,Customer 18881,Male,52,Chennai,2023-12-26,Tamil Nadu,Loyal
18882,Customer 18882,Male,21,Chennai,2023-11-05,Tamil Nadu,New
18883,Customer 18883,Male,50,Chennai,2022-05-17,Tamil Nadu,VIP
18884,Customer 18884,Male,39,Jaipur,2024-07-04,Rajasthan,VIP
18885,Customer 18885,Female,18,Ahmedabad,2024-07-24,Gujarat,Loyal
18886,Customer 18886,Male,28,Chennai,2023-01-16,Tamil Nadu,Regular
18887,Customer 18887,Other,33,Ahmedabad,2022-08-26,Gujarat,Regular
18888,Customer 18888,Male,21,Noida,2023-11-19,Uttar Pradesh,Loyal
18889,Customer 18889,Female,46,Coimbatore,2023-04-03,Tamil Nadu,Loyal
18890,Customer 18890,Male,56,Kochi,2025-03-04,Kerala,Loyal
18891,Customer 18891,Female,61,Noida,2022-03-23,Uttar Pradesh,Regular
18892,Customer 18892,Other,55,Chennai,2023-08-18,Tamil Nadu,New
18893,Customer 18893,Female,41,Mumbai,2023-10-16,Maharashtra,Regular
18894,Customer 18894,Female,26,Nagpur,2025-05-17,Maharashtra,Loyal
18895,Customer 18895,Male,25,Pune,2023-02-07,Maharashtra,New
18896,Customer 18896,Female,31,Chennai,2024-04-01,Tamil Nadu,Regular
18897,Customer 18897,Female,32,Hyderabad,2022-07-07,Telangana,Loyal
18898,Customer 18898,Other,39,Nagpur,2023-05-08,Maharashtra,Regular
18899,Customer 18899,Male,54,Noida,2022-09-12,Uttar Pradesh,New
18900,Customer 18900,Other,32,Hyderabad,2023-03-01,Telangana,Loyal
18901,Customer 18901,Male,23,Hyderabad,2025-04-05,Telangana,New
18902,Customer 18902,Male,18,Mysuru,2023-04-30,Karnataka,Regular
18903,Customer 18903,Male,37,Hyderabad,2023-03-12,Telangana,Loyal
18904,Customer 18904,Male,58,Chennai,2022-06-29,Tamil Nadu,Loyal
18905,Customer 18905,Female,53,Mysuru,2024-12-30,Karnataka,Loyal
18906,Customer 18906,Female,19,Delhi,2024-06-19,Delhi,Regular
18907,Customer 18907,Female,23,Kochi,2023-10-06,Kerala,Regular
18908,Customer 18908,Female,19,Coimbatore,2022-05-19,Tamil Nadu,Loyal
18909,Customer 18909,Female,20,Hyderabad,2024-02-26,Telangana,Regular
18910,Customer 18910,Female,24,Mumbai,2022-04-12,Maharashtra,Regular
18911,Customer 18911,Male,37,Kolkata,2023-04-13,West Bengal,Regular
18912,Customer 18912,Female,58,Pune,2022-10-10,Maharashtra,Regular
18913,Customer 18913,Female,58,Hyderabad,2024-11-18,Telangana,Regular
18914,Customer 18914,Female,22,Ahmedabad,2022-01-18,Gujarat,Regular
18915,Customer 18915,Female,42,Delhi,2024-01-26,Delhi,Regular
18916,Customer 18916,Female,55,Bengaluru,2023-11-18,Karnataka,VIP
18917,Customer 18917,Male,35,Ahmedabad,2023-08-24,Gujarat,Regular
18918,Customer 18918,Male,18,Noida,2024-11-09,Uttar Pradesh,Regular
18919,Customer 18919,Female,42,Kolkata,2023-03-09,West Bengal,Regular
18920,Customer 18920,Female,34,Noida,2024-11-07,Uttar Pradesh,Regular
18921,Customer 18921,Female,63,Kochi,2023-01-11,Kerala,Loyal
18922,Customer 18922,Male,32,Delhi,2025-03-19,Delhi,Loyal
18923,Customer 18923,Male,22,Bengaluru,2024-10-07,Karnataka,Loyal
18924,Customer 18924,Female,34,Noida,2023-12-17,Uttar Pradesh,Loyal
18925,Customer 18925,Male,38,Noida,2025-06-10,Uttar Pradesh,Loyal
18926,Customer 18926,Female,40,Noida,2025-02-01,Uttar Pradesh,Regular
18927,Customer 18927,Male,60,Delhi,2024-10-20,Delhi,Regular
18928,Customer 18928,Male,27,Kolkata,2024-01-07,West Bengal,Regular
18929,Customer 18929,Female,34,Coimbatore,2022-08-09,Tamil Nadu,Regular
18930,Customer 18930,Male,18,Pune,2024-11-15,Maharashtra,Loyal
18931,Customer 18931,Female,54,Delhi,2024-12-23,Delhi,Regular
18932,Customer 18932,Female,24,Bengaluru,2022-09-11,Karnataka,Regular
18933,Customer 18933,Male,29,Hyderabad,2025-06-26,Telangana,Regular
18934,Customer 18934,Female,57,Kochi,2024-01-06,Kerala,Regular
18935,Customer 18935,Female,18,Coimbatore,2024-04-05,Tamil Nadu,Regular
18936,Customer 18936,Male,37,Jaipur,2025-02-28,Rajasthan,Loyal
18937,Customer 18937,Male,61,Coimbatore,2022-01-30,Tamil Nadu,Regular
18938,Customer 18938,Male,48,Hyderabad,2024-02-26,Telangana,VIP
18939,Customer 18939,Female,21,Mumbai,2022-01-10,Maharashtra,Loyal
18940,Customer 18940,Female,43,Mysuru,2025-01-17,Karnataka,Regular
18941,Customer 18941,Female,29,Pune,2023-03-06,Maharashtra,Regular
18942,Customer 18942,Female,39,Pune,2025-03-16,Maharashtra,Loyal
18943,Customer 18943,Female,18,Mumbai,2025-02-24,Maharashtra,Loyal
18944,Customer 18944,Female,18,Mysuru,2023-11-29,Karnataka,Regular
18945,Customer 18945,Female,20,Pune,2022-05-04,Maharashtra,Regular
18946,Customer 18946,Male,29,Bengaluru,2022-02-20,Karnataka,Regular
18947,Customer 18947,Female,38,Nagpur,2023-02-02,Maharashtra,Regular
18948,Customer 18948,Female,30,Nagpur,2022-11-10,Maharashtra,VIP
18949,Customer 18949,Female,30,Pune,2023-10-10,Maharashtra,Regular
18950,Customer 18950,Female,58,Jaipur,2023-05-29,Rajasthan,Regular
18951,Customer 18951,Male,35,Chennai,2023-05-17,Tamil Nadu,Regular
18952,Customer 18952,Female,50,Pune,2023-06-14,Maharashtra,Loyal
18953,Customer 18953,Male,23,Kochi,2023-11-28,Kerala,Loyal
18954,Customer 18954,Female,42,Kochi,2024-01-04,Kerala,Regular
18955,Customer 18955,Male,40,Hyderabad,2024-05-09,Telangana,Regular
18956,Customer 18956,Female,41,Hyderabad,2023-02-23,Telangana,Regular
18957,Customer 18957,Female,54,Jaipur,2022-07-13,Rajasthan,Regular
18958,Customer 18958,Female,43,Kochi,2022-11-08,Kerala,VIP
18959,Customer 18959,Male,21,Ahmedabad,2024-09-22,Gujarat,Regular
18960,Customer 18960,Other,55,Mysuru,2023-12-23,Karnataka,New
18961,Customer 18961,Female,52,Noida,2023-04-21,Uttar Pradesh,Regular
18962,Customer 18962,Female,28,Coimbatore,2023-08-07,Tamil Nadu,New
18963,Customer 18963,Male,53,Bengaluru,2022-04-27,Karnataka,Regular
18964,Customer 18964,Female,42,Mumbai,2022-09-21,Maharashtra,Regular
18965,Customer 18965,Male,37,Kolkata,2022-01-21,West Bengal,New
18966,Customer 18966,Female,18,Pune,2023-04-22,Maharashtra,Loyal
18967,Customer 18967,Male,47,Noida,2023-07-03,Uttar Pradesh,Regular
18968,Customer 18968,Female,21,Noida,2025-04-11,Uttar Pradesh,Regular
18969,Customer 18969,Female,40,Bengaluru,2024-08-05,Karnataka,Regular
18970,Customer 18970,Male,52,Mumbai,2024-10-17,Maharashtra,Regular
18971,Customer 18971,Female,59,Jaipur,2024-12-21,Rajasthan,Regular
18972,Customer 18972,Female,39,Hyderabad,2022-07-25,Telangana,New
18973,Customer 18973,Male,48,Delhi,2023-09-23,Delhi,New
18974,Customer 18974,Female,18,Bengaluru,2022-06-28,Karnataka,Regular
18975,Customer 18975,Male,21,Noida,2024-06-06,Uttar Pradesh,New
18976,Customer 18976,Male,36,Nagpur,2022-12-08,Maharashtra,New
18977,Customer 18977,Male,47,Pune,2023-03-16,Maharashtra,Loyal
18978,Customer 18978,Female,18,Mysuru,2025-01-03,Karnataka,Regular
18979,Customer 18979,Male,36,Kochi,2022-10-17,Kerala,Regular
18980,Customer 18980,Female,38,Nagpur,2023-07-11,Maharashtra,New
18981,Customer 18981,Female,39,Noida,2025-03-13,Uttar Pradesh,New
18982,Customer 18982,Male,19,Coimbatore,2023-10-11,Tamil Nadu,Loyal
18983,Customer 18983,Female,23,Kolkata,2022-07-27,West Bengal,New
18984,Customer 18984,Male,38,Chennai,2022-09-29,Tamil Nadu,New
18985,Customer 18985,Female,50,Mumbai,2023-02-19,Maharashtra,Regular
18986,Customer 18986,Male,36,Ahmedabad,2023-01-19,Gujarat,New
18987,Customer 18987,Male,44,Hyderabad,2024-06-09,Telangana,Regular
18988,Customer 18988,Female,54,Pune,2025-04-05,Maharashtra,Regular
18989,Customer 18989,Female,46,Mysuru,2024-11-07,Karnataka,Regular
18990,Customer 18990,Male,45,Delhi,2023-10-22,Delhi,New
18991,Customer 18991,Female,51,Hyderabad,2022-09-04,Telangana,VIP
18992,Customer 18992,Male,18,Pune,2023-02-18,Maharashtra,Regular
18993,Customer 18993,Female,42,Delhi,2023-12-16,Delhi,Regular
18994,Customer 18994,Female,38,Mysuru,2022-06-30,Karnataka,Loyal
18995,Customer 18995,Male,51,Noida,2024-08-01,Uttar Pradesh,Loyal
18996,Customer 18996,Male,43,Kochi,2024-06-11,Kerala,Regular
18997,Customer 18997,Male,53,Chennai,2022-03-02,Tamil Nadu,Loyal
18998,Customer 18998,Male,52,Jaipur,2025-05-17,Rajasthan,Regular
18999,Customer 18999,Male,40,Nagpur,2022-06-15,Maharashtra,Regular
19000,Customer 19000,Female,34,Jaipur,2024-10-05,Rajasthan,Loyal
19001,Customer 19001,Other,64,Nagpur,2023-10-17,Maharashtra,Loyal
19002,Customer 19002,Male,59,Noida,2022-12-17,Uttar Pradesh,New
19003,Customer 19003,Female,29,Hyderabad,2024-12-20,Telangana,Regular
19004,Customer 19004,Female,61,Kolkata,2022-09-20,West Bengal,Loyal
19005,Customer 19005,Female,37,Noida,2022-05-04,Uttar Pradesh,New
19006,Customer 19006,Female,56,Noida,2025-06-15,Uttar Pradesh,Loyal
19007,Customer 19007,Female,44,Ahmedabad,2024-07-20,Gujarat,Regular
19008,Customer 19008,Male,59,Pune,2025-01-18,Maharashtra,Regular
19009,Customer 19009,Male,54,Kolkata,2022-05-19,West Bengal,New
19010,Customer 19010,Male,37,Ahmedabad,2024-05-09,Gujarat,Regular
19011,Customer 19011,Male,28,Ahmedabad,2025-01-21,Gujarat,New
19012,Customer 19012,Male,45,Pune,2022-05-14,Maharashtra,Regular
19013,Customer 19013,Female,19,Jaipur,2025-05-12,Rajasthan,Regular
19014,Customer 19014,Male,41,Mysuru,2024-03-29,Karnataka,Loyal
19015,Customer 19015,Female,33,Chennai,2024-11-27,Tamil Nadu,Regular
19016,Customer 19016,Male,29,Ahmedabad,2024-10-14,Gujarat,Regular
19017,Customer 19017,Female,33,Pune,2023-04-02,Maharashtra,New
19018,Customer 19018,Female,53,Mysuru,2023-03-14,Karnataka,Regular
19019,Customer 19019,Male,19,Coimbatore,2023-11-11,Tamil Nadu,Regular
19020,Customer 19020,Male,42,Noida,2023-10-09,Uttar Pradesh,VIP
19021,Customer 19021,Female,46,Noida,2023-09-14,Uttar Pradesh,Loyal
19022,Customer 19022,Male,45,Hyderabad,2025-06-01,Telangana,Loyal
19023,Customer 19023,Male,27,Ahmedabad,2025-04-06,Gujarat,New
19024,Customer 19024,Male,62,Coimbatore,2025-02-04,Tamil Nadu,Loyal
19025,Customer 19025,Female,40,Hyderabad,2022-01-24,Telangana,New
19026,Customer 19026,Female,49,Kochi,2024-03-19,Kerala,Regular
19027,Customer 19027,Female,48,Ahmedabad,2024-07-23,Gujarat,Regular
19028,Customer 19028,Female,36,Delhi,2023-01-05,Delhi,Regular
19029,Customer 19029,Female,32,Mysuru,2024-09-23,Karnataka,New
19030,Customer 19030,Female,50,Jaipur,2022-06-20,Rajasthan,Regular
19031,Customer 19031,Female,34,Mysuru,2022-08-10,Karnataka,New
19032,Customer 19032,Male,53,Kolkata,2023-03-19,West Bengal,New
19033,Customer 19033,Male,37,Noida,2025-03-22,Uttar Pradesh,Loyal
19034,Customer 19034,Female,26,Bengaluru,2024-05-11,Karnataka,VIP
19035,Customer 19035,Female,55,Jaipur,2023-01-11,Rajasthan,Loyal
19036,Customer 19036,Male,20,Delhi,2022-10-08,Delhi,Regular
19037,Customer 19037,Male,19,Mysuru,2023-12-14,Karnataka,New
19038,Customer 19038,Female,35,Kochi,2025-05-27,Kerala,New
19039,Customer 19039,Female,40,Pune,2024-08-15,Maharashtra,New
19040,Customer 19040,Male,36,Noida,2024-03-21,Uttar Pradesh,VIP
19041,Customer 19041,Female,24,Hyderabad,2024-04-06,Telangana,Regular
19042,Customer 19042,Female,52,Coimbatore,2023-05-01,Tamil Nadu,Loyal
19043,Customer 19043,Female,37,Hyderabad,2022-12-01,Telangana,Loyal
19044,Customer 19044,Male,37,Ahmedabad,2024-01-12,Gujarat,Regular
19045,Customer 19045,Male,36,Nagpur,2023-02-14,Maharashtra,VIP
19046,Customer 19046,Male,58,Bengaluru,2022-02-23,Karnataka,Regular
19047,Customer 19047,Male,33,Mysuru,2023-12-02,Karnataka,Regular
19048,Customer 19048,Female,55,Chennai,2025-01-03,Tamil Nadu,Loyal
19049,Customer 19049,Male,38,Mumbai,2022-12-15,Maharashtra,Regular
19050,Customer 19050,Other,46,Bengaluru,2024-09-01,Karnataka,Regular
19051,Customer 19051,Male,61,Kolkata,2023-01-28,West Bengal,Regular
19052,Customer 19052,Male,55,Ahmedabad,2023-07-08,Gujarat,Loyal
19053,Customer 19053,Female,62,Noida,2025-03-26,Uttar Pradesh,New
19054,Customer 19054,Female,41,Jaipur,2024-04-26,Rajasthan,Loyal
19055,Customer 19055,Male,54,Mysuru,2022-03-22,Karnataka,New
19056,Customer 19056,Female,46,Coimbatore,2025-05-16,Tamil Nadu,Regular
19057,Customer 19057,Female,48,Jaipur,2024-04-05,Rajasthan,Regular
19058,Customer 19058,Female,62,Mysuru,2025-01-14,Karnataka,Regular
19059,Customer 19059,Female,56,Jaipur,2024-01-14,Rajasthan,Regular
19060,Customer 19060,Male,29,Jaipur,2022-06-26,Rajasthan,Loyal
19061,Customer 19061,Female,47,Mumbai,2023-05-26,Maharashtra,Loyal
19062,Customer 19062,Female,21,Kolkata,2022-05-19,West Bengal,Loyal
19063,Customer 19063,Male,47,Coimbatore,2025-01-30,Tamil Nadu,New
19064,Customer 19064,Male,22,Hyderabad,2023-04-18,Telangana,New
19065,Customer 19065,Female,33,Jaipur,2023-06-26,Rajasthan,New
19066,Customer 19066,Male,44,Coimbatore,2022-07-13,Tamil Nadu,New
19067,Customer 19067,Male,21,Kolkata,2023-05-01,West Bengal,Loyal
19068,Customer 19068,Other,25,Kochi,2024-03-15,Kerala,Regular
19069,Customer 19069,Male,25,Jaipur,2022-09-04,Rajasthan,Loyal
19070,Customer 19070,Male,34,Bengaluru,2023-09-22,Karnataka,New
19071,Customer 19071,Female,63,Hyderabad,2023-03-14,Telangana,Regular
19072,Customer 19072,Female,61,Mysuru,2022-03-14,Karnataka,Loyal
19073,Customer 19073,Male,20,Noida,2024-12-28,Uttar Pradesh,VIP
19074,Customer 19074,Female,44,Delhi,2024-01-24,Delhi,Loyal
19075,Customer 19075,Female,51,Ahmedabad,2025-03-21,Gujarat,Loyal
19076,Customer 19076,Female,62,Ahmedabad,2024-04-10,Gujarat,Loyal
19077,Customer 19077,Male,38,Noida,2022-04-04,Uttar Pradesh,Loyal
19078,Customer 19078,Male,60,Mysuru,2023-03-11,Karnataka,Loyal
19079,Customer 19079,Male,41,Mumbai,2023-04-02,Maharashtra,VIP
19080,Customer 19080,Female,61,Ahmedabad,2022-08-17,Gujarat,New
19081,Customer 19081,Female,58,Delhi,2022-01-30,Delhi,Loyal
19082,Customer 19082,Female,46,Ahmedabad,2022-12-01,Gujarat,Regular
19083,Customer 19083,Female,56,Mysuru,2023-10-22,Karnataka,New
19084,Customer 19084,Female,23,Chennai,2023-07-23,Tamil Nadu,Regular
19085,Customer 19085,Male,31,Bengaluru,2022-06-26,Karnataka,Loyal
19086,Customer 19086,Female,31,Chennai,2024-04-03,Tamil Nadu,Regular
19087,Customer 19087,Female,54,Ahmedabad,2023-07-22,Gujarat,VIP
19088,Customer 19088,Female,41,Hyderabad,2023-02-13,Telangana,New
19089,Customer 19089,Male,30,Nagpur,2024-02-16,Maharashtra,Regular
19090,Customer 19090,Female,18,Mysuru,2025-06-14,Karnataka,Regular
19091,Customer 19091,Male,29,Pune,2022-03-18,Maharashtra,Regular
19092,Customer 19092,Male,59,Kochi,2024-07-21,Kerala,Regular
19093,Customer 19093,Female,41,Pune,2023-09-28,Maharashtra,Loyal
19094,Customer 19094,Female,54,Jaipur,2023-06-24,Rajasthan,New
19095,Customer 19095,Male,37,Coimbatore,2025-03-27,Tamil Nadu,New
19096,Customer 19096,Female,23,Noida,2025-04-05,Uttar Pradesh,New
19097,Customer 19097,Male,29,Jaipur,2025-04-23,Rajasthan,Loyal
19098,Customer 19098,Male,38,Noida,2022-01-12,Uttar Pradesh,Regular
19099,Customer 19099,Male,20,Kochi,2022-06-18,Kerala,Regular
19100,Customer 19100,Female,44,Kolkata,2024-04-10,West Bengal,Regular
19101,Customer 19101,Female,63,Noida,2023-03-25,Uttar Pradesh,Loyal
19102,Customer 19102,Female,53,Chennai,2023-03-25,Tamil Nadu,New
19103,Customer 19103,Female,34,Bengaluru,2025-02-03,Karnataka,New
19104,Customer 19104,Male,63,Mysuru,2023-03-03,Karnataka,Loyal
19105,Customer 19105,Male,32,Mumbai,2024-08-13,Maharashtra,VIP
19106,Customer 19106,Female,56,Coimbatore,2024-07-04,Tamil Nadu,Regular
19107,Customer 19107,Male,21,Hyderabad,2025-01-26,Telangana,Regular
19108,Customer 19108,Female,34,Delhi,2023-09-23,Delhi,Regular
19109,Customer 19109,Female,55,Hyderabad,2022-08-14,Telangana,VIP
19110,Customer 19110,Female,28,Mysuru,2023-03-23,Karnataka,Regular
19111,Customer 19111,Male,29,Nagpur,2022-07-22,Maharashtra,Regular
19112,Customer 19112,Male,64,Noida,2024-08-25,Uttar Pradesh,Regular
19113,Customer 19113,Female,49,Kolkata,2023-11-06,West Bengal,VIP
19114,Customer 19114,Male,44,Delhi,2023-09-26,Delhi,Loyal
19115,Customer 19115,Female,61,Chennai,2022-01-16,Tamil Nadu,Loyal
19116,Customer 19116,Male,60,Mysuru,2023-09-10,Karnataka,Regular
19117,Customer 19117,Male,44,Jaipur,2024-11-09,Rajasthan,Regular
19118,Customer 19118,Male,57,Nagpur,2023-03-16,Maharashtra,Regular
19119,Customer 19119,Male,61,Chennai,2025-06-21,Tamil Nadu,Regular
19120,Customer 19120,Female,46,Nagpur,2025-06-21,Maharashtra,Loyal
19121,Customer 19121,Male,26,Noida,2024-08-28,Uttar Pradesh,Regular
19122,Customer 19122,Male,60,Ahmedabad,2023-01-27,Gujarat,Regular
19123,Customer 19123,Male,20,Chennai,2023-12-25,Tamil Nadu,VIP
19124,Customer 19124,Male,56,Bengaluru,2024-01-06,Karnataka,New
19125,Customer 19125,Male,46,Pune,2022-08-08,Maharashtra,Loyal
19126,Customer 19126,Male,38,Hyderabad,2024-10-28,Telangana,Loyal
19127,Customer 19127,Female,52,Bengaluru,2023-03-22,Karnataka,Loyal
19128,Customer 19128,Female,27,Delhi,2022-01-14,Delhi,Loyal
19129,Customer 19129,Female,40,Coimbatore,2023-01-22,Tamil Nadu,Loyal
19130,Customer 19130,Female,56,Ahmedabad,2023-10-04,Gujarat,Regular
19131,Customer 19131,Male,42,Pune,2024-11-11,Maharashtra,Regular
19132,Customer 19132,Female,41,Bengaluru,2022-08-13,Karnataka,VIP
19133,Customer 19133,Female,37,Mysuru,2022-08-23,Karnataka,New
19134,Customer 19134,Male,32,Nagpur,2024-09-26,Maharashtra,Loyal
19135,Customer 19135,Female,38,Delhi,2023-12-12,Delhi,Regular
19136,Customer 19136,Male,59,Jaipur,2025-03-03,Rajasthan,New
19137,Customer 19137,Male,29,Mysuru,2025-04-16,Karnataka,Regular
19138,Customer 19138,Female,35,Pune,2024-03-02,Maharashtra,New
19139,Customer 19139,Male,40,Kolkata,2023-03-13,West Bengal,VIP
19140,Customer 19140,Male,58,Nagpur,2024-12-10,Maharashtra,Loyal
19141,Customer 19141,Male,46,Kochi,2023-08-04,Kerala,Regular
19142,Customer 19142,Male,58,Delhi,2024-12-03,Delhi,Loyal
19143,Customer 19143,Male,53,Coimbatore,2023-11-18,Tamil Nadu,Regular
19144,Customer 19144,Female,22,Pune,2022-12-31,Maharashtra,Loyal
19145,Customer 19145,Female,56,Delhi,2022-09-26,Delhi,Loyal
19146,Customer 19146,Female,43,Kochi,2025-05-02,Kerala,Regular
19147,Customer 19147,Male,56,Bengaluru,2022-03-19,Karnataka,Regular
19148,Customer 19148,Other,28,Jaipur,2022-07-08,Rajasthan,Regular
19149,Customer 19149,Female,59,Delhi,2024-11-14,Delhi,VIP
19150,Customer 19150,Male,28,Jaipur,2023-11-02,Rajasthan,Loyal
19151,Customer 19151,Female,35,Pune,2022-12-24,Maharashtra,Loyal
19152,Customer 19152,Female,29,Ahmedabad,2024-08-16,Gujarat,Loyal
19153,Customer 19153,Female,33,Noida,2025-01-22,Uttar Pradesh,Regular
19154,Customer 19154,Male,44,Ahmedabad,2022-12-02,Gujarat,Loyal
19155,Customer 19155,Male,53,Bengaluru,2025-04-02,Karnataka,Regular
19156,Customer 19156,Female,34,Mysuru,2024-06-21,Karnataka,Regular
19157,Customer 19157,Female,38,Pune,2022-12-07,Maharashtra,Loyal
19158,Customer 19158,Female,54,Noida,2024-04-13,Uttar Pradesh,New
19159,Customer 19159,Female,48,Mumbai,2023-07-21,Maharashtra,Regular
19160,Customer 19160,Female,62,Coimbatore,2022-03-13,Tamil Nadu,Regular
19161,Customer 19161,Male,52,Noida,2024-12-01,Uttar Pradesh,Regular
19162,Customer 19162,Female,44,Mumbai,2023-02-15,Maharashtra,VIP
19163,Customer 19163,Male,40,Kolkata,2024-06-16,West Bengal,VIP
19164,Customer 19164,Female,49,Kolkata,2024-04-17,West Bengal,Regular
19165,Customer 19165,Female,34,Hyderabad,2023-10-06,Telangana,Regular
19166,Customer 19166,Male,28,Nagpur,2022-01-21,Maharashtra,Loyal
19167,Customer 19167,Female,18,Kochi,2024-10-21,Kerala,Regular
19168,Customer 19168,Male,45,Noida,2023-11-09,Uttar Pradesh,New
19169,Customer 19169,Male,35,Chennai,2025-01-04,Tamil Nadu,Loyal
19170,Customer 19170,Male,58,Coimbatore,2023-08-26,Tamil Nadu,Loyal
19171,Customer 19171,Male,37,Noida,2022-03-29,Uttar Pradesh,Regular
19172,Customer 19172,Male,24,Mumbai,2022-01-17,Maharashtra,Loyal
19173,Customer 19173,Male,54,Kochi,2024-07-31,Kerala,Regular
19174,Customer 19174,Female,33,Chennai,2025-05-18,Tamil Nadu,Regular
19175,Customer 19175,Female,56,Coimbatore,2024-04-03,Tamil Nadu,Loyal
19176,Customer 19176,Female,62,Chennai,2023-01-18,Tamil Nadu,Regular
19177,Customer 19177,Male,62,Bengaluru,2023-10-02,Karnataka,Regular
19178,Customer 19178,Female,64,Mumbai,2025-03-15,Maharashtra,Loyal
19179,Customer 19179,Female,40,Kolkata,2023-03-29,West Bengal,Loyal
19180,Customer 19180,Male,49,Delhi,2024-03-26,Delhi,Regular
19181,Customer 19181,Female,34,Bengaluru,2022-11-06,Karnataka,Loyal
19182,Customer 19182,Male,36,Coimbatore,2024-07-19,Tamil Nadu,Regular
19183,Customer 19183,Female,59,Coimbatore,2023-05-07,Tamil Nadu,New
19184,Customer 19184,Male,51,Pune,2024-01-30,Maharashtra,New
19185,Customer 19185,Male,31,Mumbai,2022-01-01,Maharashtra,Regular
19186,Customer 19186,Female,20,Hyderabad,2022-02-10,Telangana,Regular
19187,Customer 19187,Male,56,Hyderabad,2023-11-03,Telangana,Loyal
19188,Customer 19188,Male,42,Coimbatore,2022-07-31,Tamil Nadu,Regular
19189,Customer 19189,Female,28,Kochi,2022-10-31,Kerala,Regular
19190,Customer 19190,Female,32,Hyderabad,2023-11-22,Telangana,Loyal
19191,Customer 19191,Female,36,Nagpur,2025-03-23,Maharashtra,Regular
19192,Customer 19192,Male,60,Kolkata,2023-09-08,West Bengal,Loyal
19193,Customer 19193,Male,32,Pune,2023-06-07,Maharashtra,Regular
19194,Customer 19194,Female,32,Coimbatore,2022-01-25,Tamil Nadu,New
19195,Customer 19195,Male,55,Hyderabad,2024-03-18,Telangana,Loyal
19196,Customer 19196,Male,32,Mumbai,2022-01-25,Maharashtra,New
19197,Customer 19197,Female,26,Ahmedabad,2023-08-19,Gujarat,Regular
19198,Customer 19198,Male,22,Noida,2025-02-03,Uttar Pradesh,Regular
19199,Customer 19199,Male,36,Delhi,2025-02-16,Delhi,Regular
19200,Customer 19200,Male,41,Jaipur,2022-04-18,Rajasthan,Loyal
19201,Customer 19201,Male,46,Kolkata,2022-06-29,West Bengal,Regular
19202,Customer 19202,Male,22,Bengaluru,2024-05-30,Karnataka,Regular
19203,Customer 19203,Male,39,Kochi,2022-05-11,Kerala,Regular
19204,Customer 19204,Male,30,Ahmedabad,2023-08-26,Gujarat,Regular
19205,Customer 19205,Female,64,Kochi,2024-01-23,Kerala,VIP
19206,Customer 19206,Female,63,Bengaluru,2024-01-29,Karnataka,VIP
19207,Customer 19207,Male,46,Nagpur,2022-06-17,Maharashtra,Regular
19208,Customer 19208,Female,33,Chennai,2022-08-11,Tamil Nadu,New
19209,Customer 19209,Male,53,Mumbai,2023-04-14,Maharashtra,Regular
19210,Customer 19210,Male,34,Chennai,2022-10-05,Tamil Nadu,New
19211,Customer 19211,Male,37,Pune,2022-07-09,Maharashtra,Regular
19212,Customer 19212,Female,31,Delhi,2023-06-15,Delhi,New
19213,Customer 19213,Female,23,Pune,2023-09-13,Maharashtra,Loyal
19214,Customer 19214,Female,39,Coimbatore,2025-04-28,Tamil Nadu,New
19215,Customer 19215,Male,57,Ahmedabad,2022-08-06,Gujarat,VIP
19216,Customer 19216,Male,26,Mumbai,2022-08-24,Maharashtra,New
19217,Customer 19217,Female,49,Ahmedabad,2022-06-17,Gujarat,Loyal
19218,Customer 19218,Male,41,Coimbatore,2024-02-19,Tamil Nadu,Loyal
19219,Customer 19219,Female,50,Mysuru,2022-07-12,Karnataka,Regular
19220,Customer 19220,Female,30,Hyderabad,2022-08-30,Telangana,VIP
19221,Customer 19221,Female,52,Bengaluru,2025-03-31,Karnataka,Regular
19222,Customer 19222,Female,23,Ahmedabad,2024-03-01,Gujarat,VIP
19223,Customer 19223,Female,57,Noida,2023-03-31,Uttar Pradesh,VIP
19224,Customer 19224,Female,47,Coimbatore,2025-03-04,Tamil Nadu,New
19225,Customer 19225,Female,55,Chennai,2022-07-12,Tamil Nadu,Loyal
19226,Customer 19226,Male,33,Mysuru,2023-01-27,Karnataka,New
19227,Customer 19227,Female,18,Bengaluru,2023-08-24,Karnataka,Regular
19228,Customer 19228,Male,59,Coimbatore,2024-12-01,Tamil Nadu,New
19229,Customer 19229,Male,35,Ahmedabad,2022-04-03,Gujarat,New
19230,Customer 19230,Male,39,Mysuru,2025-05-23,Karnataka,Regular
19231,Customer 19231,Male,43,Mysuru,2022-12-15,Karnataka,Regular
19232,Customer 19232,Female,31,Mumbai,2023-05-28,Maharashtra,Loyal
19233,Customer 19233,Female,54,Pune,2024-07-12,Maharashtra,Regular
19234,Customer 19234,Male,31,Mysuru,2025-04-02,Karnataka,VIP
19235,Customer 19235,Male,43,Jaipur,2022-04-16,Rajasthan,New
19236,Customer 19236,Female,53,Nagpur,2025-06-09,Maharashtra,New
19237,Customer 19237,Female,40,Kochi,2024-09-18,Kerala,Loyal
19238,Customer 19238,Female,19,Jaipur,2023-12-18,Rajasthan,Loyal
19239,Customer 19239,Male,56,Pune,2025-04-15,Maharashtra,Loyal
19240,Customer 19240,Female,24,Kochi,2024-02-27,Kerala,Regular
19241,Customer 19241,Male,56,Kochi,2025-05-20,Kerala,Regular
19242,Customer 19242,Male,62,Bengaluru,2025-04-01,Karnataka,New
19243,Customer 19243,Male,39,Bengaluru,2024-04-02,Karnataka,Regular
19244,Customer 19244,Male,45,Bengaluru,2024-07-05,Karnataka,Regular
19245,Customer 19245,Male,55,Bengaluru,2024-12-12,Karnataka,Regular
19246,Customer 19246,Other,37,Nagpur,2025-06-10,Maharashtra,Regular
19247,Customer 19247,Male,35,Jaipur,2024-05-03,Rajasthan,Loyal
19248,Customer 19248,Male,41,Ahmedabad,2023-11-14,Gujarat,Loyal
19249,Customer 19249,Male,50,Coimbatore,2024-10-19,Tamil Nadu,Regular
19250,Customer 19250,Male,62,Delhi,2024-08-08,Delhi,Regular
19251,Customer 19251,Female,43,Ahmedabad,2022-02-13,Gujarat,New
19252,Customer 19252,Male,36,Mysuru,2023-08-26,Karnataka,New
19253,Customer 19253,Female,59,Bengaluru,2023-09-25,Karnataka,Loyal
19254,Customer 19254,Male,30,Kolkata,2022-04-02,West Bengal,Loyal
19255,Customer 19255,Female,27,Pune,2024-01-29,Maharashtra,Loyal
19256,Customer 19256,Female,31,Pune,2024-01-01,Maharashtra,New
19257,Customer 19257,Female,26,Mysuru,2024-08-11,Karnataka,Loyal
19258,Customer 19258,Female,28,Coimbatore,2022-12-03,Tamil Nadu,New
19259,Customer 19259,Female,20,Noida,2023-12-01,Uttar Pradesh,Loyal
19260,Customer 19260,Male,57,Noida,2024-07-13,Uttar Pradesh,Regular
19261,Customer 19261,Female,29,Delhi,2023-11-11,Delhi,New
19262,Customer 19262,Female,52,Jaipur,2024-08-24,Rajasthan,Regular
19263,Customer 19263,Female,56,Coimbatore,2022-09-21,Tamil Nadu,New
19264,Customer 19264,Male,63,Mysuru,2022-04-15,Karnataka,Regular
19265,Customer 19265,Male,56,Noida,2022-08-12,Uttar Pradesh,VIP
19266,Customer 19266,Female,49,Noida,2024-09-04,Uttar Pradesh,Regular
19267,Customer 19267,Male,56,Noida,2022-04-25,Uttar Pradesh,Regular
19268,Customer 19268,Male,31,Chennai,2024-06-09,Tamil Nadu,Loyal
19269,Customer 19269,Male,61,Kolkata,2025-06-12,West Bengal,Regular
19270,Customer 19270,Female,18,Ahmedabad,2025-06-07,Gujarat,Regular
19271,Customer 19271,Other,44,Nagpur,2023-12-30,Maharashtra,VIP
19272,Customer 19272,Female,54,Mysuru,2022-02-03,Karnataka,New
19273,Customer 19273,Male,60,Hyderabad,2024-06-13,Telangana,Regular
19274,Customer 19274,Male,18,Mumbai,2023-04-07,Maharashtra,Loyal
19275,Customer 19275,Male,62,Ahmedabad,2023-03-25,Gujarat,New
19276,Customer 19276,Female,46,Mumbai,2024-04-08,Maharashtra,Loyal
19277,Customer 19277,Female,41,Coimbatore,2025-05-22,Tamil Nadu,Regular
19278,Customer 19278,Male,34,Kochi,2024-12-05,Kerala,New
19279,Customer 19279,Female,52,Mysuru,2023-02-09,Karnataka,Regular
19280,Customer 19280,Female,48,Kochi,2022-11-29,Kerala,VIP
19281,Customer 19281,Male,59,Mysuru,2022-08-28,Karnataka,Loyal
19282,Customer 19282,Male,49,Mumbai,2022-08-16,Maharashtra,Regular
19283,Customer 19283,Other,36,Delhi,2024-01-03,Delhi,New
19284,Customer 19284,Male,48,Mumbai,2024-06-09,Maharashtra,Regular
19285,Customer 19285,Female,56,Mysuru,2022-06-15,Karnataka,Regular
19286,Customer 19286,Male,37,Noida,2023-08-08,Uttar Pradesh,Loyal
19287,Customer 19287,Female,45,Delhi,2024-01-07,Delhi,VIP
19288,Customer 19288,Female,20,Kochi,2023-08-21,Kerala,Loyal
19289,Customer 19289,Female,49,Bengaluru,2023-08-16,Karnataka,Regular
19290,Customer 19290,Female,39,Jaipur,2023-12-28,Rajasthan,New
19291,Customer 19291,Female,61,Hyderabad,2024-07-13,Telangana,New
19292,Customer 19292,Female,59,Chennai,2023-10-11,Tamil Nadu,Regular
19293,Customer 19293,Male,61,Kolkata,2023-03-23,West Bengal,Regular
19294,Customer 19294,Male,32,Nagpur,2022-04-07,Maharashtra,Loyal
19295,Customer 19295,Female,55,Bengaluru,2023-01-14,Karnataka,Regular
19296,Customer 19296,Female,36,Pune,2023-11-01,Maharashtra,New
19297,Customer 19297,Male,48,Mumbai,2025-04-24,Maharashtra,Regular
19298,Customer 19298,Male,43,Jaipur,2025-06-21,Rajasthan,VIP
19299,Customer 19299,Female,22,Kochi,2023-09-23,Kerala,Loyal
19300,Customer 19300,Male,37,Hyderabad,2023-12-09,Telangana,New
19301,Customer 19301,Female,19,Mumbai,2023-05-18,Maharashtra,Loyal
19302,Customer 19302,Female,38,Kochi,2022-10-15,Kerala,Regular
19303,Customer 19303,Female,53,Jaipur,2023-01-04,Rajasthan,Regular
19304,Customer 19304,Male,45,Kolkata,2022-03-06,West Bengal,Regular
19305,Customer 19305,Male,37,Mumbai,2022-06-11,Maharashtra,Regular
19306,Customer 19306,Male,54,Bengaluru,2023-08-20,Karnataka,Regular
19307,Customer 19307,Male,56,Noida,2024-07-15,Uttar Pradesh,Loyal
19308,Customer 19308,Female,53,Ahmedabad,2023-07-25,Gujarat,Regular
19309,Customer 19309,Female,28,Noida,2024-08-31,Uttar Pradesh,New
19310,Customer 19310,Male,20,Chennai,2023-10-24,Tamil Nadu,Regular
19311,Customer 19311,Male,54,Delhi,2023-04-26,Delhi,Loyal
19312,Customer 19312,Male,37,Mumbai,2022-09-26,Maharashtra,Loyal
19313,Customer 19313,Other,49,Coimbatore,2024-01-06,Tamil Nadu,Regular
19314,Customer 19314,Male,64,Noida,2023-07-21,Uttar Pradesh,New
19315,Customer 19315,Female,42,Kolkata,2025-04-28,West Bengal,New
19316,Customer 19316,Female,38,Mysuru,2023-02-10,Karnataka,Regular
19317,Customer 19317,Female,33,Ahmedabad,2024-02-04,Gujarat,New
19318,Customer 19318,Female,59,Hyderabad,2024-05-15,Telangana,Regular
19319,Customer 19319,Male,18,Kochi,2025-01-22,Kerala,Loyal
19320,Customer 19320,Female,40,Coimbatore,2023-01-25,Tamil Nadu,Regular
19321,Customer 19321,Male,60,Bengaluru,2023-07-01,Karnataka,Loyal
19322,Customer 19322,Female,41,Bengaluru,2025-05-20,Karnataka,Loyal
19323,Customer 19323,Male,64,Chennai,2024-01-12,Tamil Nadu,New
19324,Customer 19324,Female,42,Chennai,2025-04-06,Tamil Nadu,Regular
19325,Customer 19325,Male,24,Delhi,2024-11-03,Delhi,New
19326,Customer 19326,Female,55,Ahmedabad,2023-08-09,Gujarat,Loyal
19327,Customer 19327,Male,64,Mysuru,2024-05-23,Karnataka,New
19328,Customer 19328,Female,64,Hyderabad,2025-05-15,Telangana,Regular
19329,Customer 19329,Male,56,Mysuru,2022-02-12,Karnataka,Regular
19330,Customer 19330,Male,52,Pune,2024-05-29,Maharashtra,New
19331,Customer 19331,Female,31,Chennai,2024-06-29,Tamil Nadu,New
19332,Customer 19332,Female,26,Delhi,2023-08-30,Delhi,Regular
19333,Customer 19333,Male,20,Jaipur,2022-08-26,Rajasthan,Regular
19334,Customer 19334,Female,55,Nagpur,2023-12-20,Maharashtra,Loyal
19335,Customer 19335,Female,37,Mumbai,2024-01-12,Maharashtra,New
19336,Customer 19336,Female,58,Mumbai,2023-02-08,Maharashtra,Regular
19337,Customer 19337,Male,50,Jaipur,2022-08-02,Rajasthan,Regular
19338,Customer 19338,Male,58,Nagpur,2024-04-25,Maharashtra,Regular
19339,Customer 19339,Female,61,Noida,2022-05-12,Uttar Pradesh,Regular
19340,Customer 19340,Male,49,Mysuru,2022-01-09,Karnataka,Regular
19341,Customer 19341,Female,53,Nagpur,2022-06-02,Maharashtra,Loyal
19342,Customer 19342,Male,43,Delhi,2023-03-07,Delhi,Regular
19343,Customer 19343,Male,22,Hyderabad,2023-04-28,Telangana,New
19344,Customer 19344,Female,47,Nagpur,2022-11-01,Maharashtra,Regular
19345,Customer 19345,Female,34,Delhi,2022-10-11,Delhi,Regular
19346,Customer 19346,Female,23,Jaipur,2023-04-17,Rajasthan,Regular
19347,Customer 19347,Male,32,Chennai,2024-09-19,Tamil Nadu,New
19348,Customer 19348,Male,18,Jaipur,2022-07-09,Rajasthan,Regular
19349,Customer 19349,Male,30,Coimbatore,2023-05-27,Tamil Nadu,Regular
19350,Customer 19350,Female,51,Bengaluru,2022-12-09,Karnataka,New
19351,Customer 19351,Female,47,Bengaluru,2023-12-16,Karnataka,Regular
19352,Customer 19352,Female,36,Ahmedabad,2023-11-11,Gujarat,Loyal
19353,Customer 19353,Male,19,Jaipur,2024-11-23,Rajasthan,Loyal
19354,Customer 19354,Female,61,Pune,2023-04-16,Maharashtra,Regular
19355,Customer 19355,Male,29,Mysuru,2024-01-11,Karnataka,Loyal
19356,Customer 19356,Female,57,Hyderabad,2023-05-28,Telangana,Regular
19357,Customer 19357,Male,61,Coimbatore,2025-02-12,Tamil Nadu,VIP
19358,Customer 19358,Female,41,Coimbatore,2025-05-22,Tamil Nadu,Regular
19359,Customer 19359,Male,28,Chennai,2022-05-25,Tamil Nadu,Regular
19360,Customer 19360,Male,19,Nagpur,2023-07-13,Maharashtra,New
19361,Customer 19361,Male,18,Mysuru,2024-03-02,Karnataka,Regular
19362,Customer 19362,Male,45,Jaipur,2025-04-16,Rajasthan,New
19363,Customer 19363,Male,21,Mumbai,2022-12-26,Maharashtra,Regular
19364,Customer 19364,Male,58,Coimbatore,2022-10-12,Tamil Nadu,Regular
19365,Customer 19365,Male,47,Delhi,2025-06-22,Delhi,VIP
19366,Customer 19366,Female,24,Mumbai,2024-02-04,Maharashtra,VIP
19367,Customer 19367,Male,39,Jaipur,2025-05-14,Rajasthan,Loyal
19368,Customer 19368,Female,43,Pune,2023-08-07,Maharashtra,Regular
19369,Customer 19369,Male,46,Nagpur,2023-12-28,Maharashtra,Loyal
19370,Customer 19370,Female,42,Nagpur,2025-03-10,Maharashtra,Loyal
19371,Customer 19371,Female,27,Hyderabad,2024-08-17,Telangana,Loyal
19372,Customer 19372,Male,37,Coimbatore,2025-05-30,Tamil Nadu,Regular
19373,Customer 19373,Female,31,Chennai,2024-01-13,Tamil Nadu,Regular
19374,Customer 19374,Male,50,Noida,2023-10-16,Uttar Pradesh,New
19375,Customer 19375,Female,22,Noida,2022-12-24,Uttar Pradesh,Loyal
19376,Customer 19376,Female,62,Kolkata,2023-08-10,West Bengal,New
19377,Customer 19377,Male,23,Bengaluru,2022-02-09,Karnataka,Regular
19378,Customer 19378,Male,39,Delhi,2024-06-20,Delhi,Regular
19379,Customer 19379,Male,34,Mumbai,2022-09-30,Maharashtra,New
19380,Customer 19380,Male,32,Kolkata,2024-12-29,West Bengal,Loyal
19381,Customer 19381,Female,56,Pune,2024-04-08,Maharashtra,Regular
19382,Customer 19382,Male,57,Kochi,2023-09-15,Kerala,New
19383,Customer 19383,Male,45,Bengaluru,2023-04-03,Karnataka,VIP
19384,Customer 19384,Male,19,Nagpur,2022-08-22,Maharashtra,Regular
19385,Customer 19385,Male,35,Mumbai,2022-07-16,Maharashtra,Loyal
19386,Customer 19386,Male,44,Mysuru,2023-06-20,Karnataka,Regular
19387,Customer 19387,Female,38,Coimbatore,2024-07-26,Tamil Nadu,Loyal
19388,Customer 19388,Male,40,Pune,2022-05-27,Maharashtra,Regular
19389,Customer 19389,Female,24,Mysuru,2023-07-28,Karnataka,Regular
19390,Customer 19390,Male,36,Chennai,2024-12-26,Tamil Nadu,Regular
19391,Customer 19391,Male,26,Kolkata,2022-01-30,West Bengal,VIP
19392,Customer 19392,Female,29,Coimbatore,2022-04-17,Tamil Nadu,New
19393,Customer 19393,Male,63,Mumbai,2023-01-25,Maharashtra,Regular
19394,Customer 19394,Male,47,Coimbatore,2024-05-28,Tamil Nadu,Loyal
19395,Customer 19395,Female,24,Bengaluru,2023-02-10,Karnataka,Regular
19396,Customer 19396,Female,19,Hyderabad,2025-02-18,Telangana,Regular
19397,Customer 19397,Male,34,Jaipur,2024-10-31,Rajasthan,Loyal
19398,Customer 19398,Female,28,Bengaluru,2023-08-07,Karnataka,New
19399,Customer 19399,Female,29,Chennai,2022-12-13,Tamil Nadu,New
19400,Customer 19400,Male,20,Delhi,2025-06-30,Delhi,VIP
19401,Customer 19401,Male,38,Mysuru,2024-03-07,Karnataka,Regular
19402,Customer 19402,Male,31,Kochi,2022-04-29,Kerala,Regular
19403,Customer 19403,Male,32,Ahmedabad,2023-06-04,Gujarat,Loyal
19404,Customer 19404,Female,59,Bengaluru,2025-05-23,Karnataka,Regular
19405,Customer 19405,Female,58,Hyderabad,2024-01-03,Telangana,Loyal
19406,Customer 19406,Female,27,Jaipur,2022-03-21,Rajasthan,Regular
19407,Customer 19407,Male,53,Delhi,2023-02-23,Delhi,Loyal
19408,Customer 19408,Male,27,Bengaluru,2023-08-07,Karnataka,Regular
19409,Customer 19409,Female,34,Nagpur,2023-12-13,Maharashtra,Regular
19410,Customer 19410,Male,61,Hyderabad,2022-08-22,Telangana,Loyal
19411,Customer 19411,Female,42,Kochi,2022-09-18,Kerala,Regular
19412,Customer 19412,Female,44,Mysuru,2024-07-21,Karnataka,Regular
19413,Customer 19413,Female,50,Pune,2023-10-19,Maharashtra,Loyal
19414,Customer 19414,Male,28,Noida,2024-11-11,Uttar Pradesh,Regular
19415,Customer 19415,Male,30,Delhi,2022-03-19,Delhi,Regular
19416,Customer 19416,Female,18,Nagpur,2024-01-12,Maharashtra,Regular
19417,Customer 19417,Female,48,Ahmedabad,2023-11-03,Gujarat,Loyal
19418,Customer 19418,Female,50,Pune,2024-11-03,Maharashtra,New
19419,Customer 19419,Male,38,Mumbai,2025-03-17,Maharashtra,Loyal
19420,Customer 19420,Female,33,Kochi,2022-01-30,Kerala,New
19421,Customer 19421,Female,56,Hyderabad,2023-03-14,Telangana,Loyal
19422,Customer 19422,Male,40,Kolkata,2022-03-04,West Bengal,Regular
19423,Customer 19423,Female,27,Nagpur,2025-03-04,Maharashtra,New
19424,Customer 19424,Female,50,Coimbatore,2022-06-06,Tamil Nadu,Regular
19425,Customer 19425,Male,39,Mumbai,2023-07-23,Maharashtra,Regular
19426,Customer 19426,Male,58,Mumbai,2024-07-31,Maharashtra,New
19427,Customer 19427,Female,23,Ahmedabad,2024-02-16,Gujarat,Regular
19428,Customer 19428,Male,64,Delhi,2022-09-11,Delhi,Loyal
19429,Customer 19429,Female,53,Ahmedabad,2024-10-03,Gujarat,New
19430,Customer 19430,Male,64,Hyderabad,2025-04-25,Telangana,VIP
19431,Customer 19431,Male,27,Ahmedabad,2024-05-22,Gujarat,New
19432,Customer 19432,Other,33,Jaipur,2022-07-18,Rajasthan,Loyal
19433,Customer 19433,Female,30,Nagpur,2024-05-30,Maharashtra,Loyal
19434,Customer 19434,Male,37,Chennai,2025-04-09,Tamil Nadu,VIP
19435,Customer 19435,Female,21,Kolkata,2022-01-06,West Bengal,New
19436,Customer 19436,Male,37,Nagpur,2024-03-31,Maharashtra,Loyal
19437,Customer 19437,Male,39,Jaipur,2022-09-05,Rajasthan,New
19438,Customer 19438,Male,46,Ahmedabad,2022-01-04,Gujarat,Regular
19439,Customer 19439,Male,33,Bengaluru,2023-05-28,Karnataka,Loyal
19440,Customer 19440,Female,60,Mumbai,2024-04-17,Maharashtra,Regular
19441,Customer 19441,Female,64,Mysuru,2023-05-21,Karnataka,Regular
19442,Customer 19442,Other,60,Mumbai,2022-01-31,Maharashtra,New
19443,Customer 19443,Female,40,Jaipur,2023-12-10,Rajasthan,New
19444,Customer 19444,Male,47,Mumbai,2024-06-04,Maharashtra,New
19445,Customer 19445,Female,47,Noida,2025-04-15,Uttar Pradesh,Loyal
19446,Customer 19446,Other,60,Kolkata,2024-01-18,West Bengal,New
19447,Customer 19447,Female,20,Kolkata,2022-03-20,West Bengal,Loyal
19448,Customer 19448,Female,41,Kochi,2022-08-31,Kerala,Loyal
19449,Customer 19449,Female,54,Coimbatore,2023-05-16,Tamil Nadu,Regular
19450,Customer 19450,Male,30,Ahmedabad,2022-07-24,Gujarat,Loyal
19451,Customer 19451,Female,59,Chennai,2023-12-24,Tamil Nadu,Loyal
19452,Customer 19452,Female,49,Pune,2022-11-29,Maharashtra,Regular
19453,Customer 19453,Female,54,Kochi,2023-08-26,Kerala,Regular
19454,Customer 19454,Male,29,Kolkata,2022-06-15,West Bengal,VIP
19455,Customer 19455,Female,25,Ahmedabad,2022-06-10,Gujarat,VIP
19456,Customer 19456,Female,41,Pune,2022-01-06,Maharashtra,Loyal
19457,Customer 19457,Male,61,Kolkata,2022-07-24,West Bengal,New
19458,Customer 19458,Female,33,Coimbatore,2023-06-16,Tamil Nadu,Regular
19459,Customer 19459,Male,49,Mumbai,2025-01-28,Maharashtra,Regular
19460,Customer 19460,Male,51,Jaipur,2022-02-14,Rajasthan,Loyal
19461,Customer 19461,Male,52,Pune,2023-04-02,Maharashtra,Loyal
19462,Customer 19462,Female,49,Ahmedabad,2022-08-15,Gujarat,Regular
19463,Customer 19463,Male,34,Hyderabad,2022-02-21,Telangana,Loyal
19464,Customer 19464,Female,19,Chennai,2025-03-15,Tamil Nadu,New
19465,Customer 19465,Male,43,Kochi,2025-02-20,Kerala,Loyal
19466,Customer 19466,Male,61,Pune,2023-04-16,Maharashtra,Regular
19467,Customer 19467,Male,34,Coimbatore,2024-06-15,Tamil Nadu,Loyal
19468,Customer 19468,Male,55,Bengaluru,2023-09-06,Karnataka,New
19469,Customer 19469,Female,19,Pune,2023-05-27,Maharashtra,New
19470,Customer 19470,Female,25,Ahmedabad,2024-02-25,Gujarat,New
19471,Customer 19471,Male,63,Chennai,2025-05-10,Tamil Nadu,Loyal
19472,Customer 19472,Male,23,Kolkata,2023-02-19,West Bengal,Regular
19473,Customer 19473,Female,26,Delhi,2023-09-06,Delhi,Regular
19474,Customer 19474,Male,18,Kolkata,2023-06-04,West Bengal,Loyal
19475,Customer 19475,Female,22,Delhi,2023-11-05,Delhi,Regular
19476,Customer 19476,Female,56,Kochi,2025-01-01,Kerala,Regular
19477,Customer 19477,Male,26,Hyderabad,2022-12-11,Telangana,Regular
19478,Customer 19478,Male,31,Nagpur,2024-11-16,Maharashtra,New
19479,Customer 19479,Female,44,Nagpur,2025-04-07,Maharashtra,Regular
19480,Customer 19480,Male,26,Pune,2024-02-14,Maharashtra,New
19481,Customer 19481,Male,53,Mysuru,2023-08-08,Karnataka,Loyal
19482,Customer 19482,Male,46,Kochi,2025-05-17,Kerala,Regular
19483,Customer 19483,Female,37,Ahmedabad,2024-05-29,Gujarat,Regular
19484,Customer 19484,Female,32,Kochi,2024-06-16,Kerala,Regular
19485,Customer 19485,Male,53,Bengaluru,2024-04-27,Karnataka,New
19486,Customer 19486,Female,20,Coimbatore,2023-12-26,Tamil Nadu,VIP
19487,Customer 19487,Male,40,Bengaluru,2023-10-19,Karnataka,VIP
19488,Customer 19488,Female,63,Delhi,2023-09-03,Delhi,New
19489,Customer 19489,Male,26,Ahmedabad,2024-10-20,Gujarat,Loyal
19490,Customer 19490,Female,47,Ahmedabad,2024-08-04,Gujarat,Regular
19491,Customer 19491,Female,36,Pune,2022-06-29,Maharashtra,Loyal
19492,Customer 19492,Male,55,Kolkata,2023-10-09,West Bengal,New
19493,Customer 19493,Male,20,Kochi,2023-03-14,Kerala,New
19494,Customer 19494,Male,20,Chennai,2023-01-30,Tamil Nadu,Loyal
19495,Customer 19495,Male,51,Coimbatore,2023-08-17,Tamil Nadu,Loyal
19496,Customer 19496,Male,19,Bengaluru,2022-02-26,Karnataka,Regular
19497,Customer 19497,Female,44,Jaipur,2025-04-12,Rajasthan,Loyal
19498,Customer 19498,Female,40,Chennai,2022-11-22,Tamil Nadu,Loyal
19499,Customer 19499,Male,59,Coimbatore,2022-11-18,Tamil Nadu,New
19500,Customer 19500,Female,49,Bengaluru,2022-07-02,Karnataka,Regular
19501,Customer 19501,Female,64,Hyderabad,2022-08-23,Telangana,New
19502,Customer 19502,Female,52,Delhi,2023-09-11,Delhi,Loyal
19503,Customer 19503,Male,57,Mumbai,2025-04-24,Maharashtra,VIP
19504,Customer 19504,Male,35,Coimbatore,2022-09-23,Tamil Nadu,Regular
19505,Customer 19505,Male,44,Delhi,2024-10-05,Delhi,Loyal
19506,Customer 19506,Male,28,Ahmedabad,2024-04-21,Gujarat,Loyal
19507,Customer 19507,Female,56,Noida,2022-11-25,Uttar Pradesh,Regular
19508,Customer 19508,Female,36,Mysuru,2023-11-14,Karnataka,Regular
19509,Customer 19509,Male,42,Ahmedabad,2022-01-24,Gujarat,Regular
19510,Customer 19510,Male,24,Pune,2022-07-15,Maharashtra,Regular
19511,Customer 19511,Female,48,Noida,2023-09-03,Uttar Pradesh,Loyal
19512,Customer 19512,Female,19,Chennai,2023-09-05,Tamil Nadu,Regular
19513,Customer 19513,Female,55,Ahmedabad,2023-09-24,Gujarat,Regular
19514,Customer 19514,Male,22,Ahmedabad,2022-11-17,Gujarat,Loyal
19515,Customer 19515,Female,31,Coimbatore,2022-07-22,Tamil Nadu,New
19516,Customer 19516,Female,35,Pune,2025-01-18,Maharashtra,Regular
19517,Customer 19517,Female,53,Pune,2022-06-26,Maharashtra,New
19518,Customer 19518,Male,21,Noida,2023-09-19,Uttar Pradesh,Regular
19519,Customer 19519,Male,41,Kochi,2022-02-01,Kerala,Loyal
19520,Customer 19520,Male,30,Ahmedabad,2024-08-03,Gujarat,Regular
19521,Customer 19521,Female,38,Noida,2023-12-28,Uttar Pradesh,Loyal
19522,Customer 19522,Female,50,Mumbai,2024-08-11,Maharashtra,Regular
19523,Customer 19523,Other,37,Bengaluru,2024-03-30,Karnataka,New
19524,Customer 19524,Female,22,Coimbatore,2024-03-01,Tamil Nadu,Regular
19525,Customer 19525,Male,41,Kochi,2022-08-31,Kerala,Loyal
19526,Customer 19526,Male,52,Delhi,2022-03-11,Delhi,New
19527,Customer 19527,Male,47,Nagpur,2024-10-11,Maharashtra,Regular
19528,Customer 19528,Male,45,Ahmedabad,2024-12-30,Gujarat,Loyal
19529,Customer 19529,Female,62,Kolkata,2022-06-07,West Bengal,Regular
19530,Customer 19530,Female,24,Coimbatore,2023-07-03,Tamil Nadu,New
19531,Customer 19531,Male,59,Coimbatore,2022-11-22,Tamil Nadu,Regular
19532,Customer 19532,Female,52,Coimbatore,2024-11-24,Tamil Nadu,Loyal
19533,Customer 19533,Female,47,Pune,2023-04-05,Maharashtra,VIP
19534,Customer 19534,Male,51,Chennai,2023-02-20,Tamil Nadu,New
19535,Customer 19535,Male,56,Pune,2023-07-25,Maharashtra,Regular
19536,Customer 19536,Male,26,Chennai,2024-06-04,Tamil Nadu,New
19537,Customer 19537,Male,29,Jaipur,2023-05-26,Rajasthan,Loyal
19538,Customer 19538,Female,46,Noida,2023-01-03,Uttar Pradesh,New
19539,Customer 19539,Male,27,Nagpur,2024-06-30,Maharashtra,New
19540,Customer 19540,Male,44,Kochi,2024-06-01,Kerala,Loyal
19541,Customer 19541,Other,36,Pune,2022-07-26,Maharashtra,New
19542,Customer 19542,Female,30,Ahmedabad,2023-08-01,Gujarat,Regular
19543,Customer 19543,Male,59,Kochi,2025-06-10,Kerala,VIP
19544,Customer 19544,Female,54,Chennai,2023-10-31,Tamil Nadu,VIP
19545,Customer 19545,Male,49,Pune,2022-04-16,Maharashtra,New
19546,Customer 19546,Male,32,Mysuru,2023-10-28,Karnataka,Regular
19547,Customer 19547,Female,38,Pune,2024-11-07,Maharashtra,Regular
19548,Customer 19548,Male,20,Nagpur,2022-09-17,Maharashtra,Regular
19549,Customer 19549,Female,25,Nagpur,2022-11-09,Maharashtra,Loyal
19550,Customer 19550,Male,23,Chennai,2023-09-23,Tamil Nadu,Loyal
19551,Customer 19551,Male,46,Chennai,2025-01-30,Tamil Nadu,Loyal
19552,Customer 19552,Female,36,Noida,2023-06-21,Uttar Pradesh,Regular
19553,Customer 19553,Male,34,Nagpur,2025-04-18,Maharashtra,Regular
19554,Customer 19554,Female,27,Nagpur,2023-11-05,Maharashtra,Regular
19555,Customer 19555,Female,50,Jaipur,2022-12-16,Rajasthan,Regular
19556,Customer 19556,Female,30,Ahmedabad,2022-08-03,Gujarat,New
19557,Customer 19557,Female,44,Jaipur,2025-02-21,Rajasthan,New
19558,Customer 19558,Male,59,Mumbai,2022-11-24,Maharashtra,New
19559,Customer 19559,Female,29,Coimbatore,2024-04-26,Tamil Nadu,Regular
19560,Customer 19560,Female,19,Jaipur,2022-04-08,Rajasthan,Regular
19561,Customer 19561,Female,27,Hyderabad,2023-10-21,Telangana,Regular
19562,Customer 19562,Female,38,Pune,2022-10-27,Maharashtra,Regular
19563,Customer 19563,Female,40,Bengaluru,2022-01-30,Karnataka,Regular
19564,Customer 19564,Male,18,Noida,2025-01-02,Uttar Pradesh,Regular
19565,Customer 19565,Female,50,Coimbatore,2022-06-21,Tamil Nadu,Loyal
19566,Customer 19566,Male,43,Hyderabad,2024-10-14,Telangana,Regular
19567,Customer 19567,Male,32,Mumbai,2024-07-11,Maharashtra,Loyal
19568,Customer 19568,Female,39,Bengaluru,2022-03-25,Karnataka,Loyal
19569,Customer 19569,Male,42,Chennai,2024-09-11,Tamil Nadu,New
19570,Customer 19570,Male,18,Nagpur,2023-10-01,Maharashtra,Regular
19571,Customer 19571,Male,43,Mysuru,2022-03-26,Karnataka,Regular
19572,Customer 19572,Female,38,Noida,2023-10-26,Uttar Pradesh,Regular
19573,Customer 19573,Male,58,Delhi,2023-06-03,Delhi,New
19574,Customer 19574,Female,41,Kolkata,2022-07-03,West Bengal,Loyal
19575,Customer 19575,Male,56,Jaipur,2024-08-30,Rajasthan,New
19576,Customer 19576,Male,33,Nagpur,2022-12-07,Maharashtra,VIP
19577,Customer 19577,Male,49,Mysuru,2022-08-15,Karnataka,Loyal
19578,Customer 19578,Female,33,Hyderabad,2024-04-16,Telangana,Regular
19579,Customer 19579,Male,30,Chennai,2022-09-21,Tamil Nadu,New
19580,Customer 19580,Female,59,Bengaluru,2023-03-26,Karnataka,Regular
19581,Customer 19581,Female,49,Hyderabad,2025-06-28,Telangana,Regular
19582,Customer 19582,Female,58,Kolkata,2022-06-19,West Bengal,Regular
19583,Customer 19583,Female,61,Nagpur,2023-07-20,Maharashtra,Loyal
19584,Customer 19584,Male,41,Nagpur,2022-05-12,Maharashtra,Regular
19585,Customer 19585,Female,30,Bengaluru,2024-04-06,Karnataka,Regular
19586,Customer 19586,Female,28,Delhi,2023-08-29,Delhi,Loyal
19587,Customer 19587,Female,32,Mysuru,2024-12-05,Karnataka,New
19588,Customer 19588,Female,27,Hyderabad,2022-12-16,Telangana,Regular
19589,Customer 19589,Female,59,Chennai,2022-04-09,Tamil Nadu,Regular
19590,Customer 19590,Other,58,Nagpur,2024-11-26,Maharashtra,Regular
19591,Customer 19591,Male,20,Hyderabad,2024-10-05,Telangana,Loyal
19592,Customer 19592,Female,33,Ahmedabad,2022-03-16,Gujarat,VIP
19593,Customer 19593,Female,61,Delhi,2022-02-27,Delhi,Regular
19594,Customer 19594,Female,34,Hyderabad,2024-11-08,Telangana,Regular
19595,Customer 19595,Male,42,Jaipur,2023-02-06,Rajasthan,Regular
19596,Customer 19596,Female,47,Bengaluru,2022-07-07,Karnataka,Loyal
19597,Customer 19597,Female,64,Kochi,2022-05-19,Kerala,Loyal
19598,Customer 19598,Male,52,Kochi,2022-05-23,Kerala,Regular
19599,Customer 19599,Female,54,Jaipur,2022-04-18,Rajasthan,New
19600,Customer 19600,Male,30,Kolkata,2022-08-09,West Bengal,VIP
19601,Customer 19601,Other,41,Chennai,2022-05-25,Tamil Nadu,Regular
19602,Customer 19602,Male,55,Mumbai,2024-05-07,Maharashtra,Regular
19603,Customer 19603,Male,43,Bengaluru,2023-05-25,Karnataka,Loyal
19604,Customer 19604,Male,26,Hyderabad,2023-01-11,Telangana,Regular
19605,Customer 19605,Female,36,Mumbai,2022-01-05,Maharashtra,Regular
19606,Customer 19606,Male,45,Nagpur,2023-01-23,Maharashtra,New
19607,Customer 19607,Female,24,Mumbai,2023-07-22,Maharashtra,VIP
19608,Customer 19608,Female,62,Delhi,2024-09-10,Delhi,New
19609,Customer 19609,Female,39,Pune,2023-07-14,Maharashtra,Regular
19610,Customer 19610,Male,47,Delhi,2025-04-01,Delhi,Regular
19611,Customer 19611,Other,54,Jaipur,2022-12-31,Rajasthan,Loyal
19612,Customer 19612,Female,33,Bengaluru,2023-02-21,Karnataka,New
19613,Customer 19613,Male,53,Pune,2022-01-21,Maharashtra,Regular
19614,Customer 19614,Male,22,Bengaluru,2023-09-06,Karnataka,Regular
19615,Customer 19615,Male,46,Ahmedabad,2023-06-01,Gujarat,Regular
19616,Customer 19616,Female,40,Kolkata,2025-05-05,West Bengal,Loyal
19617,Customer 19617,Male,23,Kolkata,2023-10-23,West Bengal,New
19618,Customer 19618,Male,53,Noida,2022-11-26,Uttar Pradesh,Loyal
19619,Customer 19619,Female,50,Chennai,2023-01-13,Tamil Nadu,Loyal
19620,Customer 19620,Female,58,Kolkata,2025-05-19,West Bengal,Loyal
19621,Customer 19621,Female,33,Coimbatore,2022-06-09,Tamil Nadu,Regular
19622,Customer 19622,Female,51,Nagpur,2023-10-20,Maharashtra,Regular
19623,Customer 19623,Male,60,Nagpur,2022-12-20,Maharashtra,Regular
19624,Customer 19624,Female,43,Ahmedabad,2025-06-17,Gujarat,VIP
19625,Customer 19625,Male,54,Noida,2022-03-20,Uttar Pradesh,Loyal
19626,Customer 19626,Female,30,Ahmedabad,2022-06-01,Gujarat,Regular
19627,Customer 19627,Female,34,Hyderabad,2023-06-01,Telangana,VIP
19628,Customer 19628,Male,49,Mysuru,2023-01-18,Karnataka,Loyal
19629,Customer 19629,Female,49,Bengaluru,2023-11-24,Karnataka,Loyal
19630,Customer 19630,Male,45,Coimbatore,2022-12-18,Tamil Nadu,Loyal
19631,Customer 19631,Male,46,Coimbatore,2025-05-09,Tamil Nadu,Loyal
19632,Customer 19632,Female,42,Jaipur,2024-08-08,Rajasthan,Loyal
19633,Customer 19633,Female,64,Delhi,2022-05-13,Delhi,New
19634,Customer 19634,Female,39,Delhi,2023-09-26,Delhi,VIP
19635,Customer 19635,Female,44,Mysuru,2022-06-18,Karnataka,Regular
19636,Customer 19636,Female,61,Jaipur,2024-05-15,Rajasthan,Regular
19637,Customer 19637,Male,55,Ahmedabad,2023-01-26,Gujarat,Loyal
19638,Customer 19638,Male,37,Jaipur,2024-03-30,Rajasthan,Loyal
19639,Customer 19639,Male,62,Hyderabad,2022-04-08,Telangana,Loyal
19640,Customer 19640,Male,41,Noida,2024-09-18,Uttar Pradesh,Regular
19641,Customer 19641,Female,64,Mumbai,2024-02-19,Maharashtra,Regular
19642,Customer 19642,Male,64,Delhi,2022-12-06,Delhi,New
19643,Customer 19643,Male,25,Hyderabad,2022-05-12,Telangana,Regular
19644,Customer 19644,Male,31,Chennai,2022-07-29,Tamil Nadu,Loyal
19645,Customer 19645,Female,56,Jaipur,2024-10-25,Rajasthan,Regular
19646,Customer 19646,Female,31,Nagpur,2023-01-12,Maharashtra,Regular
19647,Customer 19647,Male,22,Nagpur,2023-10-02,Maharashtra,Regular
19648,Customer 19648,Female,64,Hyderabad,2024-12-13,Telangana,Loyal
19649,Customer 19649,Male,38,Mysuru,2025-05-06,Karnataka,New
19650,Customer 19650,Female,32,Noida,2023-03-17,Uttar Pradesh,Loyal
19651,Customer 19651,Male,53,Kolkata,2025-04-18,West Bengal,Regular
19652,Customer 19652,Male,50,Kochi,2022-08-29,Kerala,New
19653,Customer 19653,Female,34,Coimbatore,2023-05-16,Tamil Nadu,Loyal
19654,Customer 19654,Female,37,Mysuru,2022-01-23,Karnataka,Regular
19655,Customer 19655,Male,18,Hyderabad,2023-09-24,Telangana,Regular
19656,Customer 19656,Female,33,Noida,2024-10-13,Uttar Pradesh,Loyal
19657,Customer 19657,Female,62,Noida,2025-04-18,Uttar Pradesh,Loyal
19658,Customer 19658,Female,35,Bengaluru,2022-06-24,Karnataka,Loyal
19659,Customer 19659,Male,27,Pune,2022-07-17,Maharashtra,Loyal
19660,Customer 19660,Male,40,Nagpur,2022-04-09,Maharashtra,Regular
19661,Customer 19661,Female,35,Hyderabad,2024-01-15,Telangana,Regular
19662,Customer 19662,Male,26,Kolkata,2023-03-29,West Bengal,Regular
19663,Customer 19663,Male,63,Jaipur,2025-04-29,Rajasthan,Loyal
19664,Customer 19664,Male,47,Coimbatore,2024-08-31,Tamil Nadu,VIP
19665,Customer 19665,Female,30,Jaipur,2023-05-14,Rajasthan,Regular
19666,Customer 19666,Male,48,Pune,2025-04-29,Maharashtra,New
19667,Customer 19667,Female,63,Chennai,2022-05-21,Tamil Nadu,Regular
19668,Customer 19668,Male,60,Delhi,2024-02-12,Delhi,Loyal
19669,Customer 19669,Male,30,Bengaluru,2022-06-24,Karnataka,New
19670,Customer 19670,Male,49,Delhi,2023-02-24,Delhi,Loyal
19671,Customer 19671,Male,34,Pune,2023-11-07,Maharashtra,Loyal
19672,Customer 19672,Female,20,Pune,2023-06-16,Maharashtra,VIP
19673,Customer 19673,Female,18,Delhi,2024-07-06,Delhi,New
19674,Customer 19674,Male,22,Ahmedabad,2022-12-27,Gujarat,VIP
19675,Customer 19675,Male,49,Coimbatore,2023-03-22,Tamil Nadu,Loyal
19676,Customer 19676,Female,42,Coimbatore,2023-07-10,Tamil Nadu,New
19677,Customer 19677,Female,62,Mumbai,2023-12-09,Maharashtra,Regular
19678,Customer 19678,Female,22,Jaipur,2023-07-15,Rajasthan,Loyal
19679,Customer 19679,Female,54,Kolkata,2024-09-23,West Bengal,VIP
19680,Customer 19680,Male,40,Chennai,2022-02-28,Tamil Nadu,New
19681,Customer 19681,Female,29,Jaipur,2024-06-03,Rajasthan,New
19682,Customer 19682,Male,51,Coimbatore,2025-04-05,Tamil Nadu,Regular
19683,Customer 19683,Male,40,Kolkata,2024-08-24,West Bengal,VIP
19684,Customer 19684,Female,33,Kochi,2024-08-02,Kerala,VIP
19685,Customer 19685,Female,22,Chennai,2022-09-20,Tamil Nadu,Regular
19686,Customer 19686,Female,61,Chennai,2022-07-15,Tamil Nadu,Regular
19687,Customer 19687,Male,64,Pune,2022-12-20,Maharashtra,Loyal
19688,Customer 19688,Male,45,Chennai,2024-06-04,Tamil Nadu,Loyal
19689,Customer 19689,Male,23,Bengaluru,2024-07-29,Karnataka,VIP
19690,Customer 19690,Female,30,Delhi,2024-07-03,Delhi,Loyal
19691,Customer 19691,Male,60,Ahmedabad,2022-02-16,Gujarat,Regular
19692,Customer 19692,Female,47,Mumbai,2024-01-23,Maharashtra,Loyal
19693,Customer 19693,Male,43,Jaipur,2022-08-18,Rajasthan,New
19694,Customer 19694,Female,34,Hyderabad,2024-01-27,Telangana,Loyal
19695,Customer 19695,Female,26,Mysuru,2022-11-12,Karnataka,Regular
19696,Customer 19696,Male,33,Mumbai,2024-02-01,Maharashtra,VIP
19697,Customer 19697,Male,35,Bengaluru,2025-01-05,Karnataka,VIP
19698,Customer 19698,Female,30,Mumbai,2022-03-03,Maharashtra,New
19699,Customer 19699,Female,46,Chennai,2022-08-26,Tamil Nadu,New
19700,Customer 19700,Female,60,Pune,2022-03-19,Maharashtra,Regular
19701,Customer 19701,Female,62,Mysuru,2024-01-04,Karnataka,Loyal
19702,Customer 19702,Male,41,Coimbatore,2023-07-13,Tamil Nadu,Loyal
19703,Customer 19703,Female,62,Pune,2024-08-01,Maharashtra,VIP
19704,Customer 19704,Male,61,Chennai,2023-10-12,Tamil Nadu,Regular
19705,Customer 19705,Female,63,Chennai,2024-11-13,Tamil Nadu,Regular
19706,Customer 19706,Male,30,Mysuru,2024-11-18,Karnataka,New
19707,Customer 19707,Female,42,Mysuru,2025-03-04,Karnataka,Regular
19708,Customer 19708,Male,58,Kochi,2022-12-17,Kerala,Loyal
19709,Customer 19709,Male,63,Nagpur,2024-07-01,Maharashtra,Loyal
19710,Customer 19710,Male,18,Noida,2022-12-16,Uttar Pradesh,Regular
19711,Customer 19711,Female,26,Noida,2023-04-21,Uttar Pradesh,Loyal
19712,Customer 19712,Female,21,Kolkata,2022-10-19,West Bengal,Regular
19713,Customer 19713,Female,45,Ahmedabad,2025-04-27,Gujarat,Regular
19714,Customer 19714,Male,29,Pune,2024-06-06,Maharashtra,Regular
19715,Customer 19715,Female,41,Coimbatore,2023-04-13,Tamil Nadu,Regular
19716,Customer 19716,Female,63,Mumbai,2025-05-14,Maharashtra,Loyal
19717,Customer 19717,Male,26,Chennai,2025-06-19,Tamil Nadu,Regular
19718,Customer 19718,Male,52,Chennai,2022-11-02,Tamil Nadu,Regular
19719,Customer 19719,Male,55,Nagpur,2025-04-22,Maharashtra,Loyal
19720,Customer 19720,Male,52,Pune,2023-04-23,Maharashtra,VIP
19721,Customer 19721,Male,50,Ahmedabad,2025-02-25,Gujarat,Regular
19722,Customer 19722,Female,52,Pune,2023-03-25,Maharashtra,Regular
19723,Customer 19723,Male,63,Kochi,2022-08-18,Kerala,Regular
19724,Customer 19724,Female,37,Jaipur,2024-11-30,Rajasthan,New
19725,Customer 19725,Female,19,Delhi,2024-03-03,Delhi,New
19726,Customer 19726,Female,61,Kolkata,2023-11-05,West Bengal,Loyal
19727,Customer 19727,Female,43,Mysuru,2024-04-03,Karnataka,New
19728,Customer 19728,Male,59,Coimbatore,2024-04-15,Tamil Nadu,Regular
19729,Customer 19729,Female,30,Ahmedabad,2024-11-10,Gujarat,Loyal
19730,Customer 19730,Male,47,Mysuru,2022-12-13,Karnataka,Loyal
19731,Customer 19731,Female,49,Coimbatore,2022-01-10,Tamil Nadu,New
19732,Customer 19732,Female,53,Jaipur,2022-03-28,Rajasthan,Regular
19733,Customer 19733,Female,36,Bengaluru,2023-06-29,Karnataka,Regular
19734,Customer 19734,Female,39,Hyderabad,2024-05-22,Telangana,Regular
19735,Customer 19735,Male,18,Jaipur,2023-12-16,Rajasthan,Regular
19736,Customer 19736,Male,28,Kolkata,2022-01-04,West Bengal,Regular
19737,Customer 19737,Female,43,Kochi,2024-11-12,Kerala,New
19738,Customer 19738,Male,36,Noida,2025-05-05,Uttar Pradesh,Regular
19739,Customer 19739,Female,36,Jaipur,2024-06-19,Rajasthan,New
19740,Customer 19740,Male,29,Kolkata,2022-09-30,West Bengal,VIP
19741,Customer 19741,Female,20,Noida,2025-02-04,Uttar Pradesh,Regular
19742,Customer 19742,Male,35,Coimbatore,2024-05-30,Tamil Nadu,Loyal
19743,Customer 19743,Female,22,Noida,2025-05-08,Uttar Pradesh,New
19744,Customer 19744,Female,41,Mysuru,2024-07-24,Karnataka,Loyal
19745,Customer 19745,Male,31,Kolkata,2022-01-02,West Bengal,Regular
19746,Customer 19746,Male,55,Chennai,2025-02-18,Tamil Nadu,New
19747,Customer 19747,Male,20,Mysuru,2022-05-29,Karnataka,Loyal
19748,Customer 19748,Male,23,Coimbatore,2024-08-05,Tamil Nadu,Loyal
19749,Customer 19749,Male,29,Ahmedabad,2022-06-01,Gujarat,VIP
19750,Customer 19750,Male,28,Pune,2022-11-02,Maharashtra,Loyal
19751,Customer 19751,Female,56,Mysuru,2024-05-31,Karnataka,New
19752,Customer 19752,Male,43,Noida,2023-04-20,Uttar Pradesh,Regular
19753,Customer 19753,Other,18,Nagpur,2024-03-17,Maharashtra,Regular
19754,Customer 19754,Female,33,Delhi,2024-12-30,Delhi,New
19755,Customer 19755,Male,64,Jaipur,2022-02-02,Rajasthan,Loyal
19756,Customer 19756,Male,26,Chennai,2025-03-26,Tamil Nadu,Regular
19757,Customer 19757,Female,22,Jaipur,2024-02-17,Rajasthan,VIP
19758,Customer 19758,Male,25,Noida,2025-03-28,Uttar Pradesh,Regular
19759,Customer 19759,Female,38,Nagpur,2024-03-05,Maharashtra,Regular
19760,Customer 19760,Female,50,Coimbatore,2025-06-04,Tamil Nadu,New
19761,Customer 19761,Male,56,Bengaluru,2025-06-29,Karnataka,New
19762,Customer 19762,Female,60,Kochi,2023-01-02,Kerala,Loyal
19763,Customer 19763,Male,37,Nagpur,2022-09-19,Maharashtra,VIP
19764,Customer 19764,Male,62,Hyderabad,2023-10-08,Telangana,Regular
19765,Customer 19765,Female,39,Jaipur,2023-06-22,Rajasthan,Loyal
19766,Customer 19766,Female,30,Bengaluru,2024-12-02,Karnataka,Regular
19767,Customer 19767,Female,56,Kolkata,2022-01-16,West Bengal,VIP
19768,Customer 19768,Female,28,Mumbai,2022-04-15,Maharashtra,Regular
19769,Customer 19769,Female,35,Chennai,2024-03-01,Tamil Nadu,Regular
19770,Customer 19770,Female,47,Noida,2025-05-11,Uttar Pradesh,Regular
19771,Customer 19771,Male,50,Kolkata,2023-12-21,West Bengal,Regular
19772,Customer 19772,Female,61,Kolkata,2024-12-18,West Bengal,Regular
19773,Customer 19773,Female,20,Mumbai,2024-10-05,Maharashtra,Regular
19774,Customer 19774,Male,18,Mysuru,2022-02-17,Karnataka,Regular
19775,Customer 19775,Female,53,Coimbatore,2023-10-22,Tamil Nadu,New
19776,Customer 19776,Male,23,Chennai,2025-04-16,Tamil Nadu,Loyal
19777,Customer 19777,Female,54,Kochi,2024-03-11,Kerala,Loyal
19778,Customer 19778,Female,46,Pune,2022-04-24,Maharashtra,Loyal
19779,Customer 19779,Female,28,Kolkata,2022-10-23,West Bengal,Regular
19780,Customer 19780,Male,30,Bengaluru,2023-03-14,Karnataka,New
19781,Customer 19781,Female,28,Kolkata,2022-09-23,West Bengal,Regular
19782,Customer 19782,Male,55,Pune,2022-06-11,Maharashtra,New
19783,Customer 19783,Female,42,Kolkata,2023-05-19,West Bengal,Regular
19784,Customer 19784,Female,32,Mumbai,2024-11-25,Maharashtra,New
19785,Customer 19785,Female,30,Nagpur,2023-08-10,Maharashtra,Regular
19786,Customer 19786,Female,59,Nagpur,2023-04-03,Maharashtra,New
19787,Customer 19787,Female,50,Ahmedabad,2024-10-02,Gujarat,New
19788,Customer 19788,Male,30,Coimbatore,2022-09-29,Tamil Nadu,VIP
19789,Customer 19789,Male,55,Mumbai,2025-04-17,Maharashtra,VIP
19790,Customer 19790,Female,41,Delhi,2023-04-25,Delhi,Regular
19791,Customer 19791,Female,37,Kolkata,2024-08-14,West Bengal,Regular
19792,Customer 19792,Male,61,Chennai,2022-06-08,Tamil Nadu,Loyal
19793,Customer 19793,Female,34,Bengaluru,2024-01-25,Karnataka,Loyal
19794,Customer 19794,Male,41,Nagpur,2022-07-23,Maharashtra,Loyal
19795,Customer 19795,Male,43,Nagpur,2024-03-05,Maharashtra,Regular
19796,Customer 19796,Female,57,Pune,2025-03-12,Maharashtra,New
19797,Customer 19797,Male,49,Pune,2023-05-27,Maharashtra,New
19798,Customer 19798,Male,46,Kochi,2022-04-26,Kerala,Loyal
19799,Customer 19799,Male,31,Ahmedabad,2023-01-27,Gujarat,Loyal
19800,Customer 19800,Female,54,Jaipur,2023-11-19,Rajasthan,Regular
19801,Customer 19801,Female,39,Noida,2024-07-18,Uttar Pradesh,Regular
19802,Customer 19802,Female,51,Mysuru,2023-12-27,Karnataka,Regular
19803,Customer 19803,Male,44,Delhi,2023-01-04,Delhi,Loyal
19804,Customer 19804,Female,45,Pune,2025-05-23,Maharashtra,Loyal
19805,Customer 19805,Female,39,Pune,2023-07-23,Maharashtra,Regular
19806,Customer 19806,Female,60,Ahmedabad,2024-06-19,Gujarat,Regular
19807,Customer 19807,Female,20,Chennai,2024-01-11,Tamil Nadu,Regular
19808,Customer 19808,Male,39,Jaipur,2022-11-23,Rajasthan,Loyal
19809,Customer 19809,Male,38,Noida,2022-02-06,Uttar Pradesh,Loyal
19810,Customer 19810,Male,33,Pune,2024-09-12,Maharashtra,New
19811,Customer 19811,Male,26,Ahmedabad,2023-01-15,Gujarat,New
19812,Customer 19812,Female,30,Bengaluru,2024-03-06,Karnataka,Loyal
19813,Customer 19813,Female,27,Chennai,2023-01-04,Tamil Nadu,Regular
19814,Customer 19814,Female,38,Mysuru,2022-08-12,Karnataka,Regular
19815,Customer 19815,Male,59,Mumbai,2024-03-24,Maharashtra,Regular
19816,Customer 19816,Male,57,Chennai,2025-01-28,Tamil Nadu,Loyal
19817,Customer 19817,Male,24,Mumbai,2025-01-03,Maharashtra,Loyal
19818,Customer 19818,Male,63,Nagpur,2023-12-25,Maharashtra,Regular
19819,Customer 19819,Male,39,Noida,2023-12-04,Uttar Pradesh,Regular
19820,Customer 19820,Female,35,Mysuru,2022-03-04,Karnataka,New
19821,Customer 19821,Male,38,Kochi,2022-04-09,Kerala,Loyal
19822,Customer 19822,Other,31,Noida,2024-02-16,Uttar Pradesh,Loyal
19823,Customer 19823,Male,27,Jaipur,2025-06-02,Rajasthan,Regular
19824,Customer 19824,Female,50,Mysuru,2022-03-16,Karnataka,New
19825,Customer 19825,Female,26,Jaipur,2022-07-03,Rajasthan,New
19826,Customer 19826,Male,35,Noida,2024-12-16,Uttar Pradesh,Regular
19827,Customer 19827,Female,30,Chennai,2025-06-26,Tamil Nadu,New
19828,Customer 19828,Female,34,Ahmedabad,2023-04-14,Gujarat,Loyal
19829,Customer 19829,Female,40,Noida,2022-05-20,Uttar Pradesh,Loyal
19830,Customer 19830,Female,42,Hyderabad,2022-12-25,Telangana,Regular
19831,Customer 19831,Male,33,Mysuru,2024-09-06,Karnataka,Loyal
19832,Customer 19832,Female,41,Kochi,2025-06-09,Kerala,Regular
19833,Customer 19833,Female,48,Kolkata,2022-10-27,West Bengal,Loyal
19834,Customer 19834,Male,28,Mumbai,2023-03-02,Maharashtra,New
19835,Customer 19835,Male,40,Mysuru,2024-09-21,Karnataka,New
19836,Customer 19836,Female,58,Nagpur,2022-06-10,Maharashtra,Regular
19837,Customer 19837,Male,56,Bengaluru,2023-02-05,Karnataka,Regular
19838,Customer 19838,Female,39,Jaipur,2024-01-11,Rajasthan,New
19839,Customer 19839,Female,50,Hyderabad,2024-05-11,Telangana,Regular
19840,Customer 19840,Female,58,Coimbatore,2023-05-09,Tamil Nadu,Regular
19841,Customer 19841,Male,59,Kolkata,2023-05-04,West Bengal,Loyal
19842,Customer 19842,Male,35,Mysuru,2025-04-20,Karnataka,Regular
19843,Customer 19843,Male,31,Pune,2023-06-10,Maharashtra,Regular
19844,Customer 19844,Female,45,Chennai,2025-01-28,Tamil Nadu,VIP
19845,Customer 19845,Female,28,Kolkata,2024-01-07,West Bengal,Loyal
19846,Customer 19846,Female,41,Chennai,2022-12-24,Tamil Nadu,Regular
19847,Customer 19847,Female,53,Noida,2025-06-08,Uttar Pradesh,Regular
19848,Customer 19848,Male,36,Noida,2023-07-19,Uttar Pradesh,Regular
19849,Customer 19849,Male,30,Kochi,2024-10-26,Kerala,Regular
19850,Customer 19850,Female,50,Kolkata,2022-03-31,West Bengal,New
19851,Customer 19851,Female,36,Chennai,2022-03-05,Tamil Nadu,Regular
19852,Customer 19852,Male,64,Kochi,2025-01-16,Kerala,Loyal
19853,Customer 19853,Male,49,Delhi,2024-11-22,Delhi,Regular
19854,Customer 19854,Male,32,Kolkata,2024-12-31,West Bengal,New
19855,Customer 19855,Male,28,Hyderabad,2022-09-10,Telangana,Regular
19856,Customer 19856,Female,40,Hyderabad,2022-04-17,Telangana,Loyal
19857,Customer 19857,Female,22,Mumbai,2024-07-18,Maharashtra,Regular
19858,Customer 19858,Female,39,Mysuru,2023-05-29,Karnataka,Loyal
19859,Customer 19859,Female,59,Coimbatore,2022-05-16,Tamil Nadu,Regular
19860,Customer 19860,Female,35,Chennai,2023-09-21,Tamil Nadu,Loyal
19861,Customer 19861,Female,24,Mysuru,2023-02-13,Karnataka,Regular
19862,Customer 19862,Male,50,Hyderabad,2022-05-01,Telangana,Regular
19863,Customer 19863,Female,20,Nagpur,2024-03-10,Maharashtra,VIP
19864,Customer 19864,Male,45,Chennai,2024-04-03,Tamil Nadu,VIP
19865,Customer 19865,Male,18,Mysuru,2025-01-22,Karnataka,Loyal
19866,Customer 19866,Male,64,Hyderabad,2023-05-20,Telangana,VIP
19867,Customer 19867,Female,54,Bengaluru,2022-01-07,Karnataka,Regular
19868,Customer 19868,Male,39,Hyderabad,2024-08-01,Telangana,Regular
19869,Customer 19869,Male,61,Noida,2022-07-10,Uttar Pradesh,Regular
19870,Customer 19870,Male,36,Kochi,2023-04-02,Kerala,Regular
19871,Customer 19871,Female,31,Pune,2023-01-21,Maharashtra,Regular
19872,Customer 19872,Female,20,Delhi,2024-03-13,Delhi,Regular
19873,Customer 19873,Female,36,Jaipur,2024-05-15,Rajasthan,Loyal
19874,Customer 19874,Male,50,Delhi,2024-10-19,Delhi,Regular
19875,Customer 19875,Male,38,Kochi,2022-10-05,Kerala,Regular
19876,Customer 19876,Female,18,Noida,2024-04-06,Uttar Pradesh,New
19877,Customer 19877,Male,43,Noida,2024-08-02,Uttar Pradesh,VIP
19878,Customer 19878,Female,27,Jaipur,2022-02-21,Rajasthan,Loyal
19879,Customer 19879,Female,52,Chennai,2023-01-31,Tamil Nadu,Regular
19880,Customer 19880,Female,30,Bengaluru,2024-02-18,Karnataka,Loyal
19881,Customer 19881,Female,23,Bengaluru,2023-11-25,Karnataka,Loyal
19882,Customer 19882,Male,60,Jaipur,2022-07-30,Rajasthan,VIP
19883,Customer 19883,Male,23,Chennai,2024-06-08,Tamil Nadu,Regular
19884,Customer 19884,Female,52,Mysuru,2022-09-27,Karnataka,Regular
19885,Customer 19885,Male,33,Chennai,2023-06-29,Tamil Nadu,New
19886,Customer 19886,Male,58,Coimbatore,2024-10-03,Tamil Nadu,VIP
19887,Customer 19887,Male,25,Coimbatore,2024-04-24,Tamil Nadu,VIP
19888,Customer 19888,Male,20,Delhi,2024-10-12,Delhi,Loyal
19889,Customer 19889,Male,22,Hyderabad,2023-02-02,Telangana,Regular
19890,Customer 19890,Male,38,Jaipur,2025-05-24,Rajasthan,Regular
19891,Customer 19891,Female,48,Chennai,2024-03-24,Tamil Nadu,Regular
19892,Customer 19892,Female,31,Ahmedabad,2023-10-01,Gujarat,Regular
19893,Customer 19893,Female,54,Chennai,2023-05-08,Tamil Nadu,Regular
19894,Customer 19894,Female,36,Kochi,2024-08-08,Kerala,New
19895,Customer 19895,Male,54,Mysuru,2022-05-08,Karnataka,VIP
19896,Customer 19896,Male,37,Mumbai,2022-03-15,Maharashtra,Regular
19897,Customer 19897,Male,19,Delhi,2023-03-28,Delhi,Loyal
19898,Customer 19898,Female,24,Delhi,2023-03-14,Delhi,Loyal
19899,Customer 19899,Female,50,Delhi,2023-03-24,Delhi,Regular
19900,Customer 19900,Male,59,Kolkata,2025-01-30,West Bengal,Regular
19901,Customer 19901,Male,23,Hyderabad,2023-07-13,Telangana,VIP
19902,Customer 19902,Female,24,Jaipur,2024-08-27,Rajasthan,Loyal
19903,Customer 19903,Female,61,Noida,2024-07-25,Uttar Pradesh,Regular
19904,Customer 19904,Female,35,Jaipur,2022-10-10,Rajasthan,New
19905,Customer 19905,Male,60,Nagpur,2024-01-30,Maharashtra,Loyal
19906,Customer 19906,Male,46,Mumbai,2025-05-12,Maharashtra,Regular
19907,Customer 19907,Female,36,Kolkata,2022-03-27,West Bengal,Regular
19908,Customer 19908,Female,42,Ahmedabad,2022-06-13,Gujarat,Loyal
19909,Customer 19909,Female,21,Ahmedabad,2024-05-26,Gujarat,Loyal
19910,Customer 19910,Female,30,Hyderabad,2024-12-16,Telangana,Regular
19911,Customer 19911,Female,49,Coimbatore,2022-07-25,Tamil Nadu,VIP
19912,Customer 19912,Female,44,Jaipur,2022-05-28,Rajasthan,Loyal
19913,Customer 19913,Male,51,Mysuru,2024-03-01,Karnataka,Loyal
19914,Customer 19914,Male,45,Noida,2024-11-10,Uttar Pradesh,New
19915,Customer 19915,Female,26,Coimbatore,2024-08-04,Tamil Nadu,Regular
19916,Customer 19916,Male,25,Noida,2025-03-06,Uttar Pradesh,New
19917,Customer 19917,Female,38,Bengaluru,2023-07-11,Karnataka,Regular
19918,Customer 19918,Female,63,Delhi,2024-01-31,Delhi,VIP
19919,Customer 19919,Other,47,Kolkata,2022-01-30,West Bengal,VIP
19920,Customer 19920,Male,46,Noida,2022-08-13,Uttar Pradesh,Loyal
19921,Customer 19921,Male,26,Kochi,2023-03-05,Kerala,Regular
19922,Customer 19922,Female,30,Pune,2023-06-13,Maharashtra,Loyal
19923,Customer 19923,Female,35,Delhi,2024-11-17,Delhi,Regular
19924,Customer 19924,Female,55,Delhi,2022-05-06,Delhi,New
19925,Customer 19925,Male,39,Mysuru,2024-03-23,Karnataka,Regular
19926,Customer 19926,Male,48,Kolkata,2023-05-14,West Bengal,Regular
19927,Customer 19927,Female,52,Mumbai,2025-04-25,Maharashtra,Regular
19928,Customer 19928,Female,59,Coimbatore,2023-10-16,Tamil Nadu,Regular
19929,Customer 19929,Female,59,Noida,2022-05-18,Uttar Pradesh,Regular
19930,Customer 19930,Male,27,Noida,2024-09-20,Uttar Pradesh,Regular
19931,Customer 19931,Male,26,Bengaluru,2024-01-11,Karnataka,New
19932,Customer 19932,Male,48,Delhi,2022-08-02,Delhi,Loyal
19933,Customer 19933,Female,61,Chennai,2022-10-18,Tamil Nadu,Regular
19934,Customer 19934,Female,57,Jaipur,2024-08-01,Rajasthan,Regular
19935,Customer 19935,Male,41,Nagpur,2023-01-06,Maharashtra,Loyal
19936,Customer 19936,Male,58,Chennai,2023-06-14,Tamil Nadu,Regular
19937,Customer 19937,Female,25,Jaipur,2023-11-23,Rajasthan,Regular
19938,Customer 19938,Male,37,Noida,2023-07-03,Uttar Pradesh,Loyal
19939,Customer 19939,Female,34,Chennai,2024-02-13,Tamil Nadu,Regular
19940,Customer 19940,Female,45,Mysuru,2024-10-13,Karnataka,Loyal
19941,Customer 19941,Male,23,Pune,2023-02-23,Maharashtra,Regular
19942,Customer 19942,Male,59,Noida,2022-12-27,Uttar Pradesh,Regular
19943,Customer 19943,Female,50,Noida,2025-03-27,Uttar Pradesh,Regular
19944,Customer 19944,Male,45,Pune,2025-01-03,Maharashtra,Regular
19945,Customer 19945,Male,18,Coimbatore,2024-07-08,Tamil Nadu,New
19946,Customer 19946,Female,58,Pune,2023-07-21,Maharashtra,New
19947,Customer 19947,Female,52,Ahmedabad,2023-12-19,Gujarat,Regular
19948,Customer 19948,Female,41,Chennai,2023-12-28,Tamil Nadu,Loyal
19949,Customer 19949,Male,23,Mysuru,2025-02-03,Karnataka,Loyal
19950,Customer 19950,Male,24,Bengaluru,2023-01-02,Karnataka,Loyal
19951,Customer 19951,Male,26,Coimbatore,2023-02-06,Tamil Nadu,Regular
19952,Customer 19952,Male,54,Hyderabad,2022-04-13,Telangana,Loyal
19953,Customer 19953,Female,33,Bengaluru,2024-02-26,Karnataka,Regular
19954,Customer 19954,Male,51,Mumbai,2022-11-21,Maharashtra,Regular
19955,Customer 19955,Female,52,Mumbai,2023-01-08,Maharashtra,Loyal
19956,Customer 19956,Male,52,Mumbai,2022-12-04,Maharashtra,New
19957,Customer 19957,Male,37,Kolkata,2024-06-09,West Bengal,VIP
19958,Customer 19958,Other,40,Mumbai,2024-11-22,Maharashtra,Loyal
19959,Customer 19959,Male,59,Mysuru,2025-02-05,Karnataka,Loyal
19960,Customer 19960,Male,52,Bengaluru,2025-01-01,Karnataka,Loyal
19961,Customer 19961,Male,64,Jaipur,2025-04-19,Rajasthan,Loyal
19962,Customer 19962,Male,63,Kochi,2025-03-21,Kerala,VIP
19963,Customer 19963,Male,40,Delhi,2024-12-27,Delhi,Loyal
19964,Customer 19964,Male,21,Nagpur,2024-09-23,Maharashtra,Regular
19965,Customer 19965,Female,27,Kochi,2022-02-01,Kerala,Regular
19966,Customer 19966,Female,60,Coimbatore,2024-07-15,Tamil Nadu,Regular
19967,Customer 19967,Female,28,Kolkata,2023-09-12,West Bengal,VIP
19968,Customer 19968,Male,57,Hyderabad,2025-01-07,Telangana,Loyal
19969,Customer 19969,Female,26,Chennai,2024-05-27,Tamil Nadu,Regular
19970,Customer 19970,Male,57,Ahmedabad,2022-06-24,Gujarat,Loyal
19971,Customer 19971,Female,29,Jaipur,2022-01-15,Rajasthan,Loyal
19972,Customer 19972,Female,34,Noida,2024-12-10,Uttar Pradesh,Regular
19973,Customer 19973,Male,49,Jaipur,2022-04-17,Rajasthan,Regular
19974,Customer 19974,Female,40,Mumbai,2023-04-14,Maharashtra,Regular
19975,Customer 19975,Female,32,Hyderabad,2022-07-21,Telangana,Loyal
19976,Customer 19976,Female,45,Noida,2025-05-26,Uttar Pradesh,Regular
19977,Customer 19977,Male,55,Nagpur,2024-11-30,Maharashtra,Loyal
19978,Customer 19978,Female,22,Hyderabad,2024-07-05,Telangana,Regular
19979,Customer 19979,Female,57,Ahmedabad,2022-12-02,Gujarat,New
19980,Customer 19980,Male,35,Bengaluru,2022-04-15,Karnataka,New
19981,Customer 19981,Female,38,Hyderabad,2022-07-22,Telangana,New
19982,Customer 19982,Male,32,Kolkata,2025-01-23,West Bengal,New
19983,Customer 19983,Male,20,Mumbai,2025-04-15,Maharashtra,Regular
19984,Customer 19984,Female,63,Nagpur,2022-03-06,Maharashtra,Loyal
19985,Customer 19985,Female,43,Chennai,2023-07-07,Tamil Nadu,New
19986,Customer 19986,Female,32,Delhi,2022-08-12,Delhi,Regular
19987,Customer 19987,Female,62,Pune,2023-01-15,Maharashtra,Regular
19988,Customer 19988,Male,37,Kolkata,2022-09-12,West Bengal,New
19989,Customer 19989,Male,38,Mumbai,2022-06-20,Maharashtra,Regular
19990,Customer 19990,Female,43,Noida,2023-09-05,Uttar Pradesh,Loyal
19991,Customer 19991,Male,58,Nagpur,2023-10-14,Maharashtra,New
19992,Customer 19992,Female,40,Bengaluru,2023-12-19,Karnataka,New
19993,Customer 19993,Female,42,Kolkata,2024-04-11,West Bengal,VIP
19994,Customer 19994,Male,21,Mysuru,2024-03-29,Karnataka,Loyal
19995,Customer 19995,Male,27,Nagpur,2022-03-14,Maharashtra,Regular
19996,Customer 19996,Female,39,Jaipur,2024-12-19,Rajasthan,Regular
19997,Customer 19997,Female,20,Noida,2023-03-31,Uttar Pradesh,Loyal
19998,Customer 19998,Female,36,Kolkata,2022-12-02,West Bengal,Loyal
19999,Customer 19999,Female,48,Pune,2023-10-30,Maharashtra,Regular
20000,Customer 20000,Female,26,Pune,2025-02-21,Maharashtra,Regular
