return_id,order_id,order_item_id,return_date,return_reason,refund_amount
700001,500002,4,2025-05-08,Quality Issue,27471.46
700002,500014,19,2024-05-21,Wrong Product,14213.18
700003,500014,20,2024-05-20,Changed Mind,2700.69
700004,500021,30,2024-07-15,Wrong Product,4571.78
700005,500021,31,2024-07-06,Damaged Product,7267.87
700006,500054,79,2025-01-04,Quality Issue,6588.28
700007,500054,80,2024-12-26,Quality Issue,49866.23
700008,500054,81,2025-01-01,Damaged Product,110627.26
700009,500086,142,2024-06-17,Quality Issue,5994.48
700010,500100,170,2024-07-31,Quality Issue,54199.34
700011,500144,240,2025-03-07,Changed Mind,25605.43
700012,500144,241,2025-03-13,Damaged Product,15555.74
700013,500144,242,2025-03-17,Wrong Product,47319.18
700014,500206,345,2025-01-11,Wrong Product,138560.66
700015,500215,356,2025-06-11,Quality Issue,3702.62
700016,500215,357,2025-06-08,Late Delivery,48601.19
700017,500215,359,2025-05-28,Damaged Product,9662.06
700018,500285,457,2024-04-11,Other,153557.76
700019,500285,458,2024-04-17,Damaged Product,2819.38
700020,500316,514,2025-03-05,Changed Mind,8383.61
700021,500316,515,2025-03-04,Damaged Product,159953.43
700022,500369,601,2024-06-20,Changed Mind,22496.46
700023,500369,602,2024-06-19,Wrong Product,5766.34
700024,500394,637,2025-06-30,Late Delivery,10912.93
700025,500421,682,2025-06-15,Quality Issue,2652.31
700026,500421,683,2025-06-20,Quality Issue,6130.15
700027,500435,705,2024-02-18,Quality Issue,25150.92
700028,500435,706,2024-02-13,Other,21033.84
700029,500435,708,2024-02-11,Late Delivery,96034.52
700030,500439,712,2024-01-15,Damaged Product,9193.41
700031,500445,720,2024-01-23,Quality Issue,12011.99
700032,500445,721,2024-01-29,Other,4114.02
700033,500455,737,2025-04-18,Late Delivery,15478.23
700034,500480,786,2025-01-16,Quality Issue,794.55
700035,500480,787,2025-01-16,Quality Issue,5531.21
700036,500480,788,2025-01-21,Quality Issue,1897.65
700037,500491,806,2024-11-11,Other,16053.72
700038,500491,807,2024-11-16,Other,31906.01
700039,500494,813,2025-03-08,Damaged Product,27293.02
700040,500494,814,2025-03-01,Changed Mind,3349.74
700041,500494,815,2025-03-11,Damaged Product,7184.66
700042,500571,958,2025-06-07,Damaged Product,15444.65
700043,500571,959,2025-05-28,Quality Issue,15127.72
700044,500591,1002,2024-10-13,Changed Mind,9657.53
700045,500591,1003,2024-10-27,Late Delivery,53317.81
700046,500618,1048,2024-04-29,Damaged Product,871.42
700047,500667,1141,2024-10-18,Wrong Product,15208.79
700048,500746,1279,2024-11-02,Damaged Product,37443.5
700049,500774,1330,2025-01-22,Other,1497.09
700050,500806,1383,2024-02-05,Wrong Product,8120.32
700051,500837,1434,2025-02-23,Damaged Product,15444.65
700052,500879,1517,2024-03-29,Quality Issue,95720.87
700053,500879,1518,2024-04-12,Changed Mind,2725.98
700054,500911,1569,2024-12-08,Quality Issue,24232.35
700055,500911,1570,2024-12-11,Changed Mind,63372.5
700056,500913,1573,2024-06-14,Damaged Product,5481.02
700057,501007,1740,2025-01-01,Quality Issue,16000.92
700058,501027,1770,2024-07-24,Changed Mind,20206.48
700059,501059,1831,2024-10-14,Quality Issue,25646.94
700060,501059,1832,2024-10-12,Damaged Product,8315.55
700061,501059,1833,2024-10-02,Quality Issue,3756.03
700062,501077,1860,2024-05-13,Other,104155.95
700063,501110,1909,2025-03-13,Other,32510.92
700064,501110,1910,2025-03-16,Wrong Product,18320.62
700065,501129,1938,2025-06-14,Other,77079.39
700066,501149,1969,2024-08-14,Wrong Product,167540.02
700067,501149,1970,2024-08-04,Other,98059.42
700068,501149,1971,2024-08-15,Wrong Product,12481.17
700069,501227,2099,2025-02-17,Quality Issue,21648.1
700070,501227,2100,2025-03-01,Quality Issue,113039.09
700071,501262,2154,2025-03-14,Wrong Product,2753.11
700072,501272,2168,2024-04-28,Damaged Product,17259.46
700073,501287,2193,2024-05-14,Changed Mind,3937.7
700074,501287,2194,2024-05-14,Wrong Product,8315.55
700075,501309,2225,2025-05-10,Changed Mind,16406.3
700076,501321,2246,2025-03-08,Quality Issue,6098.8
700077,501329,2258,2025-01-13,Changed Mind,150777.85
700078,501337,2267,2024-07-04,Damaged Product,193411.55
700079,501345,2277,2024-04-17,Quality Issue,40042.04
700080,501345,2279,2024-04-20,Changed Mind,26926.84
700081,501345,2280,2024-04-12,Damaged Product,29031.81
700082,501346,2281,2024-04-08,Quality Issue,6154.0
700083,501432,2423,2024-07-18,Changed Mind,
700084,501440,2437,2024-09-01,Late Delivery,
700085,501548,2623,2025-01-27,Changed Mind,
700086,501636,2774,2025-01-08,Damaged Product,
700087,501640,2781,2024-01-04,Quality Issue,
700088,501643,2787,2024-04-21,Quality Issue,
700089,501659,2813,2025-04-04,Other,
700090,501660,2814,2024-03-24,Late Delivery,
700091,501697,2874,2025-01-09,Quality Issue,
700092,501717,2899,2024-11-12,Changed Mind,
700093,501717,2900,2024-11-14,Changed Mind,
700094,501739,2932,2025-03-03,Damaged Product,
700095,501739,2933,2025-03-15,Damaged Product,
700096,501742,2940,2024-04-24,Changed Mind,
700097,501754,2961,2024-09-24,Quality Issue,
700098,501813,3062,2025-04-03,Late Delivery,
700099,501901,3208,2024-10-08,Quality Issue,
700100,501901,3209,2024-10-13,Other,
700101,501932,3261,2024-07-21,Damaged Product,
700102,501932,3264,2024-07-13,Damaged Product,
700103,502009,3399,2024-04-26,Other,
700104,502017,3410,2025-06-09,Changed Mind,
700105,502017,3411,2025-06-10,Late Delivery,
700106,502018,3412,2025-01-06,Quality Issue,
700107,502047,3460,2024-05-29,Quality Issue,
700108,502088,3524,2024-12-22,Other,
700109,502140,3614,2024-09-12,Quality Issue,
700110,502181,3680,2025-04-27,Quality Issue,
700111,502201,3712,2025-03-14,Other,
700112,502201,3713,2025-03-16,Wrong Product,
700113,502201,3714,2025-03-20,Quality Issue,
700114,502204,3719,2025-02-14,Quality Issue,
700115,502204,3720,2025-02-22,Changed Mind,
700116,502228,3757,2024-09-02,Late Delivery,
700117,502228,3758,2024-09-11,Wrong Product,
700118,502228,3759,2024-09-11,Damaged Product,
700119,502253,3807,2025-02-17,Late Delivery,
700120,502253,3808,2025-02-18,Wrong Product,
700121,502292,3880,2024-01-13,Wrong Product,
700122,502292,3881,2024-01-06,Damaged Product,
700123,502295,3887,2024-04-07,Quality Issue,
700124,502295,3888,2024-04-13,Changed Mind,
700125,502302,3899,2024-08-15,Quality Issue,
700126,502303,3900,2024-01-13,Changed Mind,
700127,502325,3933,2024-04-13,Wrong Product,
700128,502325,3934,2024-04-26,Late Delivery,
700129,502347,3973,2025-04-07,Wrong Product,
700130,502347,3974,2025-04-12,Quality Issue,
700131,502409,4069,2025-06-03,Wrong Product,
700132,502409,4070,2025-06-07,Quality Issue,
700133,502426,4098,2025-01-12,Late Delivery,
700134,502459,4156,2024-08-10,Quality Issue,
700135,502482,4191,2024-02-18,Quality Issue,
700136,502498,4220,2025-06-19,Late Delivery,
700137,502510,4234,2025-06-22,Quality Issue,
700138,502533,4268,2024-06-10,Quality Issue,
700139,502535,4273,2024-04-09,Changed Mind,
700140,502535,4275,2024-04-09,Changed Mind,
700141,502586,4354,2024-06-03,Changed Mind,
700142,502597,4372,2025-02-17,Changed Mind,
700143,502597,4373,2025-02-21,Late Delivery,
700144,502604,4384,2025-03-31,Damaged Product,
700145,502616,4409,2024-08-31,Damaged Product,
700146,502616,4410,2024-09-01,Late Delivery,
700147,502640,4455,2025-03-17,Quality Issue,
700148,502640,4456,2025-03-23,Late Delivery,
700149,502649,4470,2024-01-16,Damaged Product,
700150,502652,4473,2024-10-25,Other,
700151,502652,4474,2024-11-04,Damaged Product,
700152,502668,4498,2024-09-28,Quality Issue,
700153,502671,4503,2024-06-10,Damaged Product,
700154,502680,4518,2025-05-16,Late Delivery,
700155,502689,4533,2025-04-04,Quality Issue,
700156,502717,4577,2025-05-23,Wrong Product,
700157,502717,4578,2025-05-22,Changed Mind,
700158,502736,4609,2025-04-17,Wrong Product,
700159,502736,4611,2025-04-06,Changed Mind,
700160,502787,4699,2024-06-13,Quality Issue,
700161,502787,4700,2024-06-14,Wrong Product,
700162,502836,4785,2024-12-07,Other,
700163,502836,4786,2024-11-20,Wrong Product,
700164,502865,4837,2025-03-24,Quality Issue,
700165,502937,4953,2025-01-25,Changed Mind,
700166,502955,4979,2025-07-04,Other,
700167,502955,4980,2025-07-08,Damaged Product,
700168,503001,5057,2025-02-24,Damaged Product,
700169,503046,5127,2024-09-09,Quality Issue,
700170,503056,5139,2024-10-04,Quality Issue,
700171,503061,5147,2024-04-12,Wrong Product,
700172,503061,5148,2024-04-06,Changed Mind,
700173,503061,5149,2024-04-11,Damaged Product,
700174,503070,5160,2024-06-30,Quality Issue,
700175,503070,5161,2024-06-21,Changed Mind,
700176,503070,5162,2024-06-23,Other,
700177,503092,5196,2024-08-11,Wrong Product,
700178,503106,5217,2025-06-03,Wrong Product,
700179,503149,5287,2024-07-29,Wrong Product,
700180,503161,5310,2025-02-20,Quality Issue,
700181,503179,5341,2025-04-25,Late Delivery,
700182,503229,5427,2024-12-01,Quality Issue,
700183,503248,5457,2024-05-26,Quality Issue,
700184,503288,5524,2024-10-20,Late Delivery,
700185,503291,5531,2024-02-09,Damaged Product,
700186,503303,5551,2024-12-29,Damaged Product,
700187,503333,5601,2024-09-29,Late Delivery,
700188,503334,5602,2025-02-08,Other,
700189,503351,5633,2024-12-26,Damaged Product,
700190,503351,5634,2025-01-12,Damaged Product,
700191,503385,5689,2025-03-25,Wrong Product,
700192,503386,5690,2024-08-24,Quality Issue,
700193,503420,5743,2025-06-01,Quality Issue,
700194,503480,5837,2024-06-06,Other,
700195,503516,5890,2024-03-27,Quality Issue,
700196,503531,5913,2024-06-01,Wrong Product,
700197,503533,5915,2024-03-16,Quality Issue,
700198,503559,5965,2024-10-05,Quality Issue,
700199,503563,5972,2024-06-24,Damaged Product,
700200,503563,5973,2024-06-26,Late Delivery,
700201,503567,5980,2024-04-04,Wrong Product,
700202,503632,6088,2024-08-31,Damaged Product,
700203,503638,6096,2024-08-05,Other,
700204,503640,6100,2024-09-02,Quality Issue,
700205,503648,6116,2024-06-02,Damaged Product,
700206,503648,6117,2024-06-03,Damaged Product,
700207,503665,6141,2025-04-29,Other,
700208,503670,6147,2024-11-03,Changed Mind,
700209,503770,6304,2024-05-15,Other,
700210,503778,6317,2024-05-23,Damaged Product,
700211,503779,6318,2024-07-13,Quality Issue,
700212,503779,6319,2024-07-07,Changed Mind,
700213,503884,6485,2024-02-23,Changed Mind,
700214,503891,6497,2024-10-30,Wrong Product,
700215,503891,6498,2024-10-27,Late Delivery,
700216,503891,6499,2024-10-31,Quality Issue,
700217,503939,6581,2024-07-09,Quality Issue,
700218,503965,6621,2024-09-27,Wrong Product,
700219,503965,6622,2024-09-15,Other,
700220,503979,6648,2024-06-04,Changed Mind,
700221,503979,6649,2024-06-12,Damaged Product,
700222,504004,6684,2024-02-25,Wrong Product,
700223,504114,6877,2025-02-28,Quality Issue,
700224,504114,6878,2025-03-03,Wrong Product,
700225,504118,6883,2025-06-22,Changed Mind,
700226,504119,6884,2024-08-25,Quality Issue,
700227,504120,6885,2024-07-24,Changed Mind,
700228,504120,6886,2024-07-17,Changed Mind,
700229,504258,7113,2025-04-24,Quality Issue,
700230,504272,7137,2024-03-24,Changed Mind,
700231,504290,7162,2024-01-17,Quality Issue,
700232,504290,7163,2024-01-10,Late Delivery,
700233,504298,7173,2025-05-06,Quality Issue,
700234,504332,7224,2025-02-11,Damaged Product,
700235,504332,7225,2025-01-30,Wrong Product,
700236,504332,7226,2025-02-06,Changed Mind,
700237,504413,7378,2024-12-13,Wrong Product,
700238,504452,7434,2025-06-05,Quality Issue,
700239,504456,7438,2024-12-05,Damaged Product,
700240,504461,7449,2024-04-23,Damaged Product,
700241,504485,7493,2025-06-10,Quality Issue,
700242,504497,7510,2024-01-30,Other,
700243,504505,7522,2025-01-09,Changed Mind,
700244,504525,7557,2025-03-12,Other,
700245,504531,7566,2024-11-29,Quality Issue,
700246,504546,7588,2025-02-02,Damaged Product,
700247,504546,7589,2025-02-02,Quality Issue,
700248,504567,7626,2024-06-06,Quality Issue,
700249,504601,7684,2024-02-09,Damaged Product,
700250,504605,7690,2024-08-05,Other,
700251,504681,7810,2024-05-26,Quality Issue,
700252,504710,7867,2024-07-06,Late Delivery,
700253,504727,7890,2024-02-08,Other,
700254,504733,7899,2024-05-19,Late Delivery,
700255,504766,7949,2024-11-15,Wrong Product,
700256,504766,7950,2024-11-10,Other,
700257,504766,7951,2024-11-22,Damaged Product,
700258,504793,7998,2024-09-14,Damaged Product,
700259,504794,7999,2025-06-01,Wrong Product,
700260,504795,8001,2025-01-20,Other,
700261,504914,8207,2025-01-31,Damaged Product,
700262,504997,8354,2024-07-14,Changed Mind,
700263,505014,8382,2025-05-12,Wrong Product,
700264,505017,8388,2024-05-06,Changed Mind,
700265,505017,8389,2024-05-22,Late Delivery,
700266,505143,8605,2025-04-27,Quality Issue,
700267,505243,8767,2024-05-12,Damaged Product,
700268,505248,8776,2024-03-04,Quality Issue,
700269,505315,8886,2024-08-31,Damaged Product,
700270,505349,8939,2024-09-14,Quality Issue,
700271,505349,8941,2024-09-09,Quality Issue,
700272,505414,9038,2025-02-24,Damaged Product,
700273,505414,9039,2025-02-20,Quality Issue,
700274,505428,9065,2025-05-14,Late Delivery,
700275,505489,9175,2024-12-08,Late Delivery,
700276,505497,9188,2024-03-15,Late Delivery,
700277,505529,9236,2024-10-31,Damaged Product,
700278,505541,9257,2025-04-05,Other,
700279,505580,9319,2024-10-22,Damaged Product,
700280,505580,9320,2024-10-20,Damaged Product,
700281,505580,9322,2024-10-25,Quality Issue,
700282,505598,9350,2024-05-19,Damaged Product,
700283,505610,9366,2024-08-07,Changed Mind,
700284,505610,9367,2024-08-19,Other,
700285,505637,9409,2025-03-05,Late Delivery,
700286,505690,9518,2025-06-11,Late Delivery,
700287,505705,9544,2025-04-28,Damaged Product,
700288,505792,9692,2024-12-20,Damaged Product,
700289,505792,9693,2024-12-05,Other,
700290,505813,9727,2025-03-31,Changed Mind,
700291,505862,9803,2024-05-30,Changed Mind,
700292,505862,9804,2024-06-05,Late Delivery,
700293,505865,9808,2025-05-20,Quality Issue,
700294,505928,9901,2024-06-01,Late Delivery,
700295,505939,9925,2024-12-23,Other,
700296,505943,9930,2024-01-28,Changed Mind,
700297,505976,9984,2025-02-19,Other,
700298,506019,10069,2025-01-27,Wrong Product,
700299,506030,10092,2025-07-02,Late Delivery,
700300,506030,10094,2025-07-03,Changed Mind,
700301,506069,10165,2024-11-27,Changed Mind,
700302,506069,10166,2024-11-30,Damaged Product,
700303,506085,10191,2024-08-06,Wrong Product,
700304,506112,10234,2025-06-17,Quality Issue,
700305,506195,10371,2025-01-26,Quality Issue,
700306,506195,10372,2025-01-31,Quality Issue,
700307,506209,10399,2024-09-06,Damaged Product,
700308,506211,10402,2025-02-18,Other,
700309,506228,10435,2024-04-19,Quality Issue,
700310,506252,10476,2025-06-17,Quality Issue,
700311,506252,10478,2025-06-02,Late Delivery,
700312,506283,10525,2025-01-25,Quality Issue,
700313,506383,10677,2024-05-19,Wrong Product,
700314,506450,10789,2025-03-17,Late Delivery,
700315,506451,10790,2025-03-24,Quality Issue,
700316,506480,10835,2024-01-19,Changed Mind,
700317,506510,10889,2024-04-05,Changed Mind,
700318,506543,10939,2025-06-16,Wrong Product,
700319,506544,10940,2024-07-29,Quality Issue,
700320,506544,10941,2024-08-03,Other,
700321,506573,10988,2024-06-08,Late Delivery,
700322,506597,11027,2025-05-11,Damaged Product,
700323,506615,11050,2024-08-19,Wrong Product,
700324,506615,11051,2024-08-11,Damaged Product,
700325,506631,11077,2024-10-18,Wrong Product,
700326,506660,11128,2025-05-08,Changed Mind,
700327,506714,11227,2024-09-19,Wrong Product,
700328,506714,11228,2024-09-01,Changed Mind,
700329,506748,11287,2024-03-01,Quality Issue,
700330,506748,11288,2024-02-27,Quality Issue,
700331,506784,11354,2024-03-15,Other,
700332,506784,11355,2024-03-10,Late Delivery,
700333,506784,11356,2024-03-12,Late Delivery,
700334,506792,11366,2025-04-12,Other,
700335,506792,11367,2025-04-24,Wrong Product,
700336,506792,11368,2025-04-15,Quality Issue,
700337,506865,11495,2024-09-10,Changed Mind,
700338,506874,11508,2024-03-12,Other,
700339,506942,11621,2024-09-21,Other,
700340,506942,11623,2024-09-29,Other,
700341,507048,11803,2025-02-13,Changed Mind,
700342,507070,11838,2024-06-17,Damaged Product,
700343,507070,11839,2024-06-07,Wrong Product,
700344,507074,11846,2024-08-29,Damaged Product,
700345,507113,11912,2025-02-18,Wrong Product,
700346,507113,11913,2025-02-12,Quality Issue,
700347,507162,12010,2025-05-26,Changed Mind,
700348,507173,12026,2024-04-14,Wrong Product,
700349,507173,12027,2024-04-22,Late Delivery,
700350,507201,12082,2024-06-29,Late Delivery,
700351,507201,12083,2024-07-05,Damaged Product,
700352,507266,12185,2024-10-03,Wrong Product,
700353,507305,12245,2024-11-29,Quality Issue,
700354,507308,12248,2024-04-07,Wrong Product,
700355,507308,12249,2024-03-27,Damaged Product,
700356,507335,12297,2025-01-01,Changed Mind,
700357,507387,12387,2025-02-24,Late Delivery,
700358,507406,12422,2024-07-12,Other,
700359,507436,12474,2024-02-03,Damaged Product,
700360,507436,12475,2024-02-05,Late Delivery,
700361,507441,12480,2025-02-09,Damaged Product,
700362,507444,12484,2024-06-24,Quality Issue,
700363,507494,12565,2024-05-29,Wrong Product,
700364,507519,12610,2024-08-27,Late Delivery,
700365,507536,12636,2024-03-09,Changed Mind,
700366,507542,12646,2024-01-16,Other,
700367,507542,12648,2024-01-21,Other,
700368,507542,12649,2024-01-16,Changed Mind,
700369,507564,12686,2024-10-10,Quality Issue,
700370,507637,12802,2025-03-01,Other,
700371,507637,12803,2025-02-28,Damaged Product,
700372,507674,12852,2025-01-21,Other,
700373,507748,12985,2024-05-23,Damaged Product,
700374,507814,13091,2024-08-10,Damaged Product,
700375,507835,13124,2025-05-25,Quality Issue,
700376,507839,13128,2024-12-25,Other,
700377,507839,13129,2024-12-26,Quality Issue,
700378,507876,13182,2024-07-26,Damaged Product,
700379,507876,13183,2024-07-21,Changed Mind,
700380,507878,13185,2024-01-19,Changed Mind,
700381,507913,13244,2024-08-24,Quality Issue,
700382,507913,13245,2024-08-22,Damaged Product,
700383,507913,13246,2024-08-31,Quality Issue,
700384,507959,13320,2024-05-25,Wrong Product,
700385,507959,13321,2024-05-30,Damaged Product,
700386,507959,13322,2024-06-02,Late Delivery,
700387,507974,13353,2025-04-07,Changed Mind,
700388,507974,13354,2025-04-09,Damaged Product,
700389,507974,13355,2025-04-11,Other,
700390,507974,13356,2025-04-04,Damaged Product,
700391,507982,13369,2024-06-14,Other,
700392,508026,13444,2025-01-08,Quality Issue,
700393,508026,13445,2025-01-12,Damaged Product,
700394,508055,13489,2024-04-11,Late Delivery,
700395,508055,13490,2024-04-12,Quality Issue,
700396,508055,13491,2024-04-10,Damaged Product,
700397,508098,13558,2024-08-01,Damaged Product,
700398,508101,13564,2024-12-31,Other,
700399,508111,13585,2024-09-24,Quality Issue,
700400,508111,13586,2024-09-15,Quality Issue,
700401,508111,13587,2024-09-24,Wrong Product,
700402,508133,13624,2025-07-09,Changed Mind,
700403,508173,13696,2024-12-16,Damaged Product,
700404,508184,13717,2025-01-05,Wrong Product,
700405,508198,13740,2024-02-14,Changed Mind,
700406,508205,13752,2024-03-17,Damaged Product,
700407,508229,13795,2024-10-05,Changed Mind,
700408,508290,13892,2024-02-06,Quality Issue,
700409,508395,14056,2024-09-26,Damaged Product,
700410,508421,14090,2025-02-23,Other,
700411,508441,14123,2024-04-09,Quality Issue,
700412,508471,14173,2025-06-21,Other,
700413,508471,14175,2025-06-22,Damaged Product,
700414,508502,14226,2024-03-30,Damaged Product,
700415,508502,14227,2024-04-05,Other,
700416,508612,14412,2024-07-16,Wrong Product,
700417,508680,14521,2025-01-23,Changed Mind,
700418,508707,14566,2024-02-17,Quality Issue,
700419,508707,14567,2024-02-18,Late Delivery,
700420,508716,14580,2024-08-27,Changed Mind,
700421,508719,14583,2024-07-18,Changed Mind,
700422,508720,14585,2025-02-07,Late Delivery,
700423,508720,14586,2025-02-20,Quality Issue,
700424,508823,14747,2025-06-13,Damaged Product,
700425,508823,14748,2025-06-16,Changed Mind,
700426,508823,14749,2025-06-28,Wrong Product,
700427,508859,14802,2025-05-08,Changed Mind,
700428,508859,14803,2025-05-06,Wrong Product,
700429,508928,14914,2024-04-16,Damaged Product,
700430,508934,14920,2024-10-21,Wrong Product,
700431,508934,14921,2024-10-15,Quality Issue,
700432,508942,14939,2025-07-15,Late Delivery,
700433,508958,14964,2025-05-13,Late Delivery,
700434,508963,14975,2025-03-31,Quality Issue,
700435,508963,14976,2025-03-25,Late Delivery,
700436,508971,14987,2024-05-31,Quality Issue,
700437,508999,15031,2025-02-18,Damaged Product,
700438,509019,15061,2024-01-24,Wrong Product,
700439,509033,15081,2024-02-01,Wrong Product,
700440,509083,15164,2024-02-26,Damaged Product,
700441,509083,15165,2024-02-18,Wrong Product,
700442,509105,15200,2024-07-08,Wrong Product,
700443,509155,15285,2025-04-26,Changed Mind,
700444,509155,15286,2025-04-18,Wrong Product,
700445,509155,15287,2025-04-22,Quality Issue,
700446,509155,15288,2025-04-25,Changed Mind,
700447,509220,15401,2024-12-16,Changed Mind,
700448,509246,15446,2024-11-19,Quality Issue,
700449,509246,15447,2024-11-13,Damaged Product,
700450,509299,15543,2024-02-01,Wrong Product,
700451,509325,15585,2024-05-26,Damaged Product,
700452,509325,15586,2024-05-26,Late Delivery,
700453,509337,15602,2024-03-23,Wrong Product,
700454,509341,15608,2024-06-05,Other,
700455,509341,15609,2024-05-31,Late Delivery,
700456,509341,15610,2024-05-27,Damaged Product,
700457,509398,15698,2024-02-22,Quality Issue,
700458,509425,15750,2025-01-12,Late Delivery,
700459,509459,15801,2025-04-03,Quality Issue,
700460,509472,15820,2024-09-29,Quality Issue,
700461,509472,15821,2024-10-07,Quality Issue,
700462,509472,15822,2024-09-24,Damaged Product,
700463,509472,15823,2024-10-04,Changed Mind,
700464,509514,15897,2025-03-04,Wrong Product,
700465,509555,15971,2024-03-01,Quality Issue,
700466,509555,15972,2024-03-10,Quality Issue,
700467,509555,15973,2024-03-02,Changed Mind,
700468,509606,16052,2025-01-23,Quality Issue,
700469,509655,16126,2024-04-08,Changed Mind,
700470,509656,16127,2024-09-24,Quality Issue,
700471,509664,16142,2024-09-17,Wrong Product,
700472,509742,16273,2025-01-17,Changed Mind,
700473,509743,16274,2025-03-22,Quality Issue,
700474,509757,16298,2024-08-29,Changed Mind,
700475,509770,16327,2024-06-29,Quality Issue,
700476,509801,16373,2024-08-14,Late Delivery,
700477,509801,16374,2024-08-20,Quality Issue,
700478,509801,16376,2024-08-17,Quality Issue,
700479,509812,16390,2024-12-24,Late Delivery,
700480,509844,16442,2024-03-12,Late Delivery,
700481,509865,16473,2024-08-08,Late Delivery,
700482,509899,16521,2024-03-10,Quality Issue,
700483,509899,16522,2024-03-15,Wrong Product,
700484,509899,16523,2024-03-04,Quality Issue,
700485,509901,16527,2025-07-07,Changed Mind,
700486,509915,16548,2025-04-19,Damaged Product,
700487,509915,16549,2025-04-25,Damaged Product,
700488,509920,16557,2024-02-13,Wrong Product,
700489,509920,16558,2024-02-17,Wrong Product,
700490,509921,16559,2025-02-15,Quality Issue,
700491,509925,16565,2024-10-17,Damaged Product,
700492,509935,16579,2025-01-18,Late Delivery,
700493,510029,16731,2024-05-06,Quality Issue,
700494,510080,16821,2025-05-27,Quality Issue,
700495,510080,16822,2025-06-12,Late Delivery,
700496,510094,16848,2024-11-09,Changed Mind,
700497,510094,16849,2024-11-04,Damaged Product,
700498,510094,16850,2024-11-04,Quality Issue,
700499,510121,16890,2024-02-08,Damaged Product,
700500,510153,16945,2024-11-13,Damaged Product,
700501,510173,16977,2024-02-18,Late Delivery,
700502,510174,16978,2025-03-21,Other,
700503,510188,16997,2025-03-28,Damaged Product,
700504,510192,17002,2025-03-29,Other,
700505,510192,17003,2025-03-23,Changed Mind,
700506,510192,17004,2025-03-30,Quality Issue,
700507,510203,17019,2025-04-12,Other,
700508,510289,17157,2025-01-14,Other,
700509,510297,17169,2024-09-02,Other,
700510,510307,17182,2024-07-17,Changed Mind,
700511,510326,17213,2024-08-27,Wrong Product,
700512,510332,17223,2024-11-27,Quality Issue,
700513,510395,17331,2024-01-21,Damaged Product,
700514,510452,17431,2024-03-13,Quality Issue,
700515,510471,17462,2024-03-10,Changed Mind,
700516,510471,17463,2024-03-06,Damaged Product,
700517,510509,17525,2025-01-12,Damaged Product,
700518,510509,17526,2025-01-18,Late Delivery,
700519,510548,17595,2024-09-11,Changed Mind,
700520,510595,17676,2025-02-28,Quality Issue,
700521,510645,17771,2025-03-26,Wrong Product,
700522,510659,17794,2024-09-16,Other,
700523,510668,17807,2024-05-23,Changed Mind,
700524,510786,18004,2025-03-13,Other,
700525,510801,18032,2024-04-12,Quality Issue,
700526,510801,18033,2024-04-16,Damaged Product,
700527,510852,18112,2024-10-21,Late Delivery,
700528,510852,18113,2024-10-18,Quality Issue,
700529,510852,18114,2024-10-31,Late Delivery,
700530,510912,18217,2025-01-17,Damaged Product,
700531,510950,18290,2024-06-04,Late Delivery,
700532,510961,18308,2025-05-16,Changed Mind,
700533,510961,18309,2025-05-19,Changed Mind,
700534,510961,18310,2025-05-12,Changed Mind,
700535,511015,18392,2024-04-25,Changed Mind,
700536,511021,18400,2024-10-11,Late Delivery,
700537,511025,18405,2024-05-25,Late Delivery,
700538,511059,18454,2024-04-19,Changed Mind,
700539,511059,18455,2024-04-25,Wrong Product,
700540,511077,18484,2024-02-08,Wrong Product,
700541,511104,18529,2025-01-24,Quality Issue,
700542,511105,18531,2025-02-19,Quality Issue,
700543,511107,18534,2024-09-04,Wrong Product,
700544,511107,18535,2024-08-21,Quality Issue,
700545,511111,18540,2024-11-06,Damaged Product,
700546,511140,18587,2024-04-01,Quality Issue,
700547,511140,18588,2024-04-07,Wrong Product,
700548,511140,18589,2024-04-03,Changed Mind,
700549,511157,18617,2024-09-12,Changed Mind,
700550,511181,18646,2024-03-18,Late Delivery,
700551,511225,18710,2024-10-11,Quality Issue,
700552,511235,18726,2025-06-08,Late Delivery,
700553,511235,18727,2025-06-02,Damaged Product,
700554,511299,18828,2024-07-31,Other,
700555,511332,18882,2024-07-28,Damaged Product,
700556,511332,18883,2024-08-07,Changed Mind,
700557,511369,18958,2025-01-12,Quality Issue,
700558,511393,19003,2025-04-25,Wrong Product,
700559,511408,19027,2024-05-10,Wrong Product,
700560,511433,19077,2024-03-25,Quality Issue,
700561,511436,19081,2024-08-22,Quality Issue,
700562,511474,19154,2025-05-28,Quality Issue,
700563,511483,19169,2024-10-17,Quality Issue,
700564,511566,19306,2025-02-16,Other,
700565,511566,19307,2025-02-16,Wrong Product,
700566,511566,19308,2025-02-13,Wrong Product,
700567,511566,19309,2025-02-13,Quality Issue,
700568,511568,19311,2024-12-15,Damaged Product,
700569,511587,19342,2025-06-01,Wrong Product,
700570,511588,19343,2024-04-16,Late Delivery,
700571,511595,19353,2025-04-08,Changed Mind,
700572,511602,19364,2024-01-19,Quality Issue,
700573,511602,19367,2024-02-01,Quality Issue,
700574,511610,19380,2024-02-20,Changed Mind,
700575,511667,19481,2024-07-17,Wrong Product,
700576,511670,19485,2024-10-15,Quality Issue,
700577,511681,19502,2024-08-22,Damaged Product,
700578,511683,19504,2024-10-20,Late Delivery,
700579,511687,19513,2024-12-26,Other,
700580,511687,19514,2024-12-17,Damaged Product,
700581,511726,19590,2024-10-17,Late Delivery,
700582,511750,19631,2025-06-06,Wrong Product,
700583,511786,19689,2024-02-03,Changed Mind,
700584,511791,19698,2024-11-26,Wrong Product,
700585,511791,19699,2024-11-24,Late Delivery,
700586,511806,19724,2025-03-17,Damaged Product,
700587,511818,19742,2024-03-13,Quality Issue,
700588,511818,19743,2024-03-21,Quality Issue,
700589,511818,19744,2024-03-28,Late Delivery,
700590,511818,19745,2024-03-23,Other,
700591,511820,19750,2024-11-25,Wrong Product,
700592,511834,19771,2024-01-15,Quality Issue,
700593,511863,19816,2024-06-25,Other,
700594,511882,19843,2025-06-15,Damaged Product,
700595,511889,19853,2024-11-24,Quality Issue,
700596,511918,19904,2024-02-04,Quality Issue,
700597,511919,19905,2025-03-22,Damaged Product,
700598,511960,19986,2024-12-01,Late Delivery,
700599,512024,20089,2025-03-04,Damaged Product,
700600,512029,20099,2024-12-24,Quality Issue,
700601,512030,20102,2024-03-27,Quality Issue,
700602,512076,20170,2024-05-30,Changed Mind,
700603,512076,20171,2024-05-26,Late Delivery,
700604,512076,20172,2024-06-03,Late Delivery,
700605,512084,20185,2025-04-25,Changed Mind,
700606,512084,20187,2025-04-27,Quality Issue,
700607,512123,20252,2024-04-01,Damaged Product,
700608,512172,20332,2024-04-10,Quality Issue,
700609,512252,20454,2025-01-13,Late Delivery,
700610,512261,20474,2024-08-29,Other,
700611,512267,20482,2024-06-14,Wrong Product,
700612,512329,20595,2025-02-15,Wrong Product,
700613,512334,20605,2024-09-20,Damaged Product,
700614,512338,20609,2024-11-25,Late Delivery,
700615,512338,20610,2024-11-15,Quality Issue,
700616,512338,20611,2024-11-10,Quality Issue,
700617,512338,20612,2024-11-21,Quality Issue,
700618,512348,20627,2025-01-31,Damaged Product,
700619,512348,20628,2025-02-09,Changed Mind,
700620,512353,20634,2024-06-10,Quality Issue,
700621,512383,20680,2024-02-19,Quality Issue,
700622,512406,20714,2024-06-03,Damaged Product,
700623,512470,20825,2024-08-19,Damaged Product,
700624,512526,20916,2025-07-05,Wrong Product,
700625,512560,20974,2025-04-02,Changed Mind,
700626,512560,20975,2025-04-07,Other,
700627,512627,21088,2024-02-03,Other,
700628,512627,21089,2024-02-01,Other,
700629,512639,21109,2025-04-26,Damaged Product,
700630,512639,21110,2025-05-06,Changed Mind,
700631,512657,21141,2024-02-10,Other,
700632,512657,21142,2024-02-22,Quality Issue,
700633,512688,21185,2024-07-09,Changed Mind,
700634,512702,21204,2025-04-10,Quality Issue,
700635,512702,21205,2025-04-19,Late Delivery,
700636,512737,21265,2024-10-21,Quality Issue,
700637,512776,21326,2025-06-28,Quality Issue,
700638,512776,21327,2025-06-20,Damaged Product,
700639,512811,21391,2025-01-24,Quality Issue,
700640,512864,21485,2024-07-13,Damaged Product,
700641,512864,21486,2024-07-05,Wrong Product,
700642,512916,21565,2025-02-09,Wrong Product,
700643,512916,21566,2025-02-15,Quality Issue,
700644,512950,21625,2025-02-05,Other,
700645,512950,21627,2025-02-08,Other,
700646,513025,21756,2024-08-18,Late Delivery,
700647,513081,21844,2024-11-17,Changed Mind,
700648,513124,21909,2024-02-19,Late Delivery,
700649,513135,21926,2024-08-12,Quality Issue,
700650,513146,21942,2025-02-14,Other,
700651,513146,21943,2025-02-18,Changed Mind,
700652,513146,21944,2025-02-14,Late Delivery,
700653,513147,21945,2024-01-14,Changed Mind,
700654,513147,21946,2024-01-21,Wrong Product,
700655,513155,21959,2025-06-07,Late Delivery,
700656,513178,22007,2025-02-07,Late Delivery,
700657,513178,22008,2025-02-01,Other,
700658,513183,22016,2024-09-01,Quality Issue,
700659,513236,22114,2024-03-13,Damaged Product,
700660,513249,22133,2024-05-01,Changed Mind,
700661,513286,22191,2025-05-02,Changed Mind,
700662,513303,22219,2024-03-17,Other,
700663,513321,22252,2024-09-25,Damaged Product,
700664,513396,22384,2024-01-26,Quality Issue,
700665,513399,22387,2024-12-19,Quality Issue,
700666,513399,22388,2024-12-23,Late Delivery,
700667,513400,22389,2024-12-20,Other,
700668,513406,22400,2024-11-09,Other,
700669,513443,22470,2025-07-07,Quality Issue,
700670,513443,22472,2025-07-02,Damaged Product,
700671,513455,22491,2024-03-23,Other,
700672,513455,22493,2024-03-21,Damaged Product,
700673,513455,22494,2024-03-19,Damaged Product,
700674,513461,22504,2025-05-03,Changed Mind,
700675,513492,22561,2025-03-26,Quality Issue,
700676,513596,22731,2024-01-18,Changed Mind,
700677,513620,22771,2024-04-04,Wrong Product,
700678,513634,22792,2024-04-17,Changed Mind,
700679,513696,22890,2025-02-27,Damaged Product,
700680,513696,22891,2025-02-24,Damaged Product,
700681,513696,22892,2025-02-19,Wrong Product,
700682,513710,22911,2025-06-06,Wrong Product,
700683,513741,22956,2024-09-16,Quality Issue,
700684,513747,22963,2024-06-06,Wrong Product,
700685,513756,22979,2024-06-03,Late Delivery,
700686,513854,23140,2024-10-24,Other,
700687,513862,23153,2024-01-21,Damaged Product,
700688,513883,23182,2024-10-16,Changed Mind,
700689,513889,23192,2024-05-27,Late Delivery,
700690,513892,23197,2024-03-27,Damaged Product,
700691,513892,23198,2024-03-29,Quality Issue,
700692,513893,23200,2025-01-26,Damaged Product,
700693,513925,23244,2024-03-24,Wrong Product,
700694,514023,23407,2024-06-26,Quality Issue,
700695,514023,23408,2024-07-08,Quality Issue,
700696,514063,23469,2025-04-16,Quality Issue,
700697,514063,23471,2025-04-16,Quality Issue,
700698,514105,23533,2024-10-08,Damaged Product,
700699,514105,23534,2024-10-21,Changed Mind,
700700,514131,23574,2024-02-07,Changed Mind,
700701,514135,23578,2024-06-06,Changed Mind,
700702,514145,23589,2025-05-02,Damaged Product,
700703,514150,23595,2024-03-06,Changed Mind,
700704,514150,23596,2024-03-15,Damaged Product,
700705,514150,23598,2024-03-13,Late Delivery,
700706,514198,23678,2025-04-24,Damaged Product,
700707,514199,23679,2024-01-22,Quality Issue,
700708,514199,23680,2024-01-21,Changed Mind,
700709,514248,23758,2024-04-16,Changed Mind,
700710,514266,23783,2024-09-18,Quality Issue,
700711,514352,23926,2024-08-24,Changed Mind,
700712,514378,23972,2025-04-23,Wrong Product,
700713,514382,23982,2024-06-13,Late Delivery,
700714,514446,24106,2025-05-08,Damaged Product,
700715,514493,24192,2024-01-28,Changed Mind,
700716,514503,24212,2025-03-16,Quality Issue,
700717,514572,24334,2024-04-26,Changed Mind,
700718,514572,24335,2024-04-24,Late Delivery,
700719,514572,24336,2024-04-24,Changed Mind,
700720,514581,24350,2024-10-20,Other,
700721,514586,24358,2024-01-25,Late Delivery,
700722,514586,24359,2024-02-11,Wrong Product,
700723,514596,24376,2025-01-25,Wrong Product,
700724,514604,24385,2025-05-14,Changed Mind,
700725,514604,24386,2025-05-07,Damaged Product,
700726,514609,24392,2025-01-26,Wrong Product,
700727,514678,24516,2025-06-07,Late Delivery,
700728,514728,24612,2024-01-14,Changed Mind,
700729,514731,24618,2025-02-14,Changed Mind,
700730,514731,24619,2025-02-12,Other,
700731,514731,24620,2025-02-23,Quality Issue,
700732,514748,24646,2024-09-03,Late Delivery,
700733,514748,24647,2024-09-03,Changed Mind,
700734,514780,24700,2024-04-23,Damaged Product,
700735,514782,24705,2024-03-20,Damaged Product,
700736,514782,24706,2024-03-28,Other,
700737,514782,24707,2024-03-21,Changed Mind,
700738,514802,24734,2024-05-03,Damaged Product,
700739,514802,24735,2024-05-14,Other,
700740,514802,24736,2024-05-09,Damaged Product,
700741,514802,24737,2024-05-09,Wrong Product,
700742,514803,24738,2024-04-10,Damaged Product,
700743,514803,24739,2024-04-12,Wrong Product,
700744,514842,24808,2024-01-13,Damaged Product,
700745,514842,24809,2024-01-08,Damaged Product,
700746,514842,24810,2024-01-19,Damaged Product,
700747,514842,24811,2024-01-22,Damaged Product,
700748,514844,24813,2025-02-28,Damaged Product,
700749,514858,24834,2024-10-03,Late Delivery,
700750,514881,24868,2024-04-01,Wrong Product,
700751,514906,24904,2024-02-13,Quality Issue,
700752,514932,24938,2024-01-14,Damaged Product,
700753,514932,24939,2024-01-08,Changed Mind,
700754,514974,25006,2024-04-27,Quality Issue,
700755,515063,25152,2024-12-11,Wrong Product,
700756,515063,25153,2024-12-12,Late Delivery,
700757,515063,25154,2024-12-20,Wrong Product,
700758,515082,25185,2025-05-24,Damaged Product,
700759,515096,25211,2025-03-06,Damaged Product,
700760,515096,25212,2025-03-09,Damaged Product,
700761,515134,25276,2024-05-15,Changed Mind,
700762,515146,25298,2025-04-16,Changed Mind,
700763,515192,25382,2024-06-08,Changed Mind,
700764,515192,25383,2024-06-17,Late Delivery,
700765,515208,25411,2024-11-08,Quality Issue,
700766,515208,25412,2024-11-13,Late Delivery,
700767,515268,25513,2025-02-19,Other,
700768,515297,25555,2024-04-03,Damaged Product,
700769,515297,25556,2024-04-16,Damaged Product,
700770,515297,25557,2024-04-15,Wrong Product,
700771,515320,25593,2024-04-14,Quality Issue,
700772,515348,25649,2024-08-27,Quality Issue,
700773,515360,25665,2025-02-16,Late Delivery,
700774,515369,25680,2025-04-14,Changed Mind,
700775,515413,25752,2024-12-07,Quality Issue,
700776,515413,25754,2024-12-25,Wrong Product,
700777,515435,25790,2025-06-30,Late Delivery,
700778,515435,25791,2025-06-28,Wrong Product,
700779,515506,25933,2025-06-16,Quality Issue,
700780,515506,25935,2025-06-15,Damaged Product,
700781,515518,25956,2024-10-30,Changed Mind,
700782,515561,26036,2025-01-12,Changed Mind,
700783,515561,26038,2025-01-09,Quality Issue,
700784,515569,26049,2024-02-20,Late Delivery,
700785,515569,26050,2024-02-12,Quality Issue,
700786,515569,26051,2024-02-24,Quality Issue,
700787,515573,26056,2025-03-31,Damaged Product,
700788,515574,26057,2024-10-11,Damaged Product,
700789,515589,26088,2024-04-21,Late Delivery,
700790,515589,26089,2024-04-17,Quality Issue,
700791,515641,26177,2024-04-18,Damaged Product,
700792,515649,26189,2025-03-21,Changed Mind,
700793,515649,26190,2025-03-10,Changed Mind,
700794,515694,26267,2024-07-05,Changed Mind,
700795,515697,26273,2025-06-24,Quality Issue,
700796,515697,26274,2025-06-16,Other,
700797,515752,26367,2024-12-19,Quality Issue,
700798,515752,26368,2024-12-16,Damaged Product,
700799,515785,26425,2025-06-23,Quality Issue,
700800,515785,26426,2025-06-22,Changed Mind,
700801,515948,26703,2024-12-14,Late Delivery,
700802,515961,26723,2024-05-05,Late Delivery,
700803,515961,26724,2024-04-27,Damaged Product,
700804,515961,26725,2024-05-05,Late Delivery,
700805,515994,26784,2025-01-15,Changed Mind,
700806,516125,26988,2025-03-16,Damaged Product,
700807,516125,26989,2025-03-16,Late Delivery,
700808,516125,26990,2025-03-10,Quality Issue,
700809,516128,26993,2025-05-30,Changed Mind,
700810,516171,27066,2025-05-02,Quality Issue,
700811,516239,27167,2025-06-13,Damaged Product,
700812,516239,27169,2025-06-04,Late Delivery,
700813,516242,27175,2024-07-20,Changed Mind,
700814,516249,27187,2024-04-05,Wrong Product,
700815,516249,27188,2024-03-27,Quality Issue,
700816,516249,27189,2024-03-20,Damaged Product,
700817,516249,27190,2024-03-29,Late Delivery,
700818,516291,27268,2025-04-04,Quality Issue,
700819,516295,27275,2024-09-25,Changed Mind,
700820,516325,27329,2025-04-15,Quality Issue,
700821,516338,27350,2024-07-18,Changed Mind,
700822,516340,27353,2024-06-23,Other,
700823,516340,27354,2024-06-15,Quality Issue,
700824,516372,27404,2025-01-14,Other,
700825,516445,27539,2025-01-03,Other,
700826,516446,27540,2025-05-23,Quality Issue,
700827,516446,27541,2025-05-21,Other,
700828,516485,27608,2024-11-24,Quality Issue,
700829,516496,27628,2025-02-10,Changed Mind,
700830,516551,27725,2025-07-08,Quality Issue,
700831,516556,27736,2025-07-05,Late Delivery,
700832,516556,27737,2025-07-07,Quality Issue,
700833,516596,27800,2025-03-07,Damaged Product,
700834,516674,27926,2025-03-07,Damaged Product,
700835,516687,27953,2024-04-24,Quality Issue,
700836,516687,27954,2024-04-23,Late Delivery,
700837,516700,27977,2025-07-11,Wrong Product,
700838,516728,28022,2024-03-20,Quality Issue,
700839,516728,28023,2024-04-02,Late Delivery,
700840,516728,28024,2024-03-21,Late Delivery,
700841,516782,28103,2025-03-25,Late Delivery,
700842,516782,28104,2025-03-29,Other,
700843,516846,28204,2024-06-26,Quality Issue,
700844,516877,28255,2025-03-26,Changed Mind,
700845,516887,28274,2025-06-22,Wrong Product,
700846,516887,28275,2025-06-17,Wrong Product,
700847,516891,28281,2024-12-31,Wrong Product,
700848,516902,28297,2025-03-20,Damaged Product,
700849,516921,28333,2025-04-20,Quality Issue,
700850,516930,28347,2025-01-04,Quality Issue,
700851,516930,28348,2025-01-07,Damaged Product,
700852,516937,28357,2025-07-07,Quality Issue,
700853,516951,28391,2024-12-10,Quality Issue,
700854,516963,28405,2024-05-26,Damaged Product,
700855,516988,28442,2024-04-13,Changed Mind,
700856,516998,28458,2024-12-03,Other,
700857,517005,28469,2024-01-19,Quality Issue,
700858,517005,28470,2024-01-18,Damaged Product,
700859,517091,28602,2024-10-01,Quality Issue,
700860,517173,28729,2024-01-24,Damaged Product,
700861,517180,28739,2024-03-10,Changed Mind,
700862,517180,28740,2024-03-18,Late Delivery,
700863,517195,28763,2025-03-25,Late Delivery,
700864,517216,28792,2024-04-08,Wrong Product,
700865,517244,28840,2024-02-05,Quality Issue,
700866,517257,28861,2025-07-01,Damaged Product,
700867,517257,28863,2025-07-05,Quality Issue,
700868,517304,28946,2025-01-01,Late Delivery,
700869,517319,28970,2024-09-12,Changed Mind,
700870,517333,28995,2024-05-30,Quality Issue,
700871,517333,28996,2024-05-25,Quality Issue,
700872,517333,28997,2024-05-31,Quality Issue,
700873,517336,29000,2025-01-27,Changed Mind,
700874,517342,29011,2024-08-19,Damaged Product,
700875,517354,29029,2024-07-29,Quality Issue,
700876,517359,29036,2025-06-21,Damaged Product,
700877,517389,29085,2025-03-06,Damaged Product,
700878,517389,29086,2025-03-04,Quality Issue,
700879,517389,29087,2025-03-15,Late Delivery,
700880,517456,29199,2024-04-01,Other,
700881,517456,29200,2024-04-01,Damaged Product,
700882,517483,29244,2024-05-09,Damaged Product,
700883,517483,29245,2024-05-07,Wrong Product,
700884,517483,29246,2024-05-25,Damaged Product,
700885,517684,29600,2024-08-27,Late Delivery,
700886,517684,29602,2024-08-27,Quality Issue,
700887,517706,29632,2024-05-19,Quality Issue,
700888,517712,29644,2024-09-01,Changed Mind,
700889,517715,29648,2024-07-08,Wrong Product,
700890,517715,29649,2024-07-13,Late Delivery,
700891,517715,29650,2024-07-05,Late Delivery,
700892,517718,29656,2025-05-06,Changed Mind,
700893,517718,29657,2025-05-03,Quality Issue,
700894,517718,29658,2025-05-13,Damaged Product,
700895,517756,29730,2024-01-16,Quality Issue,
700896,517765,29746,2025-05-03,Quality Issue,
700897,517765,29747,2025-04-28,Changed Mind,
700898,517765,29748,2025-05-09,Other,
700899,517796,29796,2025-03-20,Late Delivery,
700900,517796,29797,2025-03-27,Damaged Product,
700901,517823,29846,2024-02-23,Quality Issue,
700902,517831,29859,2024-05-06,Other,
700903,517841,29882,2024-04-19,Changed Mind,
700904,517858,29909,2024-12-25,Wrong Product,
700905,517859,29911,2024-08-02,Changed Mind,
700906,517860,29912,2024-06-28,Damaged Product,
700907,517860,29913,2024-06-19,Damaged Product,
700908,517860,29914,2024-06-21,Quality Issue,
700909,517870,29934,2025-02-23,Damaged Product,
700910,517870,29935,2025-03-07,Wrong Product,
700911,517958,30096,2025-01-08,Quality Issue,
700912,517986,30136,2025-02-02,Late Delivery,
700913,517986,30137,2025-01-31,Damaged Product,
700914,518014,30181,2024-10-24,Wrong Product,
700915,518014,30182,2024-10-27,Other,
700916,518049,30233,2024-08-11,Late Delivery,
700917,518055,30244,2024-01-19,Damaged Product,
700918,518055,30245,2024-01-30,Late Delivery,
700919,518055,30246,2024-01-23,Wrong Product,
700920,518055,30247,2024-01-19,Changed Mind,
700921,518095,30309,2024-09-19,Quality Issue,
700922,518116,30341,2024-04-26,Damaged Product,
700923,518116,30342,2024-04-19,Wrong Product,
700924,518130,30367,2024-01-19,Changed Mind,
700925,518174,30438,2024-05-18,Changed Mind,
700926,518186,30457,2024-03-27,Other,
700927,518296,30647,2024-06-27,Quality Issue,
700928,518337,30717,2025-01-14,Wrong Product,
700929,518349,30743,2025-06-06,Quality Issue,
700930,518494,30974,2025-02-19,Damaged Product,
700931,518513,31001,2024-10-25,Quality Issue,
700932,518523,31015,2025-06-01,Other,
700933,518535,31035,2024-04-26,Quality Issue,
700934,518538,31038,2025-05-04,Changed Mind,
700935,518568,31084,2024-11-24,Damaged Product,
700936,518603,31159,2024-05-19,Changed Mind,
700937,518667,31264,2024-05-08,Late Delivery,
700938,518668,31265,2024-12-18,Damaged Product,
700939,518671,31269,2024-08-02,Wrong Product,
700940,518693,31304,2024-10-04,Damaged Product,
700941,518734,31370,2025-04-04,Wrong Product,
700942,518760,31411,2024-11-22,Damaged Product,
700943,518763,31416,2024-06-20,Changed Mind,
700944,518786,31448,2025-02-17,Wrong Product,
700945,518821,31507,2024-04-04,Damaged Product,
700946,518827,31516,2025-06-26,Changed Mind,
700947,518827,31517,2025-06-27,Quality Issue,
700948,518856,31564,2024-12-27,Quality Issue,
700949,518856,31565,2024-12-27,Wrong Product,
700950,518877,31599,2025-05-12,Quality Issue,
700951,518904,31639,2024-02-27,Wrong Product,
700952,518904,31640,2024-02-25,Quality Issue,
700953,518904,31641,2024-02-26,Quality Issue,
700954,518904,31642,2024-02-17,Damaged Product,
700955,518907,31647,2024-04-27,Damaged Product,
700956,518909,31649,2024-11-08,Damaged Product,
700957,518909,31650,2024-10-26,Quality Issue,
700958,518910,31651,2025-05-05,Quality Issue,
700959,518932,31692,2024-04-13,Damaged Product,
700960,518932,31693,2024-04-23,Changed Mind,
700961,518950,31723,2025-01-03,Damaged Product,
700962,519023,31833,2024-11-22,Late Delivery,
700963,519023,31834,2024-11-29,Late Delivery,
700964,519039,31859,2025-03-05,Damaged Product,
700965,519039,31860,2025-03-07,Other,
700966,519039,31861,2025-03-20,Changed Mind,
700967,519070,31913,2025-01-03,Changed Mind,
700968,519070,31914,2024-12-29,Quality Issue,
700969,519070,31915,2024-12-25,Other,
700970,519114,31987,2024-02-17,Changed Mind,
700971,519174,32087,2025-01-14,Damaged Product,
700972,519174,32088,2025-01-17,Damaged Product,
700973,519239,32194,2024-03-04,Quality Issue,
700974,519308,32300,2024-06-26,Changed Mind,
700975,519308,32301,2024-06-29,Damaged Product,
700976,519308,32302,2024-07-03,Late Delivery,
700977,519308,32303,2024-06-19,Changed Mind,
700978,519334,32341,2024-11-10,Damaged Product,
700979,519334,32342,2024-11-20,Late Delivery,
700980,519380,32408,2024-02-28,Changed Mind,
700981,519380,32409,2024-02-25,Other,
700982,519380,32410,2024-02-26,Late Delivery,
700983,519420,32463,2024-06-01,Damaged Product,
700984,519420,32464,2024-06-14,Wrong Product,
700985,519480,32564,2024-04-14,Quality Issue,
700986,519527,32643,2024-06-12,Changed Mind,
700987,519527,32644,2024-06-24,Damaged Product,
700988,519527,32645,2024-06-28,Changed Mind,
700989,519536,32660,2025-04-08,Quality Issue,
700990,519536,32662,2025-04-12,Quality Issue,
700991,519571,32714,2025-02-16,Quality Issue,
700992,519571,32715,2025-02-11,Wrong Product,
700993,519571,32716,2025-02-09,Quality Issue,
700994,519580,32730,2025-07-05,Quality Issue,
700995,519580,32732,2025-06-24,Other,
700996,519580,32733,2025-07-04,Quality Issue,
700997,519610,32776,2024-03-27,Quality Issue,
700998,519623,32797,2025-01-08,Late Delivery,
700999,519647,32834,2025-05-17,Damaged Product,
701000,519647,32835,2025-04-29,Changed Mind,
701001,519647,32836,2025-04-30,Quality Issue,
701002,519647,32837,2025-04-29,Quality Issue,
701003,519714,32945,2025-03-18,Quality Issue,
701004,519762,33028,2024-05-23,Other,
701005,519808,33104,2024-11-07,Changed Mind,
701006,519808,33105,2024-11-21,Damaged Product,
701007,519834,33148,2024-12-11,Quality Issue,
701008,519834,33149,2024-12-09,Wrong Product,
701009,519854,33177,2024-08-11,Other,
701010,519885,33230,2024-11-20,Wrong Product,
701011,519885,33231,2024-11-27,Other,
701012,519894,33245,2025-05-26,Quality Issue,
701013,519901,33256,2024-03-01,Late Delivery,
701014,519901,33257,2024-03-11,Late Delivery,
701015,519901,33258,2024-03-09,Wrong Product,
701016,519901,33259,2024-03-02,Quality Issue,
701017,519916,33280,2024-08-18,Damaged Product,
701018,519916,33281,2024-08-24,Wrong Product,
701019,520009,33443,2024-09-06,Changed Mind,
701020,520033,33480,2024-04-30,Changed Mind,
701021,520035,33482,2024-09-15,Wrong Product,
701022,520035,33483,2024-09-09,Changed Mind,
701023,520072,33543,2025-03-21,Wrong Product,
701024,520082,33560,2024-07-18,Quality Issue,
701025,520082,33561,2024-07-14,Wrong Product,
701026,520082,33563,2024-07-11,Other,
701027,520092,33580,2025-02-08,Changed Mind,
701028,520113,33618,2025-03-29,Quality Issue,
701029,520164,33701,2025-01-12,Damaged Product,
701030,520164,33702,2025-01-04,Damaged Product,
701031,520166,33706,2024-06-06,Wrong Product,
701032,520239,33854,2024-09-20,Wrong Product,
701033,520239,33855,2024-09-24,Wrong Product,
701034,520258,33891,2025-02-20,Other,
701035,520276,33915,2024-05-19,Quality Issue,
701036,520277,33916,2024-04-18,Wrong Product,
701037,520299,33948,2024-11-18,Damaged Product,
701038,520358,34056,2024-01-27,Changed Mind,
701039,520358,34057,2024-02-04,Late Delivery,
701040,520359,34058,2024-03-31,Damaged Product,
701041,520400,34124,2024-11-13,Damaged Product,
701042,520449,34209,2024-10-17,Quality Issue,
701043,520480,34269,2024-11-05,Changed Mind,
701044,520480,34270,2024-10-21,Late Delivery,
701045,520489,34283,2024-03-16,Late Delivery,
701046,520489,34284,2024-03-10,Quality Issue,
701047,520506,34309,2025-06-27,Quality Issue,
701048,520506,34310,2025-06-27,Changed Mind,
701049,520513,34318,2024-12-20,Quality Issue,
701050,520539,34370,2024-12-18,Damaged Product,
701051,520648,34548,2024-04-05,Wrong Product,
701052,520679,34608,2024-10-19,Quality Issue,
701053,520679,34609,2024-10-15,Damaged Product,
701054,520853,34902,2024-05-18,Other,
701055,520856,34905,2024-01-12,Damaged Product,
701056,520885,34957,2024-10-01,Quality Issue,
701057,520885,34958,2024-10-11,Other,
701058,520885,34960,2024-10-01,Quality Issue,
701059,520912,35000,2024-08-27,Quality Issue,
701060,520930,35028,2024-08-06,Quality Issue,
701061,520930,35029,2024-07-21,Late Delivery,
701062,521029,35195,2024-04-08,Wrong Product,
701063,521044,35220,2025-04-29,Late Delivery,
701064,521068,35253,2024-04-16,Other,
701065,521096,35295,2024-02-23,Damaged Product,
701066,521111,35320,2024-10-15,Damaged Product,
701067,521132,35354,2024-03-16,Damaged Product,
701068,521132,35355,2024-03-11,Wrong Product,
701069,521132,35356,2024-03-16,Damaged Product,
701070,521169,35408,2025-05-05,Late Delivery,
701071,521207,35469,2025-02-06,Damaged Product,
701072,521333,35674,2025-02-19,Quality Issue,
701073,521334,35676,2025-04-15,Quality Issue,
701074,521334,35678,2025-04-29,Quality Issue,
701075,521334,35679,2025-04-14,Other,
701076,521344,35695,2024-02-11,Quality Issue,
701077,521344,35696,2024-01-29,Wrong Product,
701078,521440,35853,2024-06-23,Late Delivery,
701079,521443,35858,2025-03-03,Damaged Product,
701080,521476,35901,2025-06-24,Wrong Product,
701081,521476,35902,2025-06-24,Late Delivery,
701082,521476,35903,2025-06-26,Quality Issue,
701083,521476,35904,2025-06-22,Damaged Product,
701084,521499,35939,2024-01-20,Late Delivery,
701085,521541,36011,2024-05-26,Changed Mind,
701086,521541,36012,2024-05-17,Late Delivery,
701087,521575,36058,2024-09-05,Other,
701088,521617,36117,2025-02-08,Late Delivery,
701089,521683,36218,2024-12-19,Damaged Product,
701090,521741,36320,2024-07-09,Quality Issue,
701091,521741,36321,2024-07-13,Other,
701092,521752,36337,2024-08-21,Late Delivery,
701093,521770,36367,2024-02-02,Other,
701094,521778,36383,2025-03-25,Quality Issue,
701095,521819,36438,2024-11-28,Other,
701096,521838,36462,2024-12-22,Wrong Product,
701097,521879,36526,2025-03-20,Quality Issue,
701098,521918,36586,2024-06-14,Damaged Product,
701099,521918,36587,2024-06-26,Late Delivery,
701100,521926,36596,2024-08-05,Late Delivery,
701101,521926,36597,2024-07-26,Quality Issue,
701102,521926,36599,2024-07-22,Changed Mind,
701103,521961,36661,2024-09-15,Damaged Product,
701104,521962,36662,2024-08-08,Other,
701105,522098,36863,2024-11-12,Wrong Product,
701106,522125,36907,2024-03-09,Damaged Product,
701107,522176,36995,2024-11-14,Quality Issue,
701108,522176,36996,2024-11-25,Wrong Product,
701109,522241,37107,2025-03-29,Changed Mind,
701110,522243,37112,2024-01-31,Damaged Product,
701111,522243,37113,2024-01-22,Wrong Product,
701112,522251,37123,2024-12-23,Changed Mind,
701113,522296,37195,2024-03-02,Damaged Product,
701114,522296,37196,2024-03-06,Damaged Product,
701115,522341,37254,2024-07-27,Changed Mind,
701116,522341,37255,2024-08-01,Wrong Product,
701117,522407,37372,2024-07-16,Late Delivery,
701118,522415,37385,2025-06-17,Wrong Product,
701119,522415,37387,2025-06-10,Wrong Product,
701120,522430,37413,2025-05-30,Quality Issue,
701121,522430,37414,2025-05-23,Damaged Product,
701122,522438,37430,2024-05-07,Damaged Product,
701123,522451,37448,2024-05-21,Quality Issue,
701124,522506,37534,2024-08-16,Damaged Product,
701125,522515,37546,2024-04-08,Damaged Product,
701126,522547,37593,2024-07-04,Late Delivery,
701127,522636,37733,2024-05-14,Changed Mind,
701128,522667,37787,2024-12-13,Other,
701129,522667,37788,2024-12-14,Late Delivery,
701130,522680,37814,2024-04-24,Wrong Product,
701131,522697,37843,2024-11-26,Quality Issue,
701132,522721,37885,2024-03-23,Quality Issue,
701133,522724,37889,2024-10-23,Quality Issue,
701134,522746,37933,2024-08-27,Wrong Product,
701135,522746,37934,2024-08-28,Wrong Product,
701136,522758,37958,2025-05-02,Damaged Product,
701137,522797,38021,2024-09-03,Damaged Product,
701138,522797,38022,2024-09-12,Quality Issue,
701139,522848,38100,2024-07-11,Wrong Product,
701140,522973,38304,2025-04-24,Other,
701141,522976,38308,2024-05-09,Late Delivery,
701142,523007,38366,2024-04-15,Changed Mind,
701143,523007,38367,2024-04-13,Wrong Product,
701144,523065,38462,2024-12-10,Damaged Product,
701145,523218,38742,2025-04-24,Quality Issue,
701146,523218,38743,2025-04-15,Damaged Product,
701147,523218,38745,2025-04-19,Changed Mind,
701148,523265,38831,2024-05-26,Quality Issue,
701149,523265,38832,2024-06-07,Damaged Product,
701150,523273,38842,2024-01-26,Damaged Product,
701151,523370,39013,2024-05-02,Other,
701152,523417,39087,2025-06-08,Damaged Product,
701153,523417,39088,2025-05-29,Damaged Product,
701154,523417,39090,2025-06-02,Wrong Product,
701155,523423,39100,2025-01-30,Changed Mind,
701156,523462,39164,2024-10-02,Wrong Product,
701157,523470,39177,2024-11-24,Quality Issue,
701158,523489,39215,2024-11-06,Other,
701159,523497,39236,2025-01-02,Quality Issue,
701160,523497,39237,2025-01-14,Changed Mind,
701161,523497,39238,2025-01-12,Late Delivery,
701162,523526,39285,2024-12-06,Late Delivery,
701163,523526,39286,2024-12-13,Damaged Product,
701164,523526,39287,2024-12-11,Quality Issue,
701165,523543,39317,2024-10-16,Damaged Product,
701166,523557,39344,2024-09-30,Quality Issue,
701167,523581,39385,2024-05-01,Damaged Product,
701168,523581,39386,2024-04-25,Wrong Product,
701169,523581,39387,2024-05-10,Wrong Product,
701170,523599,39420,2024-03-25,Late Delivery,
701171,523622,39461,2024-11-01,Quality Issue,
701172,523631,39472,2025-06-11,Quality Issue,
701173,523642,39492,2025-03-22,Other,
701174,523653,39509,2024-02-05,Changed Mind,
701175,523653,39510,2024-02-20,Changed Mind,
701176,523653,39511,2024-02-21,Damaged Product,
701177,523659,39518,2024-06-09,Changed Mind,
701178,523700,39587,2024-12-26,Quality Issue,
701179,523740,39649,2025-03-02,Quality Issue,
701180,523760,39676,2025-07-02,Late Delivery,
701181,523821,39780,2025-01-10,Late Delivery,
701182,523822,39781,2024-11-26,Changed Mind,
701183,523823,39782,2025-04-08,Late Delivery,
701184,523823,39783,2025-04-07,Quality Issue,
701185,523863,39844,2024-01-18,Damaged Product,
701186,523884,39879,2024-11-07,Other,
701187,523973,40029,2024-02-08,Quality Issue,
701188,523973,40030,2024-01-31,Damaged Product,
701189,524018,40108,2024-12-11,Late Delivery,
701190,524028,40119,2024-04-21,Damaged Product,
701191,524028,40120,2024-04-18,Damaged Product,
701192,524068,40190,2025-05-10,Other,
701193,524088,40226,2024-04-03,Damaged Product,
701194,524088,40227,2024-04-15,Damaged Product,
701195,524094,40234,2025-05-23,Quality Issue,
701196,524108,40257,2024-06-03,Wrong Product,
701197,524129,40290,2025-03-28,Changed Mind,
701198,524168,40362,2024-10-28,Late Delivery,
701199,524169,40363,2024-12-31,Other,
701200,524195,40403,2024-09-21,Other,
701201,524195,40404,2024-09-25,Changed Mind,
701202,524214,40431,2024-03-09,Late Delivery,
701203,524250,40480,2025-04-11,Quality Issue,
701204,524254,40485,2024-07-18,Changed Mind,
701205,524254,40486,2024-07-11,Other,
701206,524373,40684,2024-05-01,Late Delivery,
701207,524373,40686,2024-04-15,Changed Mind,
701208,524379,40697,2024-07-07,Other,
701209,524381,40702,2024-11-18,Wrong Product,
701210,524381,40703,2024-12-04,Changed Mind,
701211,524381,40704,2024-12-05,Quality Issue,
701212,524461,40834,2025-06-01,Damaged Product,
701213,524461,40835,2025-06-07,Quality Issue,
701214,524461,40836,2025-06-06,Other,
701215,524555,40995,2025-04-21,Quality Issue,
701216,524560,41001,2024-05-02,Wrong Product,
701217,524588,41053,2024-09-11,Quality Issue,
701218,524591,41057,2025-03-03,Late Delivery,
701219,524595,41063,2024-12-11,Other,
701220,524620,41107,2024-05-01,Damaged Product,
701221,524645,41152,2024-10-07,Late Delivery,
701222,524651,41165,2024-03-20,Wrong Product,
701223,524651,41166,2024-03-22,Wrong Product,
701224,524672,41202,2025-01-12,Late Delivery,
701225,524717,41279,2024-03-05,Late Delivery,
701226,524717,41280,2024-03-06,Wrong Product,
701227,524722,41290,2024-06-17,Damaged Product,
701228,524723,41291,2024-11-14,Quality Issue,
701229,524723,41292,2024-11-10,Damaged Product,
701230,524772,41365,2024-12-12,Changed Mind,
701231,524795,41402,2024-09-13,Wrong Product,
701232,524798,41407,2025-03-25,Other,
701233,524808,41426,2024-06-27,Damaged Product,
701234,524808,41427,2024-07-03,Changed Mind,
701235,524821,41450,2025-06-14,Changed Mind,
701236,524886,41541,2025-05-08,Wrong Product,
701237,524886,41542,2025-04-27,Wrong Product,
701238,524898,41566,2024-01-28,Quality Issue,
701239,524922,41608,2024-06-30,Wrong Product,
701240,524922,41609,2024-06-25,Quality Issue,
701241,524922,41610,2024-06-24,Damaged Product,
701242,524922,41611,2024-07-01,Wrong Product,
701243,524952,41665,2025-04-21,Damaged Product,
701244,524970,41701,2025-01-27,Quality Issue,
701245,524970,41703,2025-01-31,Late Delivery,
701246,524973,41708,2024-03-29,Quality Issue,
701247,524995,41749,2025-02-27,Changed Mind,
701248,525011,41778,2025-02-24,Changed Mind,
701249,525011,41780,2025-02-23,Other,
701250,525081,41883,2024-04-08,Quality Issue,
701251,525087,41891,2024-10-24,Wrong Product,
701252,525087,41892,2024-10-20,Quality Issue,
701253,525150,41996,2025-03-18,Damaged Product,
701254,525150,41997,2025-03-13,Other,
701255,525176,42038,2025-02-05,Other,
701256,525205,42086,2025-05-17,Wrong Product,
701257,525227,42119,2024-07-06,Quality Issue,
701258,525241,42146,2024-02-13,Wrong Product,
701259,525241,42147,2024-02-11,Changed Mind,
701260,525241,42148,2024-02-07,Late Delivery,
701261,525253,42169,2025-06-09,Changed Mind,
701262,525267,42189,2024-05-14,Quality Issue,
701263,525267,42190,2024-05-23,Quality Issue,
701264,525268,42192,2024-12-14,Wrong Product,
701265,525306,42260,2024-10-05,Late Delivery,
701266,525326,42297,2024-01-31,Quality Issue,
701267,525387,42407,2024-03-09,Changed Mind,
701268,525437,42484,2024-10-12,Wrong Product,
701269,525450,42500,2024-08-03,Damaged Product,
701270,525450,42501,2024-07-24,Wrong Product,
701271,525470,42532,2024-11-05,Changed Mind,
701272,525470,42533,2024-11-03,Quality Issue,
701273,525488,42557,2024-02-29,Wrong Product,
701274,525524,42625,2024-09-06,Other,
701275,525529,42632,2024-08-24,Damaged Product,
701276,525529,42633,2024-08-20,Wrong Product,
701277,525536,42647,2024-05-02,Wrong Product,
701278,525536,42648,2024-05-15,Quality Issue,
701279,525561,42686,2024-09-04,Late Delivery,
701280,525574,42706,2024-02-27,Late Delivery,
701281,525598,42747,2024-12-13,Changed Mind,
701282,525598,42748,2024-12-05,Quality Issue,
701283,525616,42774,2024-07-14,Other,
701284,525622,42782,2025-01-23,Wrong Product,
701285,525668,42856,2024-08-22,Late Delivery,
701286,525670,42858,2024-06-26,Changed Mind,
701287,525670,42859,2024-07-01,Changed Mind,
701288,525697,42900,2024-12-10,Damaged Product,
701289,525743,42971,2024-05-23,Changed Mind,
701290,525759,42997,2024-06-29,Wrong Product,
701291,525765,43005,2024-11-18,Damaged Product,
701292,525768,43008,2025-05-24,Quality Issue,
701293,525778,43022,2024-06-02,Wrong Product,
701294,525822,43096,2025-04-02,Other,
701295,525822,43097,2025-04-06,Damaged Product,
701296,525828,43106,2024-09-23,Changed Mind,
701297,525833,43113,2025-01-27,Wrong Product,
701298,525843,43134,2025-02-26,Damaged Product,
701299,525861,43155,2024-08-12,Other,
701300,525875,43182,2024-04-20,Changed Mind,
701301,525893,43203,2025-04-30,Late Delivery,
701302,525903,43221,2024-07-26,Late Delivery,
701303,525911,43233,2024-12-05,Damaged Product,
701304,525920,43252,2025-04-05,Quality Issue,
701305,525998,43386,2025-07-11,Changed Mind,
701306,525998,43387,2025-07-07,Quality Issue,
701307,526001,43391,2025-03-06,Quality Issue,
701308,526023,43422,2024-08-03,Damaged Product,
701309,526069,43503,2024-12-24,Quality Issue,
701310,526090,43539,2024-12-01,Damaged Product,
701311,526117,43586,2025-03-18,Changed Mind,
701312,526146,43642,2024-12-02,Quality Issue,
701313,526174,43680,2025-05-10,Damaged Product,
701314,526174,43681,2025-05-26,Quality Issue,
701315,526208,43740,2025-06-20,Changed Mind,
701316,526208,43741,2025-06-21,Damaged Product,
701317,526266,43843,2024-03-02,Late Delivery,
701318,526282,43865,2024-01-29,Other,
701319,526286,43873,2024-04-23,Damaged Product,
701320,526286,43874,2024-04-17,Quality Issue,
701321,526372,44012,2025-06-16,Wrong Product,
701322,526373,44013,2024-02-19,Quality Issue,
701323,526373,44014,2024-02-07,Late Delivery,
701324,526386,44041,2024-04-12,Changed Mind,
701325,526438,44120,2024-05-28,Other,
701326,526441,44123,2025-02-21,Quality Issue,
701327,526441,44124,2025-02-16,Quality Issue,
701328,526441,44125,2025-02-16,Changed Mind,
701329,526463,44160,2025-06-10,Damaged Product,
701330,526463,44161,2025-06-17,Quality Issue,
701331,526463,44162,2025-06-06,Other,
701332,526470,44171,2025-04-27,Damaged Product,
701333,526470,44173,2025-05-06,Late Delivery,
701334,526499,44226,2024-04-28,Damaged Product,
701335,526499,44227,2024-05-05,Late Delivery,
701336,526499,44228,2024-04-23,Wrong Product,
701337,526576,44363,2024-03-03,Wrong Product,
701338,526576,44364,2024-03-03,Quality Issue,
701339,526579,44369,2025-02-12,Wrong Product,
701340,526590,44384,2025-02-12,Damaged Product,
701341,526707,44566,2025-07-10,Late Delivery,
701342,526760,44651,2025-03-23,Damaged Product,
701343,526805,44719,2025-06-14,Damaged Product,
701344,526915,44899,2024-10-27,Quality Issue,
701345,526945,44951,2024-12-16,Damaged Product,
701346,527003,45042,2024-10-13,Damaged Product,
701347,527003,45043,2024-10-14,Damaged Product,
701348,527009,45051,2024-04-24,Quality Issue,
701349,527009,45053,2024-05-07,Quality Issue,
701350,527010,45054,2024-03-25,Damaged Product,
701351,527087,45180,2025-04-20,Wrong Product,
701352,527139,45277,2024-08-02,Late Delivery,
701353,527139,45278,2024-07-21,Quality Issue,
701354,527214,45404,2024-05-25,Wrong Product,
701355,527214,45405,2024-05-31,Quality Issue,
701356,527222,45420,2025-01-07,Other,
701357,527256,45477,2024-05-25,Quality Issue,
701358,527256,45478,2024-05-20,Changed Mind,
701359,527266,45491,2024-01-20,Changed Mind,
701360,527327,45590,2024-10-02,Damaged Product,
701361,527327,45591,2024-09-28,Other,
701362,527352,45628,2025-05-14,Quality Issue,
701363,527396,45695,2025-03-09,Late Delivery,
701364,527396,45696,2025-03-19,Damaged Product,
701365,527439,45777,2025-03-08,Quality Issue,
701366,527439,45778,2025-03-07,Damaged Product,
701367,527471,45834,2025-04-14,Damaged Product,
701368,527471,45835,2025-04-21,Late Delivery,
701369,527471,45836,2025-04-11,Changed Mind,
701370,527471,45837,2025-04-16,Quality Issue,
701371,527532,45930,2024-12-06,Damaged Product,
701372,527546,45954,2024-11-26,Changed Mind,
701373,527595,46037,2025-05-25,Other,
701374,527596,46039,2025-02-04,Quality Issue,
701375,527608,46057,2025-02-01,Changed Mind,
701376,527621,46078,2024-03-09,Wrong Product,
701377,527621,46079,2024-02-28,Changed Mind,
701378,527661,46151,2024-10-26,Quality Issue,
701379,527669,46163,2025-06-05,Changed Mind,
701380,527690,46198,2025-05-03,Quality Issue,
701381,527699,46213,2025-04-11,Wrong Product,
701382,527702,46219,2024-11-16,Quality Issue,
701383,527702,46220,2024-11-24,Changed Mind,
701384,527714,46237,2025-03-09,Changed Mind,
701385,527714,46238,2025-03-08,Quality Issue,
701386,527714,46239,2025-03-17,Other,
701387,527744,46288,2024-07-15,Quality Issue,
701388,527799,46381,2025-01-30,Damaged Product,
701389,527808,46397,2025-02-02,Quality Issue,
701390,527823,46422,2024-02-28,Quality Issue,
701391,527823,46423,2024-03-06,Wrong Product,
701392,527849,46464,2025-05-05,Quality Issue,
701393,527849,46466,2025-05-18,Quality Issue,
701394,527883,46521,2024-05-11,Quality Issue,
701395,527918,46583,2025-04-04,Changed Mind,
701396,527918,46584,2025-04-01,Damaged Product,
701397,527969,46671,2024-10-21,Quality Issue,
701398,528069,46836,2024-06-22,Damaged Product,
701399,528069,46837,2024-06-16,Wrong Product,
701400,528102,46884,2024-07-21,Late Delivery,
701401,528136,46939,2024-05-16,Damaged Product,
701402,528164,46988,2024-06-14,Changed Mind,
701403,528198,47051,2024-10-24,Changed Mind,
701404,528202,47059,2025-03-12,Quality Issue,
701405,528239,47130,2025-01-07,Damaged Product,
701406,528239,47131,2025-01-21,Wrong Product,
701407,528251,47149,2024-10-05,Quality Issue,
701408,528251,47150,2024-10-13,Quality Issue,
701409,528251,47151,2024-09-26,Wrong Product,
701410,528286,47208,2025-02-02,Changed Mind,
701411,528325,47266,2025-07-06,Damaged Product,
701412,528337,47285,2025-06-25,Damaged Product,
701413,528337,47286,2025-07-06,Wrong Product,
701414,528441,47448,2025-04-14,Damaged Product,
701415,528445,47453,2024-05-05,Changed Mind,
701416,528528,47603,2024-09-06,Quality Issue,
701417,528544,47625,2024-04-23,Late Delivery,
701418,528582,47688,2024-05-27,Wrong Product,
701419,528636,47771,2025-07-11,Quality Issue,
701420,528680,47853,2024-12-10,Damaged Product,
701421,528726,47935,2025-06-11,Quality Issue,
701422,528726,47936,2025-06-03,Changed Mind,
701423,528729,47939,2025-01-19,Quality Issue,
701424,528729,47940,2025-01-21,Late Delivery,
701425,528729,47941,2025-01-23,Changed Mind,
701426,528736,47954,2024-12-01,Wrong Product,
701427,528756,47988,2024-12-04,Damaged Product,
701428,528782,48029,2024-03-02,Damaged Product,
701429,528782,48031,2024-02-19,Changed Mind,
701430,528790,48044,2024-02-18,Late Delivery,
701431,528802,48062,2024-07-30,Quality Issue,
701432,528821,48094,2025-01-11,Other,
701433,528821,48095,2025-01-21,Quality Issue,
701434,528821,48096,2025-01-14,Other,
701435,528869,48172,2024-02-07,Damaged Product,
701436,528908,48246,2024-12-24,Other,
701437,528908,48247,2024-12-23,Damaged Product,
701438,528922,48270,2024-12-09,Wrong Product,
701439,528923,48273,2025-01-02,Late Delivery,
701440,528939,48302,2024-11-29,Late Delivery,
701441,528960,48336,2024-07-19,Late Delivery,
701442,528960,48337,2024-07-31,Late Delivery,
701443,528960,48338,2024-07-25,Late Delivery,
701444,529010,48424,2024-10-21,Changed Mind,
701445,529043,48479,2024-02-22,Other,
701446,529055,48497,2025-06-06,Quality Issue,
701447,529055,48498,2025-05-26,Quality Issue,
701448,529055,48499,2025-06-02,Quality Issue,
701449,529081,48543,2025-04-18,Changed Mind,
701450,529124,48615,2025-06-09,Wrong Product,
701451,529142,48643,2025-07-08,Changed Mind,
701452,529157,48667,2024-10-08,Late Delivery,
701453,529157,48668,2024-10-09,Wrong Product,
701454,529167,48688,2024-08-21,Damaged Product,
701455,529202,48746,2025-05-30,Damaged Product,
701456,529202,48747,2025-05-28,Changed Mind,
701457,529241,48806,2024-05-03,Late Delivery,
701458,529241,48809,2024-04-27,Other,
701459,529291,48883,2024-09-21,Late Delivery,
701460,529355,48995,2025-01-08,Quality Issue,
701461,529376,49030,2025-05-24,Quality Issue,
701462,529376,49031,2025-05-20,Late Delivery,
701463,529387,49045,2024-09-14,Damaged Product,
701464,529404,49077,2024-05-12,Late Delivery,
701465,529473,49205,2024-09-17,Other,
701466,529494,49239,2025-01-27,Wrong Product,
701467,529558,49351,2024-02-18,Quality Issue,
701468,529568,49366,2024-04-15,Quality Issue,
701469,529592,49400,2024-02-26,Damaged Product,
701470,529674,49542,2024-03-15,Wrong Product,
701471,529680,49549,2024-02-04,Changed Mind,
701472,529688,49561,2024-10-24,Quality Issue,
701473,529689,49563,2024-05-02,Changed Mind,
701474,529689,49564,2024-04-24,Wrong Product,
701475,529701,49591,2024-08-03,Late Delivery,
701476,529701,49592,2024-07-30,Quality Issue,
701477,529701,49593,2024-08-04,Damaged Product,
701478,529766,49703,2024-11-29,Other,
701479,529775,49720,2024-02-15,Changed Mind,
701480,529811,49776,2024-07-24,Damaged Product,
701481,530018,50111,2025-01-14,Quality Issue,
701482,530018,50112,2025-01-16,Quality Issue,
701483,530018,50113,2025-01-25,Other,
701484,530045,50154,2024-12-27,Quality Issue,
701485,530051,50166,2024-06-28,Late Delivery,
701486,530086,50223,2024-12-28,Late Delivery,
701487,530105,50258,2024-04-29,Wrong Product,
701488,530105,50259,2024-04-29,Other,
701489,530116,50274,2025-06-24,Changed Mind,
701490,530116,50276,2025-06-26,Changed Mind,
701491,530116,50277,2025-06-25,Quality Issue,
701492,530161,50355,2024-06-27,Changed Mind,
701493,530175,50379,2024-08-28,Wrong Product,
701494,530217,50446,2025-03-26,Wrong Product,
701495,530218,50448,2025-03-05,Quality Issue,
701496,530220,50450,2025-02-17,Quality Issue,
701497,530374,50702,2024-03-11,Damaged Product,
701498,530385,50721,2025-05-27,Changed Mind,
701499,530404,50750,2025-02-26,Damaged Product,
701500,530404,50751,2025-02-20,Late Delivery,
701501,530424,50779,2024-12-19,Other,
701502,530444,50815,2025-06-24,Changed Mind,
701503,530449,50824,2025-05-31,Quality Issue,
701504,530449,50825,2025-05-26,Damaged Product,
701505,530449,50826,2025-05-26,Damaged Product,
701506,530481,50880,2024-02-26,Changed Mind,
701507,530495,50905,2025-06-10,Changed Mind,
701508,530516,50940,2025-05-07,Wrong Product,
701509,530539,50983,2024-04-29,Late Delivery,
701510,530565,51029,2024-04-01,Wrong Product,
701511,530653,51169,2025-05-02,Damaged Product,
701512,530676,51211,2024-07-28,Wrong Product,
701513,530676,51212,2024-08-11,Damaged Product,
701514,530692,51241,2024-05-04,Damaged Product,
701515,530787,51410,2025-05-16,Damaged Product,
701516,530787,51412,2025-05-18,Quality Issue,
701517,530855,51511,2024-06-23,Changed Mind,
701518,530893,51574,2024-03-25,Changed Mind,
701519,530914,51608,2024-03-19,Late Delivery,
701520,530914,51609,2024-03-14,Wrong Product,
701521,530954,51674,2024-11-29,Quality Issue,
701522,530975,51708,2025-04-22,Wrong Product,
701523,530978,51712,2024-11-23,Damaged Product,
701524,530994,51739,2024-05-13,Wrong Product,
701525,530994,51740,2024-05-04,Other,
701526,530994,51741,2024-05-08,Changed Mind,
701527,531005,51761,2024-09-02,Quality Issue,
701528,531005,51762,2024-09-18,Changed Mind,
701529,531005,51763,2024-09-13,Wrong Product,
701530,531047,51829,2025-04-09,Changed Mind,
701531,531154,51996,2024-06-19,Changed Mind,
701532,531154,51997,2024-07-05,Late Delivery,
701533,531154,51998,2024-06-29,Other,
701534,531207,52086,2024-06-25,Quality Issue,
701535,531249,52162,2024-10-12,Changed Mind,
701536,531318,52277,2024-09-20,Damaged Product,
701537,531386,52395,2025-01-30,Damaged Product,
701538,531386,52396,2025-01-14,Late Delivery,
701539,531400,52418,2024-02-24,Damaged Product,
701540,531422,52456,2024-10-21,Wrong Product,
701541,531422,52457,2024-10-15,Wrong Product,
701542,531422,52458,2024-10-23,Late Delivery,
701543,531458,52521,2025-06-12,Damaged Product,
701544,531471,52541,2025-03-15,Changed Mind,
701545,531522,52636,2025-04-18,Wrong Product,
701546,531540,52664,2025-01-20,Quality Issue,
701547,531601,52771,2025-01-30,Quality Issue,
701548,531641,52833,2024-12-01,Damaged Product,
701549,531667,52879,2024-02-07,Wrong Product,
701550,531667,52881,2024-02-04,Quality Issue,
701551,531667,52882,2024-02-09,Quality Issue,
701552,531670,52886,2024-10-18,Quality Issue,
701553,531697,52932,2024-07-21,Changed Mind,
701554,531706,52946,2024-11-22,Other,
701555,531706,52947,2024-11-16,Quality Issue,
701556,531706,52948,2024-11-20,Changed Mind,
701557,531717,52969,2025-04-01,Wrong Product,
701558,531723,52983,2024-12-20,Other,
701559,531926,53330,2024-02-21,Damaged Product,
701560,531959,53388,2024-01-20,Quality Issue,
701561,531959,53389,2024-01-20,Damaged Product,
701562,531970,53407,2024-07-28,Quality Issue,
701563,532054,53546,2024-02-17,Quality Issue,
701564,532054,53547,2024-03-01,Wrong Product,
701565,532054,53548,2024-02-19,Late Delivery,
701566,532054,53549,2024-02-20,Quality Issue,
701567,532073,53579,2025-05-26,Damaged Product,
701568,532092,53612,2025-04-26,Quality Issue,
701569,532092,53613,2025-04-25,Late Delivery,
701570,532096,53618,2024-11-20,Quality Issue,
701571,532126,53664,2024-06-23,Changed Mind,
701572,532172,53735,2025-04-30,Quality Issue,
701573,532179,53747,2025-01-27,Wrong Product,
701574,532215,53803,2024-08-27,Quality Issue,
701575,532242,53859,2024-04-30,Damaged Product,
701576,532242,53860,2024-05-11,Damaged Product,
701577,532252,53875,2025-06-06,Late Delivery,
701578,532252,53876,2025-06-10,Changed Mind,
701579,532252,53878,2025-06-10,Damaged Product,
701580,532270,53909,2024-04-22,Quality Issue,
701581,532270,53910,2024-05-04,Wrong Product,
701582,532379,54102,2024-07-21,Changed Mind,
701583,532379,54103,2024-07-10,Quality Issue,
701584,532469,54238,2024-09-30,Quality Issue,
701585,532548,54363,2024-02-29,Damaged Product,
701586,532549,54364,2024-08-28,Changed Mind,
701587,532572,54408,2025-06-28,Changed Mind,
701588,532586,54431,2025-04-18,Wrong Product,
701589,532605,54463,2024-02-12,Quality Issue,
701590,532606,54464,2024-04-18,Wrong Product,
701591,532622,54487,2024-06-26,Changed Mind,
701592,532622,54489,2024-06-12,Wrong Product,
701593,532622,54490,2024-06-15,Damaged Product,
701594,532697,54597,2024-09-25,Wrong Product,
701595,532725,54643,2024-01-22,Quality Issue,
701596,532763,54711,2025-04-19,Late Delivery,
701597,532778,54735,2025-07-15,Other,
701598,532912,54960,2024-12-20,Damaged Product,
701599,532912,54961,2024-12-08,Quality Issue,
701600,532942,55007,2024-07-31,Changed Mind,
701601,532942,55009,2024-08-10,Damaged Product,
701602,532955,55029,2024-05-05,Changed Mind,
701603,532955,55030,2024-05-05,Damaged Product,
701604,532970,55057,2025-06-24,Wrong Product,
701605,532977,55067,2024-10-17,Changed Mind,
701606,532987,55083,2024-09-11,Damaged Product,
701607,532993,55091,2024-06-20,Late Delivery,
701608,532993,55092,2024-06-16,Wrong Product,
701609,533066,55205,2025-03-16,Wrong Product,
701610,533135,55324,2025-06-24,Damaged Product,
701611,533148,55345,2024-12-21,Changed Mind,
701612,533151,55351,2024-02-29,Damaged Product,
701613,533151,55352,2024-02-25,Other,
701614,533164,55375,2025-01-25,Damaged Product,
701615,533215,55462,2024-03-15,Damaged Product,
701616,533223,55475,2025-02-17,Late Delivery,
701617,533223,55476,2025-03-01,Wrong Product,
701618,533223,55477,2025-02-28,Wrong Product,
701619,533293,55602,2025-04-13,Changed Mind,
701620,533357,55714,2024-05-07,Late Delivery,
701621,533368,55731,2024-12-02,Changed Mind,
701622,533397,55777,2024-08-13,Quality Issue,
701623,533411,55804,2025-03-15,Quality Issue,
701624,533411,55805,2025-03-19,Changed Mind,
701625,533438,55858,2025-03-03,Wrong Product,
701626,533438,55859,2025-03-03,Changed Mind,
701627,533438,55860,2025-02-28,Damaged Product,
701628,533439,55862,2024-08-07,Quality Issue,
701629,533439,55863,2024-07-24,Wrong Product,
701630,533442,55868,2025-01-08,Other,
701631,533442,55870,2025-01-17,Quality Issue,
701632,533453,55892,2025-02-10,Other,
701633,533453,55893,2025-02-02,Late Delivery,
701634,533453,55894,2025-02-02,Late Delivery,
701635,533454,55896,2024-06-30,Quality Issue,
701636,533454,55897,2024-07-08,Wrong Product,
701637,533478,55930,2024-07-18,Changed Mind,
701638,533497,55968,2025-06-20,Wrong Product,
701639,533497,55969,2025-06-23,Late Delivery,
701640,533497,55970,2025-06-29,Other,
701641,533497,55971,2025-06-28,Late Delivery,
701642,533535,56041,2024-09-17,Quality Issue,
701643,533535,56042,2024-09-04,Damaged Product,
701644,533536,56043,2024-05-20,Late Delivery,
701645,533568,56089,2025-02-28,Changed Mind,
701646,533605,56149,2024-09-02,Damaged Product,
701647,533649,56220,2025-02-20,Changed Mind,
701648,533680,56274,2025-03-05,Changed Mind,
701649,533718,56330,2024-03-09,Wrong Product,
701650,533741,56370,2025-05-24,Quality Issue,
701651,533774,56419,2024-09-26,Changed Mind,
701652,533778,56427,2024-11-14,Other,
701653,533778,56428,2024-11-06,Damaged Product,
701654,533855,56556,2024-09-27,Changed Mind,
701655,533871,56589,2025-04-11,Damaged Product,
701656,533871,56590,2025-04-09,Quality Issue,
701657,533871,56591,2025-04-20,Damaged Product,
701658,533889,56623,2024-06-15,Damaged Product,
701659,533925,56690,2024-12-13,Wrong Product,
701660,533926,56691,2024-04-12,Quality Issue,
701661,533926,56693,2024-04-13,Quality Issue,
701662,533945,56719,2025-03-19,Other,
701663,533945,56720,2025-03-07,Quality Issue,
701664,533983,56774,2025-02-14,Damaged Product,
701665,533986,56779,2024-08-10,Damaged Product,
701666,533986,56780,2024-08-10,Changed Mind,
701667,534112,56978,2025-01-09,Damaged Product,
701668,534112,56979,2025-01-09,Late Delivery,
701669,534162,57055,2024-07-18,Wrong Product,
701670,534162,57056,2024-07-29,Damaged Product,
701671,534162,57057,2024-07-27,Wrong Product,
701672,534171,57073,2025-04-02,Late Delivery,
701673,534267,57248,2024-03-22,Quality Issue,
701674,534267,57249,2024-04-02,Changed Mind,
701675,534302,57304,2024-02-28,Damaged Product,
701676,534321,57338,2025-01-23,Damaged Product,
701677,534326,57346,2025-06-14,Damaged Product,
701678,534363,57411,2024-04-22,Wrong Product,
701679,534463,57584,2024-04-27,Late Delivery,
701680,534490,57627,2024-04-02,Quality Issue,
701681,534508,57657,2024-10-20,Damaged Product,
701682,534512,57669,2024-12-11,Quality Issue,
701683,534543,57713,2024-04-27,Wrong Product,
701684,534554,57731,2025-05-12,Damaged Product,
701685,534575,57773,2024-03-23,Quality Issue,
701686,534584,57784,2024-06-17,Wrong Product,
701687,534615,57833,2024-04-27,Changed Mind,
701688,534621,57840,2024-03-11,Wrong Product,
701689,534621,57841,2024-03-17,Wrong Product,
701690,534683,57947,2024-09-04,Quality Issue,
701691,534707,57985,2024-12-17,Damaged Product,
701692,534713,57996,2025-04-18,Changed Mind,
701693,534713,57997,2025-04-17,Wrong Product,
701694,534724,58014,2025-01-19,Changed Mind,
701695,534737,58035,2025-05-29,Damaged Product,
701696,534738,58038,2025-03-08,Damaged Product,
701697,534789,58113,2024-02-07,Damaged Product,
701698,534813,58152,2025-03-31,Late Delivery,
701699,534962,58417,2024-03-27,Changed Mind,
701700,534966,58424,2025-05-30,Damaged Product,
701701,534966,58425,2025-05-30,Late Delivery,
701702,534966,58427,2025-05-27,Changed Mind,
701703,534976,58444,2025-01-19,Other,
701704,534984,58454,2024-11-19,Quality Issue,
701705,534984,58455,2024-12-01,Changed Mind,
701706,535092,58632,2025-04-05,Damaged Product,
701707,535092,58633,2025-04-20,Other,
701708,535092,58634,2025-04-11,Other,
701709,535103,58655,2025-02-19,Damaged Product,
701710,535105,58658,2025-03-05,Changed Mind,
701711,535111,58666,2024-02-27,Quality Issue,
701712,535111,58667,2024-02-22,Damaged Product,
701713,535111,58668,2024-02-23,Damaged Product,
701714,535167,58765,2025-01-04,Wrong Product,
701715,535229,58870,2025-03-17,Quality Issue,
701716,535249,58904,2024-10-17,Damaged Product,
701717,535249,58905,2024-10-28,Quality Issue,
701718,535265,58925,2025-03-07,Changed Mind,
701719,535340,59047,2025-05-04,Wrong Product,
701720,535366,59092,2024-07-10,Changed Mind,
701721,535426,59183,2024-07-28,Quality Issue,
701722,535426,59184,2024-07-28,Quality Issue,
701723,535432,59191,2024-09-01,Quality Issue,
701724,535433,59193,2024-12-18,Changed Mind,
701725,535442,59206,2024-04-15,Quality Issue,
701726,535442,59207,2024-04-05,Damaged Product,
701727,535453,59225,2025-02-18,Damaged Product,
701728,535464,59242,2024-01-09,Wrong Product,
701729,535580,59450,2024-05-27,Quality Issue,
701730,535593,59472,2025-04-20,Wrong Product,
701731,535639,59555,2024-06-28,Late Delivery,
701732,535679,59615,2025-02-23,Changed Mind,
701733,535679,59616,2025-02-28,Wrong Product,
701734,535686,59630,2024-12-23,Wrong Product,
701735,535691,59638,2024-08-19,Damaged Product,
701736,535722,59687,2025-05-23,Wrong Product,
701737,535752,59741,2024-11-17,Quality Issue,
701738,535752,59742,2024-11-04,Quality Issue,
701739,535752,59743,2024-11-03,Damaged Product,
701740,535753,59744,2024-08-09,Changed Mind,
701741,535761,59757,2024-07-19,Quality Issue,
701742,535761,59758,2024-07-17,Wrong Product,
701743,535761,59759,2024-07-12,Damaged Product,
701744,535775,59775,2024-05-04,Quality Issue,
701745,535775,59776,2024-05-07,Changed Mind,
701746,535825,59845,2024-11-08,Wrong Product,
701747,535847,59880,2024-03-11,Damaged Product,
701748,535969,60071,2025-03-28,Quality Issue,
701749,535969,60072,2025-03-27,Damaged Product,
701750,535970,60076,2024-08-17,Late Delivery,
701751,535970,60077,2024-08-24,Changed Mind,
701752,536004,60133,2025-03-06,Late Delivery,
701753,536004,60134,2025-03-12,Quality Issue,
701754,536031,60180,2024-05-08,Changed Mind,
701755,536031,60181,2024-05-10,Damaged Product,
701756,536078,60256,2025-04-29,Other,
701757,536078,60257,2025-04-22,Late Delivery,
701758,536078,60258,2025-05-09,Damaged Product,
701759,536135,60356,2024-04-07,Late Delivery,
701760,536135,60357,2024-04-02,Changed Mind,
701761,536155,60389,2024-08-17,Changed Mind,
701762,536155,60390,2024-08-21,Wrong Product,
701763,536157,60392,2024-03-30,Damaged Product,
701764,536166,60404,2024-06-13,Wrong Product,
701765,536208,60472,2024-06-24,Quality Issue,
701766,536219,60488,2024-05-25,Damaged Product,
701767,536249,60536,2024-07-30,Quality Issue,
701768,536332,60674,2024-03-08,Wrong Product,
701769,536360,60716,2025-01-04,Damaged Product,
701770,536360,60717,2024-12-31,Late Delivery,
701771,536379,60745,2024-12-01,Wrong Product,
701772,536433,60831,2025-01-20,Quality Issue,
701773,536442,60845,2024-03-01,Wrong Product,
701774,536442,60846,2024-02-23,Changed Mind,
701775,536442,60847,2024-02-18,Other,
701776,536474,60906,2024-05-22,Wrong Product,
701777,536474,60907,2024-05-25,Late Delivery,
701778,536488,60931,2024-08-14,Damaged Product,
701779,536488,60932,2024-08-15,Quality Issue,
701780,536519,60981,2024-07-30,Damaged Product,
701781,536546,61031,2024-10-25,Other,
701782,536560,61056,2024-06-15,Late Delivery,
701783,536571,61074,2024-05-11,Late Delivery,
701784,536646,61211,2024-12-23,Damaged Product,
701785,536715,61328,2024-02-20,Wrong Product,
701786,536715,61329,2024-02-29,Damaged Product,
701787,536734,61359,2024-04-05,Damaged Product,
701788,536749,61383,2024-02-04,Wrong Product,
701789,536764,61410,2024-04-20,Damaged Product,
701790,536864,61578,2024-05-29,Other,
701791,536866,61581,2025-03-31,Changed Mind,
701792,536867,61582,2025-01-30,Late Delivery,
701793,536912,61658,2024-09-05,Quality Issue,
701794,536928,61684,2025-04-24,Changed Mind,
701795,536965,61747,2024-11-01,Damaged Product,
701796,536991,61791,2024-01-21,Damaged Product,
701797,537024,61842,2024-04-08,Quality Issue,
701798,537024,61843,2024-03-28,Wrong Product,
701799,537048,61880,2025-05-02,Damaged Product,
701800,537051,61885,2024-05-04,Wrong Product,
701801,537124,62021,2025-06-10,Damaged Product,
701802,537124,62022,2025-05-28,Damaged Product,
701803,537145,62050,2024-03-04,Changed Mind,
701804,537183,62113,2024-04-14,Other,
701805,537201,62144,2024-07-03,Late Delivery,
701806,537201,62145,2024-06-30,Damaged Product,
701807,537217,62169,2025-03-01,Changed Mind,
701808,537217,62171,2025-03-06,Wrong Product,
701809,537252,62221,2025-04-01,Wrong Product,
701810,537252,62222,2025-04-14,Quality Issue,
701811,537292,62286,2025-05-17,Damaged Product,
701812,537292,62287,2025-06-03,Changed Mind,
701813,537335,62349,2025-03-08,Wrong Product,
701814,537347,62364,2024-02-16,Damaged Product,
701815,537364,62396,2024-02-01,Late Delivery,
701816,537364,62397,2024-01-26,Quality Issue,
701817,537364,62398,2024-02-03,Wrong Product,
701818,537378,62418,2025-04-15,Damaged Product,
701819,537388,62435,2024-04-20,Quality Issue,
701820,537388,62436,2024-04-24,Late Delivery,
701821,537400,62455,2025-03-06,Damaged Product,
701822,537400,62456,2025-03-08,Other,
701823,537411,62474,2025-06-01,Damaged Product,
701824,537426,62495,2024-04-30,Changed Mind,
701825,537450,62537,2024-08-19,Wrong Product,
701826,537493,62613,2024-02-06,Late Delivery,
701827,537493,62614,2024-02-17,Quality Issue,
701828,537493,62615,2024-02-03,Wrong Product,
701829,537565,62742,2025-03-14,Quality Issue,
701830,537580,62769,2024-11-13,Changed Mind,
701831,537654,62892,2025-02-19,Damaged Product,
701832,537654,62894,2025-02-26,Damaged Product,
701833,537669,62924,2025-05-02,Quality Issue,
701834,537690,62958,2025-02-04,Late Delivery,
701835,537697,62969,2025-04-27,Quality Issue,
701836,537697,62970,2025-04-11,Wrong Product,
701837,537741,63045,2024-08-03,Wrong Product,
701838,537741,63046,2024-08-15,Damaged Product,
701839,537741,63047,2024-08-15,Late Delivery,
701840,537805,63154,2024-02-23,Late Delivery,
701841,537805,63155,2024-02-16,Changed Mind,
701842,537869,63274,2024-11-24,Late Delivery,
701843,537916,63362,2025-02-18,Changed Mind,
701844,537916,63363,2025-02-16,Damaged Product,
701845,537919,63368,2024-06-10,Damaged Product,
701846,537947,63410,2025-04-04,Damaged Product,
701847,537955,63423,2024-10-30,Wrong Product,
701848,537955,63424,2024-11-06,Changed Mind,
701849,537970,63448,2024-08-21,Late Delivery,
701850,538070,63618,2025-01-10,Quality Issue,
701851,538117,63695,2024-11-18,Wrong Product,
701852,538156,63759,2024-09-29,Wrong Product,
701853,538285,63982,2024-06-25,Late Delivery,
701854,538285,63983,2024-07-04,Other,
701855,538290,63990,2025-04-27,Wrong Product,
701856,538290,63992,2025-04-12,Damaged Product,
701857,538309,64025,2025-06-10,Other,
701858,538330,64053,2024-08-31,Changed Mind,
701859,538330,64055,2024-08-23,Quality Issue,
701860,538335,64067,2024-06-15,Changed Mind,
701861,538335,64068,2024-06-20,Damaged Product,
701862,538348,64092,2025-05-07,Damaged Product,
701863,538351,64102,2024-03-05,Changed Mind,
701864,538351,64103,2024-02-24,Changed Mind,
701865,538352,64104,2024-07-08,Quality Issue,
701866,538371,64138,2025-04-18,Late Delivery,
701867,538371,64139,2025-04-14,Damaged Product,
701868,538384,64162,2024-11-13,Late Delivery,
701869,538384,64163,2024-11-30,Changed Mind,
701870,538384,64164,2024-11-20,Changed Mind,
701871,538390,64175,2024-09-23,Quality Issue,
701872,538390,64176,2024-09-26,Changed Mind,
701873,538397,64185,2024-01-29,Damaged Product,
701874,538397,64186,2024-01-22,Quality Issue,
701875,538463,64288,2024-05-04,Late Delivery,
701876,538463,64289,2024-05-14,Late Delivery,
701877,538582,64492,2025-03-10,Changed Mind,
701878,538582,64493,2025-03-10,Changed Mind,
701879,538676,64647,2024-10-13,Wrong Product,
701880,538676,64648,2024-09-30,Damaged Product,
701881,538685,64663,2025-05-02,Damaged Product,
701882,538685,64664,2025-05-05,Damaged Product,
701883,538685,64665,2025-05-08,Late Delivery,
701884,538698,64686,2024-07-12,Late Delivery,
701885,538795,64851,2024-01-22,Late Delivery,
701886,538795,64852,2024-01-19,Wrong Product,
701887,538795,64853,2024-01-21,Damaged Product,
701888,538851,64939,2024-02-18,Wrong Product,
701889,538864,64963,2024-10-10,Quality Issue,
701890,538896,65016,2025-05-14,Changed Mind,
701891,538898,65020,2024-02-08,Changed Mind,
701892,538898,65021,2024-02-01,Damaged Product,
701893,538941,65108,2024-03-06,Quality Issue,
701894,538941,65109,2024-02-22,Changed Mind,
701895,538944,65117,2025-03-05,Changed Mind,
701896,538944,65118,2025-03-07,Quality Issue,
701897,538948,65122,2024-09-07,Quality Issue,
701898,538948,65123,2024-08-28,Wrong Product,
701899,539098,65398,2024-10-08,Changed Mind,
701900,539113,65419,2025-06-15,Damaged Product,
701901,539119,65425,2024-10-14,Damaged Product,
701902,539182,65530,2024-06-18,Quality Issue,
701903,539232,65612,2024-10-14,Damaged Product,
701904,539243,65627,2024-05-15,Changed Mind,
701905,539243,65628,2024-05-14,Damaged Product,
701906,539248,65637,2024-02-25,Quality Issue,
701907,539250,65641,2024-10-10,Quality Issue,
701908,539250,65642,2024-10-26,Quality Issue,
701909,539252,65646,2025-05-17,Quality Issue,
701910,539252,65647,2025-05-05,Damaged Product,
701911,539306,65731,2024-08-02,Quality Issue,
701912,539335,65781,2024-10-25,Damaged Product,
701913,539336,65782,2024-06-15,Quality Issue,
701914,539375,65855,2024-09-02,Quality Issue,
701915,539377,65857,2024-08-21,Late Delivery,
701916,539405,65903,2024-07-05,Quality Issue,
701917,539409,65911,2024-09-09,Quality Issue,
701918,539409,65912,2024-09-16,Quality Issue,
701919,539426,65934,2024-05-14,Quality Issue,
701920,539426,65935,2024-05-04,Changed Mind,
701921,539426,65936,2024-05-12,Quality Issue,
701922,539432,65945,2024-08-07,Damaged Product,
701923,539470,66009,2025-03-05,Other,
701924,539486,66035,2024-08-22,Quality Issue,
701925,539502,66060,2025-01-23,Changed Mind,
701926,539502,66061,2025-01-15,Late Delivery,
701927,539502,66062,2025-01-27,Late Delivery,
701928,539506,66069,2024-12-02,Wrong Product,
701929,539506,66070,2024-11-20,Quality Issue,
701930,539535,66115,2024-01-16,Changed Mind,
701931,539539,66119,2025-03-25,Changed Mind,
701932,539657,66326,2024-02-26,Damaged Product,
701933,539657,66327,2024-03-02,Damaged Product,
701934,539694,66389,2024-03-06,Other,
701935,539715,66430,2024-10-19,Wrong Product,
701936,539727,66449,2024-12-15,Changed Mind,
701937,539811,66590,2024-07-19,Late Delivery,
701938,539811,66592,2024-07-23,Late Delivery,
701939,539811,66593,2024-07-24,Quality Issue,
701940,539841,66651,2024-05-23,Quality Issue,
701941,539916,66784,2024-04-17,Quality Issue,
701942,539934,66814,2024-07-07,Late Delivery,
701943,539934,66815,2024-07-06,Damaged Product,
701944,539936,66818,2025-04-26,Wrong Product,
701945,539936,66819,2025-04-26,Changed Mind,
701946,539936,66820,2025-04-29,Wrong Product,
701947,539996,66920,2025-04-09,Wrong Product,
701948,540021,66953,2025-07-01,Wrong Product,
701949,540041,66983,2025-03-28,Damaged Product,
701950,540041,66984,2025-03-31,Quality Issue,
701951,540041,66985,2025-03-27,Wrong Product,
701952,540096,67070,2024-04-25,Wrong Product,
701953,540100,67077,2024-04-03,Damaged Product,
701954,540121,67114,2025-03-11,Changed Mind,
701955,540177,67205,2024-03-07,Changed Mind,
701956,540235,67297,2024-09-13,Changed Mind,
701957,540235,67298,2024-09-15,Wrong Product,
701958,540281,67369,2024-03-27,Wrong Product,
701959,540323,67432,2024-02-11,Quality Issue,
701960,540348,67472,2024-09-18,Changed Mind,
701961,540382,67530,2024-01-23,Wrong Product,
701962,540415,67589,2024-03-13,Wrong Product,
701963,540428,67614,2025-05-10,Quality Issue,
701964,540496,67732,2025-06-27,Damaged Product,
701965,540506,67749,2025-06-21,Wrong Product,
701966,540506,67750,2025-07-04,Wrong Product,
701967,540534,67795,2025-06-04,Damaged Product,
701968,540588,67888,2024-11-10,Quality Issue,
701969,540588,67889,2024-10-25,Changed Mind,
701970,540633,67965,2024-05-15,Wrong Product,
701971,540638,67972,2024-06-24,Damaged Product,
701972,540656,68001,2024-12-28,Wrong Product,
701973,540753,68164,2024-12-24,Late Delivery,
701974,540758,68174,2024-10-10,Quality Issue,
701975,540795,68238,2024-09-09,Other,
701976,540841,68309,2024-08-06,Other,
701977,540873,68361,2025-03-27,Damaged Product,
701978,540924,68449,2024-02-23,Late Delivery,
701979,540924,68450,2024-02-14,Wrong Product,
701980,540943,68483,2024-10-23,Quality Issue,
701981,541000,68591,2025-02-14,Quality Issue,
701982,541038,68649,2024-11-09,Damaged Product,
701983,541092,68744,2024-07-21,Wrong Product,
701984,541116,68788,2025-01-16,Quality Issue,
701985,541120,68796,2025-01-30,Quality Issue,
701986,541123,68801,2025-06-02,Damaged Product,
701987,541145,68837,2024-07-11,Other,
701988,541155,68851,2025-04-21,Damaged Product,
701989,541159,68859,2024-06-29,Late Delivery,
701990,541204,68923,2024-09-20,Quality Issue,
701991,541247,68995,2025-07-06,Late Delivery,
701992,541247,68996,2025-06-29,Damaged Product,
701993,541257,69014,2024-06-10,Late Delivery,
701994,541257,69015,2024-06-15,Damaged Product,
701995,541306,69098,2025-02-25,Changed Mind,
701996,541424,69281,2025-04-29,Wrong Product,
701997,541470,69365,2024-10-20,Quality Issue,
701998,541494,69404,2024-05-07,Damaged Product,
701999,541539,69481,2025-05-22,Wrong Product,
702000,541539,69482,2025-05-13,Other,
702001,541592,69570,2025-02-17,Wrong Product,
702002,541613,69601,2025-01-16,Other,
702003,541631,69629,2024-04-30,Other,
702004,541631,69630,2024-04-25,Late Delivery,
702005,541665,69685,2025-03-10,Late Delivery,
702006,541665,69686,2025-03-04,Wrong Product,
702007,541665,69687,2025-03-08,Quality Issue,
702008,541725,69787,2024-05-14,Late Delivery,
702009,541770,69855,2024-02-11,Changed Mind,
702010,541830,69954,2024-05-07,Damaged Product,
702011,541846,69979,2024-04-20,Late Delivery,
702012,541867,70016,2024-10-28,Changed Mind,
702013,541874,70027,2024-12-26,Other,
702014,541910,70079,2024-01-14,Changed Mind,
702015,541910,70080,2024-01-13,Other,
702016,541949,70145,2024-11-18,Damaged Product,
702017,541972,70193,2024-04-09,Damaged Product,
702018,541972,70194,2024-04-12,Other,
702019,541997,70232,2025-07-04,Changed Mind,
702020,541997,70233,2025-07-11,Changed Mind,
702021,542039,70315,2024-06-23,Quality Issue,
702022,542039,70316,2024-06-16,Quality Issue,
702023,542184,70572,2025-03-06,Other,
702024,542184,70573,2025-03-13,Late Delivery,
702025,542186,70575,2024-05-27,Other,
702026,542186,70576,2024-06-04,Wrong Product,
702027,542229,70641,2025-03-10,Damaged Product,
702028,542244,70660,2024-07-23,Quality Issue,
702029,542244,70661,2024-08-08,Late Delivery,
702030,542249,70668,2025-06-14,Wrong Product,
702031,542321,70780,2025-03-06,Damaged Product,
702032,542326,70785,2024-01-10,Wrong Product,
702033,542358,70842,2024-07-10,Other,
702034,542383,70886,2024-05-10,Damaged Product,
702035,542384,70887,2024-10-23,Other,
702036,542384,70888,2024-11-05,Changed Mind,
702037,542403,70918,2024-03-11,Other,
702038,542499,71084,2025-03-21,Quality Issue,
702039,542526,71133,2024-04-03,Other,
702040,542566,71209,2024-08-15,Late Delivery,
702041,542600,71268,2024-10-30,Other,
702042,542648,71347,2024-06-12,Damaged Product,
702043,542648,71348,2024-06-17,Wrong Product,
702044,542679,71391,2024-01-13,Other,
702045,542732,71482,2024-02-05,Quality Issue,
702046,542732,71483,2024-02-14,Changed Mind,
702047,542744,71502,2025-05-19,Other,
702048,542744,71503,2025-05-18,Quality Issue,
702049,542768,71542,2024-01-29,Wrong Product,
702050,542833,71650,2025-02-15,Late Delivery,
702051,542847,71670,2025-03-22,Changed Mind,
702052,542914,71777,2024-09-30,Quality Issue,
702053,542936,71821,2024-08-10,Other,
702054,542965,71863,2024-05-23,Quality Issue,
702055,542965,71864,2024-05-17,Late Delivery,
702056,543006,71930,2025-04-14,Late Delivery,
702057,543006,71931,2025-03-28,Quality Issue,
702058,543012,71940,2025-05-07,Changed Mind,
702059,543012,71941,2025-05-03,Wrong Product,
702060,543012,71942,2025-05-15,Wrong Product,
702061,543043,71993,2025-04-15,Damaged Product,
702062,543051,72006,2024-01-30,Other,
702063,543051,72007,2024-02-02,Changed Mind,
702064,543060,72019,2025-06-24,Changed Mind,
702065,543105,72088,2024-04-22,Changed Mind,
702066,543135,72140,2025-07-05,Other,
702067,543135,72141,2025-07-09,Late Delivery,
702068,543245,72344,2024-05-13,Quality Issue,
702069,543256,72363,2024-03-25,Quality Issue,
702070,543256,72364,2024-03-19,Damaged Product,
702071,543289,72416,2024-01-16,Quality Issue,
702072,543309,72449,2024-06-18,Wrong Product,
702073,543310,72450,2024-06-17,Damaged Product,
702074,543320,72466,2024-06-26,Damaged Product,
702075,543368,72545,2025-06-23,Changed Mind,
702076,543368,72546,2025-06-30,Late Delivery,
702077,543388,72581,2024-08-11,Damaged Product,
702078,543412,72614,2024-02-14,Damaged Product,
702079,543412,72615,2024-02-13,Wrong Product,
702080,543413,72616,2024-03-23,Wrong Product,
702081,543414,72617,2024-09-28,Other,
702082,543417,72622,2024-08-25,Changed Mind,
702083,543417,72623,2024-09-09,Wrong Product,
702084,543432,72650,2024-10-18,Damaged Product,
702085,543432,72651,2024-10-16,Quality Issue,
702086,543483,72728,2025-07-03,Changed Mind,
702087,543486,72734,2024-01-28,Quality Issue,
702088,543529,72803,2024-02-22,Quality Issue,
702089,543536,72817,2024-10-29,Changed Mind,
702090,543554,72850,2024-11-13,Late Delivery,
702091,543571,72878,2025-01-10,Changed Mind,
702092,543572,72879,2024-05-08,Wrong Product,
702093,543632,72998,2024-10-15,Quality Issue,
702094,543636,73005,2024-04-15,Wrong Product,
702095,543637,73007,2024-02-18,Damaged Product,
702096,543664,73064,2024-11-17,Other,
702097,543713,73149,2025-07-01,Late Delivery,
702098,543721,73162,2025-06-23,Changed Mind,
702099,543721,73163,2025-07-01,Wrong Product,
702100,543731,73181,2025-01-07,Wrong Product,
702101,543731,73182,2024-12-27,Changed Mind,
702102,543741,73199,2024-06-16,Late Delivery,
702103,543765,73233,2024-12-02,Changed Mind,
702104,543765,73234,2024-11-29,Changed Mind,
702105,543769,73239,2024-06-28,Changed Mind,
702106,543801,73302,2025-04-24,Quality Issue,
702107,543801,73303,2025-04-11,Late Delivery,
702108,543849,73387,2025-06-18,Changed Mind,
702109,543911,73494,2024-06-10,Quality Issue,
702110,543911,73495,2024-06-07,Changed Mind,
702111,543916,73506,2025-03-28,Changed Mind,
702112,543917,73508,2024-07-04,Wrong Product,
702113,543917,73509,2024-06-27,Quality Issue,
702114,543917,73510,2024-06-23,Other,
702115,543960,73576,2024-04-06,Changed Mind,
702116,543965,73585,2024-02-13,Wrong Product,
702117,543974,73595,2024-12-03,Wrong Product,
702118,543975,73596,2024-08-14,Wrong Product,
702119,544008,73657,2024-11-09,Quality Issue,
702120,544018,73676,2024-08-03,Damaged Product,
702121,544018,73677,2024-08-10,Quality Issue,
702122,544050,73729,2024-12-21,Changed Mind,
702123,544060,73742,2024-12-25,Late Delivery,
702124,544067,73753,2024-03-27,Quality Issue,
702125,544120,73841,2025-02-16,Quality Issue,
702126,544208,73996,2024-11-17,Late Delivery,
702127,544208,73997,2024-11-22,Damaged Product,
702128,544214,74004,2024-06-21,Damaged Product,
702129,544239,74053,2024-10-16,Other,
702130,544239,74054,2024-10-28,Late Delivery,
702131,544257,74079,2024-12-21,Late Delivery,
702132,544265,74094,2025-02-11,Quality Issue,
702133,544281,74118,2024-05-17,Quality Issue,
702134,544281,74119,2024-04-29,Other,
702135,544295,74144,2025-02-05,Damaged Product,
702136,544295,74146,2025-02-12,Wrong Product,
702137,544375,74275,2024-04-18,Late Delivery,
702138,544453,74409,2025-01-13,Changed Mind,
702139,544453,74410,2025-01-06,Changed Mind,
702140,544453,74411,2025-01-05,Changed Mind,
702141,544455,74413,2025-05-22,Changed Mind,
702142,544475,74446,2025-05-09,Quality Issue,
702143,544477,74449,2025-01-13,Damaged Product,
702144,544477,74450,2025-01-09,Damaged Product,
702145,544477,74451,2025-01-10,Damaged Product,
702146,544483,74462,2025-04-06,Changed Mind,
702147,544483,74463,2025-03-26,Damaged Product,
702148,544518,74520,2024-01-29,Quality Issue,
702149,544523,74531,2024-04-05,Quality Issue,
702150,544527,74536,2024-08-16,Quality Issue,
702151,544539,74555,2024-03-23,Changed Mind,
702152,544564,74594,2024-08-03,Quality Issue,
702153,544585,74637,2025-03-10,Quality Issue,
702154,544601,74665,2025-02-26,Late Delivery,
702155,544601,74666,2025-02-27,Damaged Product,
702156,544601,74667,2025-02-26,Quality Issue,
702157,544601,74668,2025-02-18,Damaged Product,
702158,544622,74710,2024-05-22,Quality Issue,
702159,544637,74738,2025-06-15,Changed Mind,
702160,544728,74884,2025-04-07,Other,
702161,544771,74948,2025-05-11,Wrong Product,
702162,544771,74949,2025-05-16,Late Delivery,
702163,544771,74950,2025-05-15,Other,
702164,544782,74966,2024-04-07,Damaged Product,
702165,544798,74993,2025-03-22,Wrong Product,
702166,544927,75205,2024-06-22,Other,
702167,545029,75371,2024-07-06,Changed Mind,
702168,545046,75400,2024-08-16,Changed Mind,
702169,545059,75427,2024-09-13,Wrong Product,
702170,545066,75437,2024-01-30,Quality Issue,
702171,545066,75438,2024-01-23,Late Delivery,
702172,545093,75492,2024-09-14,Quality Issue,
702173,545119,75541,2024-05-13,Quality Issue,
702174,545171,75622,2024-06-04,Damaged Product,
702175,545209,75684,2024-11-25,Damaged Product,
702176,545209,75685,2024-11-24,Changed Mind,
702177,545209,75686,2024-12-05,Quality Issue,
702178,545209,75687,2024-11-28,Wrong Product,
702179,545211,75690,2024-11-18,Damaged Product,
702180,545260,75768,2025-05-06,Changed Mind,
702181,545358,75931,2025-03-21,Quality Issue,
702182,545415,76033,2024-12-14,Quality Issue,
702183,545452,76099,2024-11-15,Quality Issue,
702184,545452,76100,2024-11-16,Wrong Product,
702185,545533,76230,2024-10-21,Wrong Product,
702186,545533,76231,2024-10-20,Late Delivery,
702187,545574,76294,2024-02-03,Changed Mind,
702188,545574,76295,2024-01-27,Wrong Product,
702189,545574,76296,2024-02-01,Quality Issue,
702190,545578,76300,2024-09-14,Changed Mind,
702191,545578,76301,2024-09-03,Damaged Product,
702192,545578,76302,2024-09-10,Damaged Product,
702193,545578,76303,2024-09-14,Late Delivery,
702194,545590,76319,2024-10-11,Wrong Product,
702195,545590,76320,2024-10-05,Wrong Product,
702196,545596,76329,2024-08-07,Changed Mind,
702197,545606,76343,2024-04-21,Late Delivery,
702198,545669,76455,2024-12-21,Damaged Product,
702199,545669,76456,2024-12-14,Wrong Product,
702200,545677,76473,2024-09-13,Late Delivery,
702201,545677,76474,2024-09-18,Quality Issue,
702202,545677,76475,2024-09-13,Quality Issue,
702203,545691,76494,2025-02-07,Quality Issue,
702204,545722,76540,2024-02-21,Wrong Product,
702205,545738,76565,2025-06-18,Quality Issue,
702206,545808,76670,2024-12-16,Late Delivery,
702207,545837,76724,2024-05-01,Late Delivery,
702208,545846,76741,2024-08-04,Wrong Product,
702209,545886,76811,2025-06-24,Quality Issue,
702210,545892,76819,2024-04-11,Damaged Product,
702211,545892,76820,2024-04-13,Changed Mind,
702212,545910,76845,2024-12-25,Damaged Product,
702213,545914,76850,2024-02-06,Changed Mind,
702214,545961,76935,2024-08-07,Quality Issue,
702215,545976,76959,2025-04-10,Late Delivery,
702216,545977,76960,2025-04-23,Changed Mind,
702217,545977,76961,2025-04-27,Wrong Product,
702218,546011,77007,2024-06-11,Late Delivery,
702219,546043,77063,2024-03-05,Wrong Product,
702220,546075,77120,2024-03-04,Other,
702221,546087,77138,2025-04-09,Wrong Product,
702222,546114,77191,2025-02-25,Wrong Product,
702223,546114,77192,2025-03-05,Wrong Product,
702224,546131,77226,2024-01-14,Wrong Product,
702225,546134,77230,2024-02-02,Late Delivery,
702226,546136,77233,2024-11-10,Quality Issue,
702227,546136,77234,2024-11-03,Damaged Product,
702228,546136,77236,2024-11-11,Quality Issue,
702229,546150,77261,2024-10-03,Other,
702230,546150,77263,2024-10-12,Late Delivery,
702231,546162,77283,2024-09-25,Late Delivery,
702232,546163,77285,2024-03-31,Damaged Product,
702233,546180,77312,2025-04-17,Changed Mind,
702234,546180,77313,2025-04-12,Other,
702235,546218,77377,2025-07-13,Quality Issue,
702236,546244,77419,2024-06-02,Changed Mind,
702237,546268,77461,2024-11-22,Damaged Product,
702238,546282,77487,2024-07-21,Changed Mind,
702239,546301,77516,2024-12-27,Damaged Product,
702240,546344,77587,2024-06-27,Quality Issue,
702241,546383,77657,2024-02-14,Quality Issue,
702242,546438,77758,2024-09-10,Damaged Product,
702243,546438,77759,2024-09-19,Changed Mind,
702244,546464,77800,2024-05-26,Other,
702245,546473,77811,2024-08-20,Quality Issue,
702246,546473,77812,2024-08-03,Damaged Product,
702247,546473,77813,2024-08-08,Quality Issue,
702248,546491,77836,2024-05-27,Wrong Product,
702249,546504,77853,2024-06-06,Quality Issue,
702250,546539,77916,2024-11-12,Quality Issue,
702251,546539,77917,2024-11-25,Quality Issue,
702252,546596,78005,2025-02-12,Late Delivery,
702253,546596,78006,2025-02-11,Damaged Product,
702254,546596,78007,2025-02-14,Wrong Product,
702255,546596,78008,2025-02-14,Late Delivery,
702256,546619,78045,2024-04-27,Wrong Product,
702257,546641,78077,2024-12-02,Changed Mind,
702258,546641,78078,2024-12-11,Changed Mind,
702259,546648,78087,2024-08-17,Changed Mind,
702260,546648,78088,2024-08-18,Other,
702261,546655,78101,2025-06-13,Changed Mind,
702262,546671,78135,2025-02-24,Quality Issue,
702263,546671,78136,2025-03-07,Wrong Product,
702264,546679,78150,2024-04-06,Quality Issue,
702265,546679,78151,2024-04-05,Wrong Product,
702266,546679,78153,2024-03-30,Quality Issue,
702267,546711,78208,2025-03-14,Wrong Product,
702268,546711,78209,2025-03-26,Damaged Product,
702269,546721,78226,2024-02-16,Quality Issue,
702270,546724,78232,2024-05-29,Other,
702271,546724,78233,2024-05-23,Late Delivery,
702272,546724,78234,2024-05-30,Changed Mind,
702273,546802,78348,2025-01-27,Changed Mind,
702274,546802,78349,2025-01-23,Late Delivery,
702275,546848,78421,2024-09-22,Quality Issue,
702276,546889,78479,2024-11-21,Changed Mind,
702277,546889,78480,2024-11-12,Changed Mind,
702278,546912,78521,2025-04-30,Damaged Product,
702279,546935,78562,2024-06-07,Damaged Product,
702280,547008,78692,2025-02-26,Damaged Product,
702281,547051,78767,2024-10-17,Wrong Product,
702282,547089,78834,2025-04-29,Quality Issue,
702283,547128,78893,2024-11-05,Changed Mind,
702284,547139,78914,2024-08-17,Quality Issue,
702285,547201,79004,2024-03-18,Quality Issue,
702286,547201,79005,2024-03-18,Late Delivery,
702287,547251,79079,2025-01-18,Quality Issue,
702288,547251,79080,2025-01-15,Quality Issue,
702289,547314,79184,2024-11-18,Quality Issue,
702290,547457,79440,2025-02-20,Changed Mind,
702291,547502,79528,2025-06-11,Quality Issue,
702292,547597,79688,2024-02-11,Quality Issue,
702293,547608,79707,2025-01-05,Damaged Product,
702294,547610,79711,2024-07-15,Damaged Product,
702295,547677,79830,2024-09-29,Wrong Product,
702296,547705,79874,2024-08-08,Other,
702297,547728,79910,2025-06-02,Other,
702298,547840,80108,2024-04-15,Quality Issue,
702299,547840,80109,2024-04-12,Quality Issue,
702300,547856,80134,2025-04-26,Damaged Product,
702301,547856,80135,2025-04-26,Wrong Product,
702302,547856,80136,2025-05-14,Changed Mind,
702303,547896,80199,2024-05-04,Changed Mind,
702304,547896,80201,2024-05-11,Wrong Product,
702305,547896,80202,2024-05-16,Late Delivery,
702306,547907,80224,2024-09-27,Wrong Product,
702307,547907,80225,2024-09-28,Wrong Product,
702308,547907,80226,2024-09-18,Quality Issue,
702309,547908,80227,2024-01-31,Quality Issue,
702310,547908,80228,2024-01-27,Damaged Product,
702311,547916,80238,2025-05-31,Late Delivery,
702312,547978,80337,2024-01-29,Late Delivery,
702313,547978,80338,2024-01-22,Late Delivery,
702314,548023,80404,2024-03-19,Late Delivery,
702315,548030,80417,2024-04-28,Other,
702316,548048,80446,2025-03-26,Changed Mind,
702317,548065,80469,2025-02-20,Quality Issue,
702318,548077,80491,2024-02-06,Damaged Product,
702319,548077,80492,2024-02-10,Changed Mind,
702320,548077,80493,2024-02-10,Quality Issue,
702321,548097,80533,2024-05-19,Quality Issue,
702322,548122,80566,2024-02-18,Wrong Product,
702323,548126,80576,2024-04-20,Changed Mind,
702324,548240,80781,2024-04-14,Damaged Product,
702325,548265,80824,2025-01-05,Quality Issue,
702326,548265,80827,2025-01-06,Other,
702327,548313,80909,2024-05-03,Changed Mind,
702328,548313,80910,2024-05-02,Changed Mind,
702329,548325,80929,2024-10-16,Changed Mind,
702330,548334,80945,2025-02-16,Damaged Product,
702331,548334,80946,2025-02-15,Wrong Product,
702332,548348,80964,2024-02-25,Quality Issue,
702333,548363,80993,2024-04-25,Late Delivery,
702334,548363,80994,2024-05-01,Other,
702335,548490,81190,2024-06-06,Damaged Product,
702336,548490,81191,2024-05-30,Damaged Product,
702337,548523,81255,2025-02-07,Late Delivery,
702338,548528,81262,2024-11-06,Changed Mind,
702339,548535,81277,2024-10-29,Quality Issue,
702340,548535,81278,2024-10-30,Damaged Product,
702341,548541,81290,2024-07-18,Damaged Product,
702342,548566,81333,2025-04-27,Wrong Product,
702343,548606,81398,2025-03-09,Quality Issue,
702344,548629,81435,2025-05-01,Other,
702345,548667,81507,2024-03-28,Changed Mind,
702346,548679,81525,2024-12-10,Damaged Product,
702347,548708,81580,2025-02-05,Other,
702348,548708,81581,2025-02-08,Quality Issue,
702349,548728,81616,2024-10-24,Quality Issue,
702350,548728,81617,2024-11-04,Changed Mind,
702351,548728,81618,2024-11-07,Late Delivery,
702352,548773,81691,2024-05-02,Changed Mind,
702353,548775,81693,2025-07-07,Late Delivery,
702354,548800,81731,2024-12-08,Damaged Product,
702355,548800,81732,2024-12-09,Other,
702356,548823,81765,2024-01-30,Changed Mind,
702357,548823,81766,2024-02-04,Changed Mind,
702358,548824,81767,2024-12-11,Damaged Product,
702359,548843,81792,2024-07-19,Quality Issue,
702360,548843,81793,2024-08-01,Quality Issue,
702361,548845,81797,2024-05-03,Wrong Product,
702362,548878,81858,2024-10-01,Quality Issue,
702363,548878,81859,2024-10-08,Damaged Product,
702364,548885,81867,2024-07-30,Quality Issue,
702365,548963,82005,2025-06-12,Changed Mind,
702366,548963,82006,2025-06-16,Changed Mind,
702367,548963,82007,2025-06-27,Damaged Product,
702368,548963,82008,2025-06-17,Quality Issue,
702369,549030,82116,2024-11-02,Changed Mind,
702370,549060,82170,2025-02-23,Changed Mind,
702371,549060,82171,2025-03-07,Damaged Product,
702372,549098,82231,2025-05-19,Damaged Product,
702373,549132,82289,2024-03-14,Changed Mind,
702374,549150,82316,2024-12-27,Wrong Product,
702375,549153,82319,2024-12-19,Changed Mind,
702376,549153,82321,2025-01-02,Damaged Product,
702377,549178,82360,2025-06-16,Damaged Product,
702378,549181,82365,2024-06-10,Changed Mind,
702379,549283,82514,2025-03-28,Changed Mind,
702380,549283,82515,2025-03-22,Quality Issue,
702381,549283,82517,2025-03-24,Other,
702382,549286,82522,2024-07-15,Quality Issue,
702383,549296,82539,2025-07-05,Damaged Product,
702384,549327,82590,2024-02-17,Quality Issue,
702385,549337,82607,2024-09-11,Wrong Product,
702386,549337,82609,2024-09-13,Changed Mind,
702387,549388,82697,2024-06-16,Changed Mind,
702388,549390,82700,2024-04-02,Late Delivery,
702389,549390,82701,2024-04-07,Wrong Product,
702390,549390,82702,2024-04-13,Late Delivery,
702391,549395,82710,2025-06-22,Quality Issue,
702392,549395,82711,2025-06-22,Changed Mind,
702393,549422,82758,2025-07-11,Wrong Product,
702394,549440,82786,2025-03-30,Other,
702395,549448,82804,2024-06-20,Late Delivery,
702396,549448,82805,2024-06-15,Wrong Product,
702397,549503,82895,2024-08-09,Wrong Product,
702398,549543,82962,2024-03-05,Changed Mind,
702399,549555,82979,2024-09-01,Quality Issue,
702400,549555,82980,2024-09-04,Changed Mind,
702401,549563,82994,2025-04-10,Quality Issue,
702402,549563,82995,2025-03-31,Other,
702403,549563,82997,2025-04-11,Wrong Product,
702404,549652,83141,2024-01-18,Wrong Product,
702405,549673,83176,2025-03-13,Damaged Product,
702406,549673,83177,2025-03-03,Quality Issue,
702407,549683,83196,2024-05-18,Wrong Product,
702408,549683,83197,2024-05-14,Changed Mind,
702409,549723,83257,2024-08-11,Quality Issue,
702410,549728,83266,2025-02-06,Late Delivery,
702411,549730,83269,2024-12-04,Changed Mind,
702412,549730,83270,2024-12-02,Quality Issue,
702413,549788,83369,2024-11-19,Quality Issue,
702414,549810,83401,2025-01-13,Quality Issue,
702415,549813,83408,2024-09-04,Quality Issue,
702416,549828,83433,2024-03-14,Wrong Product,
702417,549877,83518,2025-04-23,Damaged Product,
702418,549942,83627,2024-05-13,Damaged Product,
